open_time,gross_ret,funding_pnl,net_ret,fee_lag,turnover,short_capital,active_short_syms,regime_active,btc_90d_ret
2024-05-30,0.0,0.0,0.0,0.0,0.0,0.0,0,0,0.09565661710763629
2024-05-31,0.0,0.0,0.0,0.0,0.0,0.0,0,0,0.08926513421201498
2024-06-01,0.0,0.0,0.0,0.0,0.0,0.0,0,0,0.07313722231455322
2024-06-02,0.0,0.0,0.0,0.0,1.0,0.0,0,1,-0.007181930526352742
2024-06-03,-0.01607967347753316,0.00027462779596432825,-0.01660504568156883,0.0008,1.0,1.0,4,0,0.08006601053533147
2024-06-04,0.0,0.0,-0.0008,0.0008,0.0,0.0,0,0,0.06732236371527378
2024-06-05,0.0,0.0,0.0,0.0,0.0,0.0,0,0,0.06375504710632574
2024-06-06,0.0,0.0,0.0,0.0,0.0,0.0,0,0,0.03886465572116249
2024-06-07,0.0,0.0,0.0,0.0,0.0,0.0,0,0,0.014875636518963509
2024-06-08,0.0,0.0,0.0,0.0,0.0,0.0,0,0,0.004995521855951646
2024-06-09,0.0,0.0,0.0,0.0,1.0,0.0,0,1,-0.03446388132017986
2024-06-10,0.02913743735628886,0.0001751409938583857,0.028512578350147248,0.0008,0.006460465022624207,1.0,2,1,-0.027194587095402678
2024-06-11,0.053491088760740185,0.00017417192410499206,0.05366009231282708,5.168372018099366e-06,0.8835692086179394,0.9999999999999999,2,1,-0.07940777490304629
2024-06-12,-0.03944999889383946,0.00015497951108085664,-0.04000187474965296,0.0007068553668943515,0.8835692086179395,1.0,4,1,-0.04457599484994157
2024-06-13,0.08715011311929463,0.00018324241283539737,0.08662650016523567,0.0007068553668943516,0.04133388988472331,1.0,2,1,-0.03975862733313973
2024-06-14,0.04240909213493616,0.00018944249631810587,0.042565467519346485,3.3067111907778644e-05,1.0,1.0,2,0,0.010538476840446176
2024-06-15,0.0,0.0,-0.0008,0.0008,0.9999999999999999,0.0,0,1,-0.032640884526771385
2024-06-16,-0.02093581874574636,0.00016832536135195488,-0.021567493384394402,0.0007999999999999999,0.48745781609656047,0.9999999999999999,5,1,-0.01487437185929641
2024-06-17,0.05641807152701259,0.0002305627226656906,0.05625866799680103,0.0003899662528772484,1.0000000000000004,1.0000000000000004,6,0,0.07257870626600482
2024-06-18,0.0,0.0,-0.0008000000000000004,0.0008000000000000004,1.0,0.0,0,1,-0.04016712730787131
2024-06-19,-0.01437000567470625,5.270296814305603e-05,-0.015117302706563194,0.0008,0.34884313674136336,1.0,10,1,-0.00925085329699915
2024-06-20,-0.005021081641041746,0.00011370428459987823,-0.005186451865834958,0.0002790745093930907,1.0,1.0,12,0,0.01610628897314581
2024-06-21,0.0,0.0,-0.0008,0.0008,0.0,0.0,0,0,0.001619798720093435
2024-06-22,0.0,0.0,0.0,0.0,1.0,0.0,0,1,-0.04491316649048693
2024-06-23,0.023170218773049228,9.719796459861549e-05,0.022467416737647846,0.0008,0.0758812186215524,1.0,12,1,-0.09618924349797264
2024-06-24,-0.0022166732683006965,0.00012178888177890539,-0.002155589361419033,6.070497489724192e-05,0.1932887222702661,0.9999999999999999,12,1,-0.13949069229242728
2024-06-25,-0.032989601701674406,0.00015783298276359297,-0.03298639969672702,0.0001546309778162129,0.12655307879929556,1.0,13,1,-0.11152754247647867
2024-06-26,0.015231365936672589,0.000166080490602489,0.01529620396423564,0.00010124246303943646,0.15385703138371695,0.9999999999999997,12,1,-0.14086368044585795
2024-06-27,-0.035056292418444525,0.00017375816242759596,-0.035005619881123905,0.00012308562510697358,0.26711122423722555,0.9999999999999998,13,1,-0.11761339902379853
2024-06-28,0.031189731609489027,0.00021435385304840055,0.03119039648314765,0.00021368897938978045,0.08341153108039115,1.0,11,1,-0.13228061761491972
2024-06-29,-0.005678976746134633,0.00016016939549716908,-0.005585536575501777,6.672922486431292e-05,0.13917768084374288,1.0,11,1,-0.14546193405546293
2024-06-30,-0.03673683119878016,0.00019606979345945281,-0.0366521035499957,0.00011134214467499431,0.39478471332056586,1.0000000000000002,11,1,-0.09948350071736012
2024-07-01,-0.00020742658164793308,0.00020035103543805836,-0.0003229033168663274,0.0003158277706564527,0.29057124942254214,1.0,8,1,-0.04002271571918614
2024-07-02,-0.007706213491488988,0.0002144722394303862,-0.007724198251596636,0.00023245699953803372,0.2812714788459486,1.0000000000000002,10,1,-0.05833241122356636
2024-07-03,0.06741880386312954,0.00020156645187923924,0.06739535313193203,0.0002250171830767589,0.4829519980646608,1.0,8,1,-0.12092147893339011
2024-07-04,0.07863115533318897,0.00017424746944875603,0.078419041204186,0.00038636159845172865,0.24215125422038936,0.9999999999999999,12,1,-0.15893385545597016
2024-07-05,0.010151414635421097,-9.691387355059781e-05,0.009860779758494188,0.0001937210033763115,0.10451365579990973,0.9999999999999997,14,1,-0.17846755372879586
2024-07-06,-0.06250094656526804,-4.944902788805662e-06,-0.06258950239269678,8.36109246399278e-05,0.23442158757172707,1.0000000000000002,14,1,-0.16070164512050422
2024-07-07,0.07386080171327529,0.00010861120343038393,0.07378187564664829,0.00018753727005738167,0.1436305899546556,1.0,12,1,-0.2210917096363757
2024-07-08,-0.03677590624829373,4.89214877251414e-05,-0.036841889232532316,0.00011490447196372449,0.2175305476275912,0.9999999999999999,13,1,-0.18070568715104796
2024-07-09,-0.01215308608639953,5.962127164723813e-05,-0.012267489252854365,0.00017402443810207296,0.0676290229235812,1.0,11,1,-0.17909161777376603
2024-07-10,-0.008412397427262214,0.00012442845937458196,-0.008342072186226497,5.410321833886496e-05,0.17811909464692122,1.0,11,1,-0.17626973965002135
2024-07-11,0.001285995519082134,0.00013659626633621762,0.0012800965097008144,0.000142495275717537,0.3313562100780847,1.0,10,1,-0.14628279145143308
2024-07-12,-0.02109912156896307,9.901409161717069e-05,-0.02126519244540837,0.00026508496806246776,0.31451545573226647,1.0,8,1,-0.09492850294887212
2024-07-13,-0.019136385605689907,0.00014842985635714367,-0.019239568113918578,0.00025161236458581316,0.5680152051672985,0.9999999999999998,9,1,-0.09817589943900784
2024-07-14,-0.036897699365510434,0.00010944129474843177,-0.037242670234895844,0.00045441216413383886,0.5667964586056099,1.0,5,1,-0.0414353703186644
2024-07-15,-0.12041082964245539,1.8044670504766125e-05,-0.12084622213883511,0.00045343716688448795,1.0,1.0,3,0,0.014358974358974264
2024-07-16,0.0,0.0,-0.0008,0.0008,0.0,0.0,0,0,0.06130978132218856
2024-07-17,0.0,0.0,0.0,0.0,0.0,0.0,0,0,0.009625660020490034
2024-07-18,0.0,0.0,0.0,0.0,0.0,0.0,0,0,0.00270429583271925
2024-07-19,0.0,0.0,0.0,0.0,0.0,0.0,0,0,0.026668330837077647
2024-07-20,0.0,0.0,0.0,0.0,0.0,0.0,0,0,0.033629834577570517
2024-07-21,0.0,0.0,0.0,0.0,0.0,0.0,0,0,0.020365988798706214
2024-07-22,0.0,0.0,0.0,0.0,0.0,0.0,0,0,0.016764001006231544
2024-07-23,0.0,0.0,0.0,0.0,0.0,0.0,0,0,0.02593618677042797
2024-07-24,0.0,0.0,0.0,0.0,0.0,0.0,0,0,0.013523824885078417
2024-07-25,0.0,0.0,0.0,0.0,0.0,0.0,0,0,0.031752754561654495
2024-07-26,0.0,0.0,0.0,0.0,0.0,0.0,0,0,0.07034736128411723
2024-07-27,0.0,0.0,0.0,0.0,0.0,0.0,0,0,0.07585400145510346
2024-07-28,0.0,0.0,0.0,0.0,0.0,0.0,0,0,0.06849836472313076
2024-07-29,0.0,0.0,0.0,0.0,0.0,0.0,0,0,0.10055530640778754
2024-07-30,0.0,0.0,0.0,0.0,0.0,0.0,0,0,0.1346599757150011
2024-07-31,0.0,0.0,0.0,0.0,0.0,0.0,0,0,0.09426509273045425
2024-08-01,0.0,0.0,0.0,0.0,0.0,0.0,0,0,0.03938033878673819
2024-08-02,0.0,0.0,0.0,0.0,1.0,0.0,0,1,-0.03727440412625538
2024-08-03,0.024853203615708065,0.00010232840710326016,0.024155532022811326,0.0008,1.0,1.0,2,1,-0.051625304744639666
2024-08-04,0.0,0.0,-0.0008,0.0008,1.0,0.0,0,1,-0.0791586689218724
2024-08-05,0.1157719832273241,-6.663960956433576e-05,0.11490534361775977,0.0008,1.3012567692614612,1.0,3,1,-0.13312090663927056
2024-08-06,-0.05670760479825641,-0.00024228449558515074,-0.05799089470925073,0.0010410054154091689,1.097946011667884,1.0000000000000002,11,1,-0.08448131803086767
2024-08-07,0.047753995496926764,-0.00022707147622872483,0.046648567211363734,0.0008783568093343073,0.6849200851620602,1.0,4,1,-0.12604579532784244
2024-08-08,-0.12279856852494782,-0.00010849058241481273,-0.12345499517549229,0.0005479360681296481,1.0000000000000002,1.0,7,0,0.014506870073266676
2024-08-09,0.0,0.0,-0.0008000000000000003,0.0008000000000000003,1.0,0.0,0,1,-9.866928030621835e-06
2024-08-10,-0.000780263888112062,-6.82737774951199e-05,-0.001648537665607182,0.0008,0.18002767469204276,1.0,3,1,-0.009208243973717667
2024-08-11,0.038738548591914494,-0.00018177155043599085,0.03841275490172487,0.0001440221397536342,0.8075485268772459,1.0,3,1,-0.06706182117589465
2024-08-12,-0.04744089310385975,-9.492959409183694e-05,-0.04818186151945339,0.0006460388215017967,0.1395782522862372,1.0,6,1,-0.03618004727825119
2024-08-13,-0.0099919240590229,-0.00010320841797836637,-0.010206795078830256,0.00011166260182898975,0.2700180110124821,1.0,6,1,-0.08499986399779969
2024-08-14,0.01767861603773723,-4.1956119442852984e-05,0.01742064550948439,0.00021601440880998567,0.9733737679869725,1.0,5,1,-0.10073338986195468
2024-08-15,0.02444868447762287,6.738372864924744e-05,0.02373736919188254,0.0007786990143895781,0.1530828280000126,1.0,13,1,-0.1413705583756345
2024-08-16,-0.0006819730164998586,-0.00019282057395347965,-0.0009972598528533482,0.0001224662624000101,0.20217756338964427,1.0,14,1,-0.12005699343200027
2024-08-17,-0.01550026190013362,2.9590303977715815e-05,-0.01563241364686762,0.0001617420507117154,0.40577604938399314,0.9999999999999999,12,1,-0.10221861913000407
2024-08-18,0.008685560751498537,-2.1107523411653364e-05,0.00833983238857969,0.0003246208395071945,0.38882770832938834,1.0000000000000002,9,1,-0.18297384089048718
2024-08-19,-0.018720334740975723,-6.320955281081748e-05,-0.01909460646045005,0.0003110621666635107,0.13909768832643432,1.0000000000000002,12,1,-0.15349129527653316
2024-08-20,-0.012534175869151665,7.16605403465254e-05,-0.012573793479466288,0.00011127815066114746,0.1498117098172307,1.0,11,1,-0.14788114841134892
2024-08-21,-0.03997460626989437,6.64519362150464e-05,-0.04002800370153311,0.00011984936785378455,0.4196165843453107,1.0000000000000002,12,1,-0.10117514878698342
2024-08-22,-0.015266220539176954,5.730869380429415e-05,-0.015544605112848909,0.0003356932674762486,0.3811980292995598,1.0,9,1,-0.12005989726481803
2024-08-23,-0.07502701491737049,9.039887652934352e-05,-0.0752415744642808,0.00030495842343964785,1.0043393434641203,1.0,8,1,-0.0763838394330758
2024-08-24,-0.03482128804321778,5.9017100095009424e-05,-0.03556574241789407,0.0008034714747712963,0.8195259036160795,1.0,3,1,-0.0643246264463847
2024-08-25,0.004635223833684296,1.4623817107603129e-05,0.003994226927899035,0.0006556207228928636,1.0281567172723058,0.584718796785411,1,1,-0.07588941227959056
2024-08-26,0.03388731728594601,9.531340486236003e-05,0.033160105316990526,0.0008225253738178447,0.5603937585290095,1.0,4,1,-0.08230360678253379
2024-08-27,0.06980217648434982,0.0001541478487426879,0.0695080093262693,0.00044831500682320765,0.653090876433598,1.0000000000000002,6,1,-0.12265629732281225
2024-08-28,-0.0047953009264049724,-0.00014078282329583043,-0.005458556450847682,0.0005224727011468784,0.2753010223434464,0.9999999999999999,10,1,-0.13731223274003146
2024-08-29,0.004078086378064915,-0.00017775903316408044,0.0036800865270260777,0.00022024081787475712,0.25533971527367316,1.0,8,1,-0.12215088068732527
2024-08-30,-0.004340298901477172,-2.242443602890977e-05,-0.004566995109725021,0.00020427177221893854,0.4854206435128816,1.0000000000000002,9,1,-0.12836287153830717
2024-08-31,0.008887919414080854,3.7660990450330315e-05,0.008537243889720878,0.0003883365148103053,0.2668020709341431,1.0,6,1,-0.13072608725789336
2024-09-01,0.03615429653330003,-9.218952684591663e-05,0.03584866534970681,0.0002134416567473145,0.6154177885394558,1.0,5,1,-0.16823623049059278
2024-09-02,-0.04441252738973847,-0.00011138119435593316,-0.04501624281492597,0.0004923342308315647,1.0,1.0,3,1,-0.16248087276848966
2024-09-03,0.0,0.0,-0.0008,0.0008,0.0,0.0,0,1,-0.19233467307154317
2024-09-04,0.0,0.0,0.0,0.0,0.0,0.0,0,1,-0.18191726669490327
2024-09-05,0.0,0.0,0.0,0.0,0.0,0.0,0,1,-0.19071594332415642
2024-09-06,0.0,0.0,0.0,0.0,1.0,0.0,0,1,-0.2223443144210595
2024-09-07,-0.012510878752595028,-0.0001172636804069195,-0.013428142433001947,0.0008,0.5991694751681377,1.0,2,1,-0.22294885247125262
2024-09-08,-0.01331834630562919,0.00010822116167422723,-0.013689460724089475,0.00047933558013451015,0.019379931974028264,1.0,3,1,-0.21160688742026512
2024-09-09,-0.031433266347556846,-4.6229363460802193e-05,-0.03149499965659688,1.5503945579222612e-05,1.0182946758154212,1.0,3,1,-0.15315794399048133
2024-09-10,-0.0018203353329924018,6.322529824550687e-05,-0.002571745775399232,0.000814635740652337,0.7550190858073427,0.7550190858073427,1,1,-0.1561616105392829
2024-09-11,0.0,0.0,-0.0006040152686458742,0.0006040152686458742,0.6426323739584779,0.0,0,1,-0.1419574796853873
2024-09-12,-0.03341784511044841,4.060151338669664e-05,-0.0338913494962285,0.0005141058991667824,0.6426323739584779,0.6426323739584779,1,1,-0.12027159420772648
2024-09-13,0.0,0.0,-0.0005141058991667824,0.0005141058991667824,0.0,0.0,0,1,-0.08695330422556058
2024-09-14,0.0,0.0,0.0,0.0,0.0,0.0,0,1,-0.10036367127957091
2024-09-15,0.0,0.0,0.0,0.0,0.0,0.0,0,1,-0.11089765480555003
2024-09-16,0.0,0.0,0.0,0.0,0.0,0.0,0,1,-0.1068764389869532
2024-09-17,0.0,0.0,0.0,0.0,0.0,0.0,0,1,-0.07165165646136973
2024-09-18,0.0,0.0,0.0,0.0,0.0,0.0,0,1,-0.04808801307552346
2024-09-19,0.0,0.0,0.0,0.0,0.0,0.0,0,1,-0.01866851724783225
2024-09-20,0.0,0.0,0.0,0.0,0.0,0.0,0,1,-0.01656755915317565
2024-09-21,0.0,0.0,0.0,0.0,0.0,0.0,0,0,0.0019890845622034803
2024-09-22,0.0,0.0,0.0,0.0,0.0,0.0,0,0,0.054498155079504285
2024-09-23,0.0,0.0,0.0,0.0,0.0,0.0,0,0,0.024672293283347635
2024-09-24,0.0,0.0,0.0,0.0,0.0,0.0,0,0,0.055586500843738396
2024-09-25,0.0,0.0,0.0,0.0,0.0,0.0,0,0,0.02328718264647711
2024-09-26,0.0,0.0,0.0,0.0,0.0,0.0,0,0,0.07793174890534127
2024-09-27,0.0,0.0,0.0,0.0,0.0,0.0,0,0,0.07817337461300311
2024-09-28,0.0,0.0,0.0,0.0,0.0,0.0,0,0,0.04869833986553229
2024-09-29,0.0,0.0,0.0,0.0,0.0,0.0,0,0,0.042689985942280684
2024-09-30,0.0,0.0,0.0,0.0,0.0,0.0,0,0,0.019082925007565477
2024-10-01,0.0,0.0,0.0,0.0,0.0,0.0,0,0,0.009447249534945579
2024-10-02,0.0,0.0,0.0,0.0,0.0,0.0,0,0,0.06269863390708186
2024-10-03,0.0,0.0,0.0,0.0,0.0,0.0,0,0,0.07282585076556969
2024-10-04,0.0,0.0,0.0,0.0,0.0,0.0,0,0,0.06593376391370076
2024-10-05,0.0,0.0,0.0,0.0,0.0,0.0,0,0,0.11090990831242187
2024-10-06,0.0,0.0,0.0,0.0,0.0,0.0,0,0,0.10766074402325776
2024-10-07,0.0,0.0,0.0,0.0,0.0,0.0,0,0,0.07182471838850657
2024-10-08,0.0,0.0,0.0,0.0,0.0,0.0,0,0,0.0766752733637166
2024-10-09,0.0,0.0,0.0,0.0,0.0,0.0,0,0,0.05741727804869545
2024-10-10,0.0,0.0,0.0,0.0,0.0,0.0,0,0,0.04187316398824947
2024-10-11,0.0,0.0,0.0,0.0,0.0,0.0,0,0,0.05635921181600034
2024-10-12,0.0,0.0,0.0,0.0,0.0,0.0,0,0,0.039660336372313365
2024-10-13,0.0,0.0,0.0,0.0,1.0,0.0,0,1,-0.028459847311249398
2024-10-14,-0.03160270880361171,0.00028700000000000004,-0.03211570880361171,0.0008,1.0,1.0,1,0,0.01622673434856159
2024-10-15,0.0,0.0,-0.0008,0.0008,0.0,0.0,0,0,0.046653147182842636
2024-10-16,0.0,0.0,0.0,0.0,0.0,0.0,0,0,0.05678714319440781
2024-10-17,0.0,0.0,0.0,0.0,0.0,0.0,0,0,0.011610751652085805
2024-10-18,0.0,0.0,0.0,0.0,0.0,0.0,0,0,0.019557169173537448
2024-10-19,0.0,0.0,0.0,0.0,0.0,0.0,0,0,0.0032155331826588807
2024-10-20,0.0,0.0,0.0,0.0,0.0,0.0,0,0,0.02253211889918716
2024-10-21,0.0,0.0,0.0,0.0,0.0,0.0,0,0,0.02203397030177623
2024-10-22,0.0,0.0,0.0,0.0,0.0,0.0,0,0,0.03145485594667541
2024-10-23,0.0,0.0,0.0,0.0,0.0,0.0,0,0,0.0132911681084944
2024-10-24,0.0,0.0,0.0,0.0,0.0,0.0,0,0,0.004291238537178277
2024-10-25,0.0,0.0,0.0,0.0,1.0,0.0,0,1,-0.017841936063694663
2024-10-26,-0.01825624307310305,-5.845409298358688e-05,-0.019114697166086634,0.0008,0.2075167028201741,1.0,6,1,-0.016765984270437073
2024-10-27,-0.014638145556133469,0.00010886239740213647,-0.014695296520987472,0.0001660133622561393,1.0,1.0,7,0,0.01861573033707864
2024-10-28,0.0,0.0,-0.0008,0.0008,0.0,0.0,0,0,0.05714540510555577
2024-10-29,0.0,0.0,0.0,0.0,0.0,0.0,0,0,0.12596707831670328
2024-10-30,0.0,0.0,0.0,0.0,0.0,0.0,0,0,0.10745780198350197
2024-10-31,0.0,0.0,0.0,0.0,0.0,0.0,0,0,0.14374866834624456
2024-11-01,0.0,0.0,0.0,0.0,0.0,0.0,0,0,0.14519169608104865
2024-11-02,0.0,0.0,0.0,0.0,0.0,0.0,0,0,0.19300363748935845
2024-11-03,0.0,0.0,0.0,0.0,0.0,0.0,0,0,0.2733065324027695
2024-11-04,0.0,0.0,0.0,0.0,0.0,0.0,0,0,0.2115171669833833
2024-11-05,0.0,0.0,0.0,0.0,0.0,0.0,0,0,0.25861070832932564
2024-11-06,0.0,0.0,0.0,0.0,0.0,0.0,0,0,0.22575648964154915
2024-11-07,0.0,0.0,0.0,0.0,0.0,0.0,0,0,0.24751104284591308
2024-11-08,0.0,0.0,0.0,0.0,0.0,0.0,0,0,0.25607366738982984
2024-11-09,0.0,0.0,0.0,0.0,0.0,0.0,0,0,0.30637332156590813
2024-11-10,0.0,0.0,0.0,0.0,0.0,0.0,0,0,0.35544707334012093
2024-11-11,0.0,0.0,0.0,0.0,0.0,0.0,0,0,0.4653702281566625
2024-11-12,0.0,0.0,0.0,0.0,0.0,0.0,0,0,0.4999974423723872
2024-11-13,0.0,0.0,0.0,0.0,0.0,0.0,0,0,0.5721044669715358
2024-11-14,0.0,0.0,0.0,0.0,0.0,0.0,0,0,0.48471410196941966
2024-11-15,0.0,0.0,0.0,0.0,0.0,0.0,0,0,0.5314763278037953
2024-11-16,0.0,0.0,0.0,0.0,0.0,0.0,0,0,0.5523771193697551
2024-11-17,0.0,0.0,0.0,0.0,0.0,0.0,0,0,0.5135045497781929
2024-11-18,0.0,0.0,0.0,0.0,0.0,0.0,0,0,0.5344684645888891
2024-11-19,0.0,0.0,0.0,0.0,0.0,0.0,0,0,0.5107313481675391
2024-11-20,0.0,0.0,0.0,0.0,0.0,0.0,0,0,0.5623555300008782
2024-11-21,0.0,0.0,0.0,0.0,0.0,0.0,0,0,0.536503493445007
2024-11-22,0.0,0.0,0.0,0.0,0.0,0.0,0,0,0.5428384269259863
2024-11-23,0.0,0.0,0.0,0.0,0.0,0.0,0,0,0.522436446685008
2024-11-24,0.0,0.0,0.0,0.0,0.0,0.0,0,0,0.5596902285710645
2024-11-25,0.0,0.0,0.0,0.0,0.0,0.0,0,0,0.5671429413399118
2024-11-26,0.0,0.0,0.0,0.0,0.0,0.0,0,0,0.5594204372140315
2024-11-27,0.0,0.0,0.0,0.0,0.0,0.0,0,0,0.6166558783073064
2024-11-28,0.0,0.0,0.0,0.0,0.0,0.0,0,0,0.6192959626914034
2024-11-29,0.0,0.0,0.0,0.0,0.0,0.0,0,0,0.6544478545822241
2024-11-30,0.0,0.0,0.0,0.0,0.0,0.0,0,0,0.6846219797758264
2024-12-01,0.0,0.0,0.0,0.0,0.0,0.0,0,0,0.6454346910361839
2024-12-02,0.0,0.0,0.0,0.0,0.0,0.0,0,0,0.6690570720898699
2024-12-03,0.0,0.0,0.0,0.0,0.0,0.0,0,0,0.6552529303751156
2024-12-04,0.0,0.0,0.0,0.0,0.0,0.0,0,0,0.7573883663397198
2024-12-05,0.0,0.0,0.0,0.0,0.0,0.0,0,0,0.7987323768675467
2024-12-06,0.0,0.0,0.0,0.0,0.0,0.0,0,0,0.8435888862822318
2024-12-07,0.0,0.0,0.0,0.0,0.0,0.0,0,0,0.8216617189038578
2024-12-08,0.0,0.0,0.0,0.0,0.0,0.0,0,0,0.7751271706718119
2024-12-09,0.0,0.0,0.0,0.0,0.0,0.0,0,0,0.689821573327825
2024-12-10,0.0,0.0,0.0,0.0,0.0,0.0,0,0,0.685729243011203
2024-12-11,0.0,0.0,0.0,0.0,0.0,0.0,0,0,0.740456477959275
2024-12-12,0.0,0.0,0.0,0.0,0.0,0.0,0,0,0.6537989486603524
2024-12-13,0.0,0.0,0.0,0.0,0.0,0.0,0,0,0.6905459942632246
2024-12-14,0.0,0.0,0.0,0.0,0.0,0.0,0,0,0.7154000389167605
2024-12-15,0.0,0.0,0.0,0.0,0.0,0.0,0,0,0.7952532352587347
2024-12-16,0.0,0.0,0.0,0.0,0.0,0.0,0,0,0.7588162107463379
2024-12-17,0.0,0.0,0.0,0.0,0.0,0.0,0,0,0.7182163203224088
2024-12-18,0.0,0.0,0.0,0.0,0.0,0.0,0,0,0.5920234430744244
2024-12-19,0.0,0.0,0.0,0.0,0.0,0.0,0,0,0.5422765398721343
2024-12-20,0.0,0.0,0.0,0.0,0.0,0.0,0,0,0.5439588380400691
2024-12-21,0.0,0.0,0.0,0.0,0.0,0.0,0,0,0.5302745191823584
2024-12-22,0.0,0.0,0.0,0.0,0.0,0.0,0,0,0.5031673564816277
2024-12-23,0.0,0.0,0.0,0.0,0.0,0.0,0,0,0.47659593014658386
2024-12-24,0.0,0.0,0.0,0.0,0.0,0.0,0,0,0.562574463231007
2024-12-25,0.0,0.0,0.0,0.0,0.0,0.0,0,0,0.5256512207702888
2024-12-26,0.0,0.0,0.0,0.0,0.0,0.0,0,0,0.4562978329906189
2024-12-27,0.0,0.0,0.0,0.0,0.0,0.0,0,0,0.43201423219380564
2024-12-28,0.0,0.0,0.0,0.0,0.0,0.0,0,0,0.4528269082068872
2024-12-29,0.0,0.0,0.0,0.0,0.0,0.0,0,0,0.48003999425043165
2024-12-30,0.0,0.0,0.0,0.0,0.0,0.0,0,0,0.5262287583419989
2024-12-31,0.0,0.0,0.0,0.0,0.0,0.0,0,0,0.5431357282597578
2025-01-01,0.0,0.0,0.0,0.0,0.0,0.0,0,0,0.5574717754152998
2025-01-02,0.0,0.0,0.0,0.0,0.0,0.0,0,0,0.5626208616955446
2025-01-03,0.0,0.0,0.0,0.0,0.0,0.0,0,0,0.5824055875955894
2025-01-04,0.0,0.0,0.0,0.0,0.0,0.0,0,0,0.5635339142178681
2025-01-05,0.0,0.0,0.0,0.0,0.0,0.0,0,0,0.5812685819583958
2025-01-06,0.0,0.0,0.0,0.0,0.0,0.0,0,0,0.6445775666849611
2025-01-07,0.0,0.0,0.0,0.0,0.0,0.0,0,0,0.5991759946144302
2025-01-08,0.0,0.0,0.0,0.0,0.0,0.0,0,0,0.5758675936921578
2025-01-09,0.0,0.0,0.0,0.0,0.0,0.0,0,0,0.4798812970932185
2025-01-10,0.0,0.0,0.0,0.0,0.0,0.0,0,0,0.498599151576548
2025-01-11,0.0,0.0,0.0,0.0,0.0,0.0,0,0,0.5048186022234316
2025-01-12,0.0,0.0,0.0,0.0,0.0,0.0,0,0,0.4304100967382074
2025-01-13,0.0,0.0,0.0,0.0,0.0,0.0,0,0,0.4093007438387568
2025-01-14,0.0,0.0,0.0,0.0,0.0,0.0,0,0,0.42790418984495204
2025-01-15,0.0,0.0,0.0,0.0,0.0,0.0,0,0,0.49047128031275267
2025-01-16,0.0,0.0,0.0,0.0,0.0,0.0,0,0,0.4609065048137784
2025-01-17,0.0,0.0,0.0,0.0,0.0,0.0,0,0,0.5220437964746893
2025-01-18,0.0,0.0,0.0,0.0,0.0,0.0,0,0,0.5144037751321715
2025-01-19,0.0,0.0,0.0,0.0,0.0,0.0,0,0,0.5038341190580802
2025-01-20,0.0,0.0,0.0,0.0,0.0,0.0,0,0,0.516882669894847
2025-01-21,0.0,0.0,0.0,0.0,0.0,0.0,0,0,0.5921824172658416
2025-01-22,0.0,0.0,0.0,0.0,0.0,0.0,0,0,0.5205973555823498
2025-01-23,0.0,0.0,0.0,0.0,0.0,0.0,0,0,0.5580518670082866
2025-01-24,0.0,0.0,0.0,0.0,0.0,0.0,0,0,0.5626254252905096
2025-01-25,0.0,0.0,0.0,0.0,0.0,0.0,0,0,0.5399028717831056
2025-01-26,0.0,0.0,0.0,0.0,0.0,0.0,0,0,0.4664012010294538
2025-01-27,0.0,0.0,0.0,0.0,0.0,0.0,0,0,0.4025570700925907
2025-01-28,0.0,0.0,0.0,0.0,0.0,0.0,0,0,0.3998756029799999
2025-01-29,0.0,0.0,0.0,0.0,0.0,0.0,0,0,0.4746217039073177
2025-01-30,0.0,0.0,0.0,0.0,0.0,0.0,0,0,0.5062399723723119
2025-01-31,0.0,0.0,0.0,0.0,0.0,0.0,0,0,0.4759221296704752
2025-02-01,0.0,0.0,0.0,0.0,0.0,0.0,0,0,0.4630590801672425
2025-02-02,0.0,0.0,0.0,0.0,0.0,0.0,0,0,0.4397509814356453
2025-02-03,0.0,0.0,0.0,0.0,0.0,0.0,0,0,0.4605504296130958
2025-02-04,0.0,0.0,0.0,0.0,0.0,0.0,0,0,0.292802716066044
2025-02-05,0.0,0.0,0.0,0.0,0.0,0.0,0,0,0.2727915063920885
2025-02-06,0.0,0.0,0.0,0.0,0.0,0.0,0,0,0.2619289194086991
2025-02-07,0.0,0.0,0.0,0.0,0.0,0.0,0,0,0.2579637978952749
2025-02-08,0.0,0.0,0.0,0.0,0.0,0.0,0,0,0.19900385524188535
2025-02-09,0.0,0.0,0.0,0.0,0.0,0.0,0,0,0.08672146279284432
2025-02-10,0.0,0.0,0.0,0.0,0.0,0.0,0,0,0.10693402446232891
2025-02-11,0.0,0.0,0.0,0.0,0.0,0.0,0,0,0.058819886012345446
2025-02-12,0.0,0.0,0.0,0.0,0.0,0.0,0,0,0.11940120870607118
2025-02-13,0.0,0.0,0.0,0.0,0.0,0.0,0,0,0.06023633373080961
2025-02-14,0.0,0.0,0.0,0.0,0.0,0.0,0,0,0.07503919208590148
2025-02-15,0.0,0.0,0.0,0.0,0.0,0.0,0,0,0.0849622747077583
2025-02-16,0.0,0.0,0.0,0.0,0.0,0.0,0,0,0.06142702143692125
2025-02-17,0.0,0.0,0.0,0.0,0.0,0.0,0,0,0.03690114029321201
2025-02-18,0.0,0.0,0.0,0.0,0.0,0.0,0,0,0.014148141863227659
2025-02-19,0.0,0.0,0.0,0.0,1.0,0.0,0,1,-0.017981676744592723
2025-02-20,-0.031573505529675104,2.9690318408805793e-05,-0.0323438152112663,0.0008,0.05616526818758632,1.0,13,1,-0.006757890608098949
2025-02-21,0.03592337543730134,9.539034412024161e-05,0.03597383356687151,4.493221455006906e-05,0.04345052364440045,1.0,13,1,-0.016347831425779447
2025-02-22,-0.029753526135371227,-8.287964504374816e-05,-0.029871166199330498,3.476041891552036e-05,0.08003523378907121,1.0,13,1,-0.014874377809808825
2025-02-23,0.010450518773883762,0.00010474869122931544,0.01049123927808182,6.402818703125697e-05,1.0000000000000002,1.0000000000000002,13,0,0.03389495401014342
2025-02-24,0.0,0.0,-0.0008000000000000003,0.0008000000000000003,1.0,0.0,0,1,-0.0055085012833970826
2025-02-25,-0.003036376522102207,-6.250200634878839e-05,-0.0038988785284509954,0.0008,0.06908023495232996,1.0,14,1,-0.07576335798267442
2025-02-26,0.020112163890821703,-6.067662075851124e-05,0.01999622308210133,5.526418796186397e-05,0.14420961715949368,0.9999999999999998,14,1,-0.1200268772258355
2025-02-27,-0.006841735881397854,0.00018575829521647982,-0.006771345279908969,0.00011536769372759495,0.11870992436554426,1.0,13,1,-0.1317543836261219
2025-02-28,-0.003037220925579065,7.30310584696745e-05,-0.003059157806601826,9.496793949243541e-05,0.08537184743207085,0.9999999999999999,12,1,-0.12620354889499985
2025-03-01,-0.008145478948678196,7.92229296506187e-05,-0.008134553496973234,6.829747794565668e-05,0.14705020707708882,1.0,12,1,-0.11573935563732529
2025-03-02,-0.1715059737127116,7.377302982070565e-05,-0.17154984084855257,0.00011764016566167106,0.26067085534007733,0.9999999999999999,13,1,-0.017391712421981342
2025-03-03,0.1387077287936845,3.1241363935667194e-05,0.13853043347334812,0.0002085366842720619,0.2119779784152353,1.0,11,1,-0.10134777971355391
2025-03-04,-0.00040941436879351773,-0.00020258463936201728,-0.0007815813908877233,0.00016958238273218824,0.28671442436715316,1.0000000000000002,11,1,-0.11577909350176052
2025-03-05,-0.039171650891066584,-5.249448204106646e-05,-0.03945351691260137,0.00022937153949372253,0.32117500968922946,1.0000000000000002,9,1,-0.06634330396952615
2025-03-06,0.002033973331172618,2.411447299936964e-05,0.0018011477964206043,0.00025694000775138356,0.5937307292165744,1.0,7,1,-0.09934320282558051
2025-03-07,0.035705638943559444,1.2318355093276058e-06,0.03523188619569551,0.00047498458337325955,0.1422947678679421,0.9999999999999999,4,1,-0.13158663933244708
2025-03-08,0.005467328561152136,8.945993846393337e-05,0.005442952685321715,0.00011383581429435368,0.15811064099065544,1.0,4,1,-0.14837252964426884
2025-03-09,0.07671726430658975,8.109879960517775e-05,0.0766718745934024,0.00012648851279252436,0.7643337974483093,1.0,4,1,-0.17113974345936434
2025-03-10,0.0635569308157687,-0.00013917283221232812,0.06280629094559773,0.0006114670379586475,0.3345960890487811,1.0,8,1,-0.18668894354591592
2025-03-11,-0.0522275969528294,-2.2804314893045094e-05,-0.05251807813896147,0.0002676768712390249,0.1412878369192945,0.9999999999999999,10,1,-0.1801834143794263
2025-03-12,-0.02180716463312089,1.6120002430406704e-05,-0.021904074900225917,0.0001130302695354356,0.19477995370104573,1.0,9,1,-0.16344576645489606
2025-03-13,0.02519937986437786,7.388980812608514e-05,0.025117445709543107,0.0001558239629608366,0.05207195374318458,1.0,8,1,-0.20011955975965723
2025-03-14,-0.04073283853602509,0.00013052460901684328,-0.040643971490002796,4.165756299454767e-05,0.24105855029670684,1.0,8,1,-0.17203618034937507
2025-03-15,-0.022601965976638057,4.76854205029611e-06,-0.022790044274825127,0.0001928468402373655,0.3032832214727178,1.0,9,1,-0.19296786150541256
2025-03-16,0.034677391748427946,-1.8878014510979113e-05,0.034415887156738795,0.00024262657717817425,0.22831077320260015,0.9999999999999999,8,1,-0.2214760542975499
2025-03-17,-0.027187301201709462,3.164066626669948e-05,-0.027338309154004842,0.00018264861856208013,0.3473647686917311,1.0,10,1,-0.20845423880929093
2025-03-18,0.01738144409801529,-3.2775877836729e-05,0.017070776405225176,0.0002778918149533849,0.043833581218086046,0.9999999999999998,7,1,-0.17483337675469723
2025-03-19,-0.06558976101733574,0.00011641262733090128,-0.0655084152549793,3.506686497446884e-05,0.33954042620499336,1.0,7,1,-0.10904362319673533
2025-03-20,0.02765026138370283,6.757278439065868e-05,0.027446201827129493,0.0002716323409639947,0.384323918075723,1.0,7,1,-0.13891355135407146
2025-03-21,0.012386827730418415,0.00011334679491815826,0.012192715390875995,0.0003074591344605784,0.37931931195287094,1.0,5,1,-0.13583441803462404
2025-03-22,-0.003941707620381302,-7.826311909361509e-05,-0.004323426189037214,0.0003034554495622968,0.09151844701290135,1.0,7,1,-0.11926623823611326
2025-03-23,-0.018362158159521313,0.00011265202563329786,-0.018322720891498334,7.321475761032108e-05,0.7793101943393165,1.0,7,1,-0.09294536959828648
2025-03-24,-0.02642612533502156,0.000144888989732324,-0.02690468450076069,0.0006234481554714532,0.0630051632068486,1.0,3,1,-0.1131918983809741
2025-03-25,-0.0007679577713579121,0.00010112240606692691,-0.0007172394958564641,5.040413056547888e-05,0.08234791420196139,1.0,3,1,-0.12084862401476348
2025-03-26,0.02026005150659324,0.00011725439471635278,0.020311427569948026,6.58783313615691e-05,1.05943504432414,1.0,3,1,-0.09271130327620591
2025-03-27,-0.0037886988525654974,6.097e-05,-0.00457527688802481,0.0008475480354593121,0.032754394062330605,1.0,1,1,-0.0749817789089412
2025-03-28,0.056639098891853215,-8.239965316983005e-05,0.05653049572343352,2.6203515249864486e-05,0.032754394062330605,0.9672456059376694,1,1,-0.11419696385962075
2025-03-29,0.02164948453608251,7.300000000000015e-07,0.021624011020832643,2.6203515249864486e-05,0.0,1.0,1,1,-0.11841302027748135
2025-03-30,-0.007610350076103556,1.435e-05,-0.007596000076103556,0.0,0.0,1.0,1,1,-0.11218821185584626
2025-03-31,0.03625377643504535,6.410000000000001e-06,0.03626018643504535,0.0,0.0,1.0,1,1,-0.11792121553540447
2025-04-01,-0.017964793826863,0.00015844,-0.017806353826863002,0.0,1.5421188612830918,1.0,1,1,-0.1000201943521366
2025-04-02,0.05057560926240358,1.5961688898835382e-05,0.04935787586227594,0.0012336950890264736,0.6039311952761122,1.0,6,1,-0.14935313378193715
2025-04-03,-0.020658442469003575,-0.0002692184543936841,-0.021410805879618147,0.00048314495622088976,0.2293844695125844,1.0,3,1,-0.15246923706285653
2025-04-04,-0.018682228477523485,-6.769025137388442e-05,-0.018933426304507436,0.00018350757561006752,0.42384556038534854,1.0,3,1,-0.1457821482848679
2025-04-05,0.0044218463693220696,0.00017605858929937635,0.004258828510313167,0.00033907644830827885,0.2998369129721655,1.0,4,1,-0.15084472067374266
2025-04-06,0.12037323386060737,-6.783548003071398e-05,0.12006552885019893,0.00023986953037773243,0.5231310082810847,1.0,5,1,-0.23282743070099543
2025-04-07,-0.005968483494471901,-8.686229239904394e-05,-0.006473850593495813,0.0004185048066248678,0.32166994934137666,1.0,8,1,-0.18345279575073548
2025-04-08,0.03983967907017579,-0.00010678370510460374,0.03947555940559808,0.0002573359594731013,0.18809165162924507,1.0,6,1,-0.19698339509609641
2025-04-09,-0.1234104664069012,3.160310926151697e-05,-0.12352933661894308,0.00015047332130339606,1.0,1.0,5,1,-0.10721370204495062
2025-04-10,0.0,0.0,-0.0008,0.0008,0.7146198060668973,0.0,0,1,-0.15965376470153314
2025-04-11,-0.023252271347078992,0.00012213567105489342,-0.023701831520877615,0.0005716958448535179,0.09684792222128458,0.7146198060668973,1,1,-0.1182730998017184
2025-04-12,-0.019629831393203557,7.315036876615901e-05,-0.019634159362214427,7.747833777702767e-05,0.6177718838456128,0.6177718838456128,1,1,-0.09801174392777123
2025-04-13,0.0,0.0,-0.0004942175070764902,0.0004942175070764902,0.5158894347897459,0.0,0,1,-0.11400291897258097
2025-04-14,0.0044427496312227826,6.474412406611311e-06,0.004036512495797597,0.00041271154783179676,0.48411056521025403,0.5158894347897459,1,1,-0.12392905136927046
2025-04-15,0.022515343798842194,0.0001241900733473883,0.02225224542002138,0.0003872884521682032,0.5196105652638421,1.0,2,1,-0.16774138960780416
2025-04-16,0.007773042637345267,4.016661685364541e-05,0.007397520801987838,0.0004156884522110737,0.41328509727437424,0.6030118128455999,1,1,-0.15957389325717897
2025-04-17,-0.010305096999516528,6.0646319326243225e-05,-0.010575078758009783,0.0003306280778194994,0.41475146218025627,1.0,2,1,-0.1838431410241007
2025-04-18,-0.008126281433011095,0.00015125163211413456,-0.008306830970641164,0.000331801169744205,0.6776862493562287,0.5852485378197437,1,1,-0.1923313526136985
2025-04-19,-0.007615487482628142,0.00012895228753620003,-0.008028684194576925,0.000542148999484983,0.1304707669569884,1.0,2,1,-0.1605405111956688
2025-04-20,-0.009570306301420707,4.795909325431187e-05,-0.009626723821731985,0.00010437661356559071,1.0,1.0,2,1,-0.16732715486720473
2025-04-21,0.0,0.0,-0.0008,0.0008,0.0,0.0,0,1,-0.17573941355799627
2025-04-22,0.0,0.0,0.0,0.0,0.0,0.0,0,1,-0.09897274776708409
2025-04-23,0.0,0.0,0.0,0.0,0.0,0.0,0,1,-0.09851334580475835
2025-04-24,0.0,0.0,0.0,0.0,0.0,0.0,0,1,-0.10377537613982124
2025-04-25,0.0,0.0,0.0,0.0,0.0,0.0,0,1,-0.09656167026417828
2025-04-26,0.0,0.0,0.0,0.0,0.0,0.0,0,1,-0.0778509381328607
2025-04-27,0.0,0.0,0.0,0.0,0.0,0.0,0,1,-0.08159276543231653
2025-04-28,0.0,0.0,0.0,0.0,0.0,0.0,0,1,-0.0623086979016505
2025-04-29,0.0,0.0,0.0,0.0,0.0,0.0,0,1,-0.0915936824361464
2025-04-30,0.0,0.0,0.0,0.0,0.0,0.0,0,1,-0.10080352016538496
2025-05-01,0.0,0.0,0.0,0.0,0.0,0.0,0,1,-0.05817950238181979
2025-05-02,0.0,0.0,0.0,0.0,0.0,0.0,0,1,-0.03749766409949551
2025-05-03,0.0,0.0,0.0,0.0,0.0,0.0,0,1,-0.019057078058045573
2025-05-04,0.0,0.0,0.0,0.0,0.0,0.0,0,1,-0.06973286591367478
2025-05-05,0.0,0.0,0.0,0.0,0.0,0.0,0,1,-0.030838226218632858
2025-05-06,0.0,0.0,0.0,0.0,0.0,0.0,0,0,0.002544711102273167
2025-05-07,0.0,0.0,0.0,0.0,0.0,0.0,0,0,0.004903895867071517
2025-05-08,0.0,0.0,0.0,0.0,0.0,0.0,0,0,0.07022585778786894
2025-05-09,0.0,0.0,0.0,0.0,0.0,0.0,0,0,0.06773022832243747
2025-05-10,0.0,0.0,0.0,0.0,0.0,0.0,0,0,0.08675469490871524
2025-05-11,0.0,0.0,0.0,0.0,0.0,0.0,0,0,0.06873644474384677
2025-05-12,0.0,0.0,0.0,0.0,0.0,0.0,0,0,0.07320377639938425
2025-05-13,0.0,0.0,0.0,0.0,0.0,0.0,0,0,0.06405578620332197
2025-05-14,0.0,0.0,0.0,0.0,0.0,0.0,0,0,0.07143182623140287
2025-05-15,0.0,0.0,0.0,0.0,0.0,0.0,0,0,0.06433776557261472
2025-05-16,0.0,0.0,0.0,0.0,0.0,0.0,0,0,0.06022473292460373
2025-05-17,0.0,0.0,0.0,0.0,0.0,0.0,0,0,0.07299697086408452
2025-05-18,0.0,0.0,0.0,0.0,0.0,0.0,0,0,0.11138545609505446
2025-05-19,0.0,0.0,0.0,0.0,0.0,0.0,0,0,0.10363305515467158
2025-05-20,0.0,0.0,0.0,0.0,0.0,0.0,0,0,0.10561398786724374
2025-05-21,0.0,0.0,0.0,0.0,0.0,0.0,0,0,0.11558539239045373
2025-05-22,0.0,0.0,0.0,0.0,0.0,0.0,0,0,0.16160552763557723
2025-05-23,0.0,0.0,0.0,0.0,0.0,0.0,0,0,0.11158374894951772
2025-05-24,0.0,0.0,0.0,0.0,0.0,0.0,0,0,0.1193170952749163
2025-05-25,0.0,0.0,0.0,0.0,0.0,0.0,0,0,0.19058619125930853
2025-05-26,0.0,0.0,0.0,0.0,0.0,0.0,0,0,0.2340693892424448
2025-05-27,0.0,0.0,0.0,0.0,0.0,0.0,0,0,0.29309155251548247
2025-05-28,0.0,0.0,0.0,0.0,0.0,0.0,0,0,0.272298539827869
2025-05-29,0.0,0.0,0.0,0.0,0.0,0.0,0,0,0.251962049641991
2025-05-30,0.0,0.0,0.0,0.0,0.0,0.0,0,0,0.2086127172334571
2025-05-31,0.0,0.0,0.0,0.0,0.0,0.0,0,0,0.10954779522578395
2025-06-01,0.0,0.0,0.0,0.0,0.0,0.0,0,0,0.22496800773151326
2025-06-02,0.0,0.0,0.0,0.0,0.0,0.0,0,0,0.2128283392113557
2025-06-03,0.0,0.0,0.0,0.0,0.0,0.0,0,0,0.16301905459106658
2025-06-04,0.0,0.0,0.0,0.0,0.0,0.0,0,0,0.16413795865512348
2025-06-05,0.0,0.0,0.0,0.0,0.0,0.0,0,0,0.1695003561803634
2025-06-06,0.0,0.0,0.0,0.0,0.0,0.0,0,0,0.2094954208809685
2025-06-07,0.0,0.0,0.0,0.0,0.0,0.0,0,0,0.30758543936704963
2025-06-08,0.0,0.0,0.0,0.0,0.0,0.0,0,0,0.345035752560209
2025-06-09,0.0,0.0,0.0,0.0,0.0,0.0,0,0,0.3297131345300135
2025-06-10,0.0,0.0,0.0,0.0,0.0,0.0,0,0,0.31796362297302627
2025-06-11,0.0,0.0,0.0,0.0,0.0,0.0,0,0,0.3393286584267945
2025-06-12,0.0,0.0,0.0,0.0,0.0,0.0,0,0,0.2581576320172314
2025-06-13,0.0,0.0,0.0,0.0,0.0,0.0,0,0,0.2576945751569639
2025-06-14,0.0,0.0,0.0,0.0,0.0,0.0,0,0,0.2764460587146358
2025-06-15,0.0,0.0,0.0,0.0,0.0,0.0,0,0,0.25691942512705035
2025-06-16,0.0,0.0,0.0,0.0,0.0,0.0,0,0,0.2913407067709739
2025-06-17,0.0,0.0,0.0,0.0,0.0,0.0,0,0,0.20387329541134758
2025-06-18,0.0,0.0,0.0,0.0,0.0,0.0,0,0,0.24528768073591523
2025-06-19,0.0,0.0,0.0,0.0,0.0,0.0,0,0,0.2445773542747618
2025-06-20,0.0,0.0,0.0,0.0,0.0,0.0,0,0,0.23198166217011185
2025-06-21,0.0,0.0,0.0,0.0,0.0,0.0,0,0,0.18636468233768233
2025-06-22,0.0,0.0,0.0,0.0,0.0,0.0,0,0,0.15367913893125595
2025-06-23,0.0,0.0,0.0,0.0,0.0,0.0,0,0,0.20511778669517367
2025-06-24,0.0,0.0,0.0,0.0,0.0,0.0,0,0,0.22056247107873705
2025-06-25,0.0,0.0,0.0,0.0,0.0,0.0,0,0,0.2303993981043959
2025-06-26,0.0,0.0,0.0,0.0,0.0,0.0,0,0,0.26703823618643097
2025-06-27,0.0,0.0,0.0,0.0,0.0,0.0,0,0,0.295455343340028
2025-06-28,0.0,0.0,0.0,0.0,0.0,0.0,0,0,0.3022143752246431
2025-06-29,0.0,0.0,0.0,0.0,0.0,0.0,0,0,0.3125676371678736
2025-06-30,0.0,0.0,0.0,0.0,0.0,0.0,0,0,0.25806235601362304
2025-07-01,0.0,0.0,0.0,0.0,0.0,0.0,0,0,0.2806906944405716
2025-07-02,0.0,0.0,0.0,0.0,0.0,0.0,0,0,0.3079831452907198
2025-07-03,0.0,0.0,0.0,0.0,0.0,0.0,0,0,0.30626641847908376
2025-07-04,0.0,0.0,0.0,0.0,0.0,0.0,0,0,0.2925450955079927
2025-07-05,0.0,0.0,0.0,0.0,0.0,0.0,0,0,0.3796836331164688
2025-07-06,0.0,0.0,0.0,0.0,0.0,0.0,0,0,0.379148344705585
2025-07-07,0.0,0.0,0.0,0.0,0.0,0.0,0,0,0.41817664706368074
2025-07-08,0.0,0.0,0.0,0.0,0.0,0.0,0,0,0.31826778708771264
2025-07-09,0.0,0.0,0.0,0.0,0.0,0.0,0,0,0.39768250959650686
2025-07-10,0.0,0.0,0.0,0.0,0.0,0.0,0,0,0.39099981649901694
2025-07-11,0.0,0.0,0.0,0.0,0.0,0.0,0,0,0.37849639479198194
2025-07-12,0.0,0.0,0.0,0.0,0.0,0.0,0,0,0.4022710739102442
2025-07-13,0.0,0.0,0.0,0.0,0.0,0.0,0,0,0.4078392599276912
2025-07-14,0.0,0.0,0.0,0.0,0.0,0.0,0,0,0.4330625879842649
2025-07-15,0.0,0.0,0.0,0.0,0.0,0.0,0,0,0.4018156923443268
2025-07-16,0.0,0.0,0.0,0.0,0.0,0.0,0,0,0.39658128716952246
2025-07-17,0.0,0.0,0.0,0.0,0.0,0.0,0,0,0.4116937728764172
2025-07-18,0.0,0.0,0.0,0.0,0.0,0.0,0,0,0.386251585889668
2025-07-19,0.0,0.0,0.0,0.0,0.0,0.0,0,0,0.3837921135839357
2025-07-20,0.0,0.0,0.0,0.0,0.0,0.0,0,0,0.3401321656415064
2025-07-21,0.0,0.0,0.0,0.0,0.0,0.0,0,0,0.2561460908367763
2025-07-22,0.0,0.0,0.0,0.0,0.0,0.0,0,0,0.2815444703258818
2025-07-23,0.0,0.0,0.0,0.0,0.0,0.0,0,0,0.2638292118946126
2025-07-24,0.0,0.0,0.0,0.0,0.0,0.0,0,0,0.25057668846559644
2025-07-25,0.0,0.0,0.0,0.0,0.0,0.0,0,0,0.2432739065108691
2025-07-26,0.0,0.0,0.0,0.0,0.0,0.0,0,0,0.2581947573617538
2025-07-27,0.0,0.0,0.0,0.0,0.0,0.0,0,0,0.25749876275416184
2025-07-28,0.0,0.0,0.0,0.0,0.0,0.0,0,0,0.25309208801264527
2025-07-29,0.0,0.0,0.0,0.0,0.0,0.0,0,0,0.2525564381870511
2025-07-30,0.0,0.0,0.0,0.0,0.0,0.0,0,0,0.22139565851822107
2025-07-31,0.0,0.0,0.0,0.0,0.0,0.0,0,0,0.19483492923768386
2025-08-01,0.0,0.0,0.0,0.0,0.0,0.0,0,0,0.18205531542232878
2025-08-02,0.0,0.0,0.0,0.0,0.0,0.0,0,0,0.1939781513782206
2025-08-03,0.0,0.0,0.0,0.0,0.0,0.0,0,0,0.20543588108138944
2025-08-04,0.0,0.0,0.0,0.0,0.0,0.0,0,0,0.18805172372826573
2025-08-05,0.0,0.0,0.0,0.0,0.0,0.0,0,0,0.17611590664450616
2025-08-06,0.0,0.0,0.0,0.0,0.0,0.0,0,0,0.11346619767292032
2025-08-07,0.0,0.0,0.0,0.0,0.0,0.0,0,0,0.1406424400559927
2025-08-08,0.0,0.0,0.0,0.0,0.0,0.0,0,0,0.11298344861282872
2025-08-09,0.0,0.0,0.0,0.0,0.0,0.0,0,0,0.11866128196923897
2025-08-10,0.0,0.0,0.0,0.0,0.0,0.0,0,0,0.16075639993653845
2025-08-11,0.0,0.0,0.0,0.0,0.0,0.0,0,0,0.13988874156914743
2025-08-12,0.0,0.0,0.0,0.0,0.0,0.0,0,0,0.1606727747754888
2025-08-13,0.0,0.0,0.0,0.0,0.0,0.0,0,0,0.18907095921978123
2025-08-14,0.0,0.0,0.0,0.0,0.0,0.0,0,0,0.14340667735528312
2025-08-15,0.0,0.0,0.0,0.0,0.0,0.0,0,0,0.13775373594775298
2025-08-16,0.0,0.0,0.0,0.0,0.0,0.0,0,0,0.10264398407632536
2025-08-17,0.0,0.0,0.0,0.0,0.0,0.0,0,0,0.11202521330103976
2025-08-18,0.0,0.0,0.0,0.0,0.0,0.0,0,0,0.08786040462508926
2025-08-19,0.0,0.0,0.0,0.0,0.0,0.0,0,0,0.029328662205374556
2025-08-20,0.0,0.0,0.0,0.0,0.0,0.0,0,0,0.022906485334852178
2025-08-21,0.0,0.0,0.0,0.0,0.0,0.0,0,0,0.04838843495243372
2025-08-22,0.0,0.0,0.0,0.0,0.0,0.0,0,0,0.08541034309542628
2025-08-23,0.0,0.0,0.0,0.0,0.0,0.0,0,0,0.058933935656536374
2025-08-24,0.0,0.0,0.0,0.0,0.0,0.0,0,0,0.037111424778858204
2025-08-25,0.0,0.0,0.0,0.0,0.0,0.0,0,0,0.01078802049420835
2025-08-26,0.0,0.0,0.0,0.0,0.0,0.0,0,0,0.03700970358261113
2025-08-27,0.0,0.0,0.0,0.0,0.0,0.0,0,0,0.053581631212460845
2025-08-28,0.0,0.0,0.0,0.0,0.0,0.0,0,0,0.08232130832130835
2025-08-29,0.0,0.0,0.0,0.0,0.0,0.0,0,0,0.03623043540227289
2025-08-30,0.0,0.0,0.0,0.0,0.0,0.0,0,0,0.030067254954145195
2025-08-31,0.0,0.0,0.0,0.0,0.0,0.0,0,0,0.02262548634730832
2025-09-01,0.0,0.0,0.0,0.0,0.0,0.0,0,0,0.03662580781751834
2025-09-02,0.0,0.0,0.0,0.0,0.0,0.0,0,0,0.06255817464913638
2025-09-03,0.0,0.0,0.0,0.0,0.0,0.0,0,0,0.10054544415160471
2025-09-04,0.0,0.0,0.0,0.0,0.0,0.0,0,0,0.06177475057559478
2025-09-05,0.0,0.0,0.0,0.0,0.0,0.0,0,0,0.04840793308532554
2025-09-06,0.0,0.0,0.0,0.0,0.0,0.0,0,0,0.04219291895549149
2025-09-07,0.0,0.0,0.0,0.0,0.0,0.0,0,0,0.007694059308033685
2025-09-08,0.0,0.0,0.0,0.0,0.0,0.0,0,0,0.016121862849864943
2025-09-09,0.0,0.0,0.0,0.0,0.0,0.0,0,0,0.026702578268876564
2025-09-10,0.0,0.0,0.0,0.0,0.0,0.0,0,0,0.07847116026493839
2025-09-11,0.0,0.0,0.0,0.0,0.0,0.0,0,0,0.08865358261504341
2025-09-12,0.0,0.0,0.0,0.0,0.0,0.0,0,0,0.10078312526872168
2025-09-13,0.0,0.0,0.0,0.0,0.0,0.0,0,0,0.09786458659055874
2025-09-14,0.0,0.0,0.0,0.0,0.0,0.0,0,0,0.07924957447346648
2025-09-15,0.0,0.0,0.0,0.0,0.0,0.0,0,0,0.1032705630190991
2025-09-16,0.0,0.0,0.0,0.0,0.0,0.0,0,0,0.11365240649872943
2025-09-17,0.0,0.0,0.0,0.0,0.0,0.0,0,0,0.11275907658275575
2025-09-18,0.0,0.0,0.0,0.0,0.0,0.0,0,0,0.13338034075863403
2025-09-19,0.0,0.0,0.0,0.0,0.0,0.0,0,0,0.13214857395880464
2025-09-20,0.0,0.0,0.0,0.0,0.0,0.0,0,0,0.145882203703098
2025-09-21,0.0,0.0,0.0,0.0,0.0,0.0,0,0,0.09395873717481762
2025-09-22,0.0,0.0,0.0,0.0,0.0,0.0,0,0,0.061958845625355474
2025-09-23,0.0,0.0,0.0,0.0,0.0,0.0,0,0,0.04350298284862042
2025-09-24,0.0,0.0,0.0,0.0,0.0,0.0,0,0,0.059302970526695864
2025-09-25,0.0,0.0,0.0,0.0,0.0,0.0,0,0,0.01797764148818759
2025-09-26,0.0,0.0,0.0,0.0,0.0,0.0,0,0,0.021889948806892878
2025-09-27,0.0,0.0,0.0,0.0,0.0,0.0,0,0,0.011702542152233653
2025-09-28,0.0,0.0,0.0,0.0,0.0,0.0,0,0,0.04699152281220775
2025-09-29,0.0,0.0,0.0,0.0,0.0,0.0,0,0,0.08159192865439402
2025-09-30,0.0,0.0,0.0,0.0,0.0,0.0,0,0,0.04769117647058829
2025-10-01,0.0,0.0,0.0,0.0,0.0,0.0,0,0,0.0822235935485991
2025-10-02,0.0,0.0,0.0,0.0,0.0,0.0,0,0,0.11623526665023709
2025-10-03,0.0,0.0,0.0,0.0,0.0,0.0,0,0,0.12971668019683147
2025-10-04,0.0,0.0,0.0,0.0,0.0,0.0,0,0,0.12091532610508149
2025-10-05,0.0,0.0,0.0,0.0,0.0,0.0,0,0,0.1406862414386174
2025-10-06,0.0,0.0,0.0,0.0,0.0,0.0,0,0,0.14471343242729384
2025-10-07,0.0,0.0,0.0,0.0,0.0,0.0,0,0,0.0907069161033418
2025-10-08,0.0,0.0,0.0,0.0,0.0,0.0,0,0,0.06258277346282792
2025-10-09,0.0,0.0,0.0,0.0,0.0,0.0,0,0,0.034717446808510743
2025-10-10,0.0,0.0,0.0,0.0,0.9999999999999999,0.0,0,1,-0.03981964284649464
2025-10-11,0.01721963599666084,-0.0007025088911391587,0.015717127105521683,0.0007999999999999999,0.08496258819504612,0.9999999999999999,13,1,-0.07106284279933428
2025-10-12,-0.08818396955042819,-0.000619898481569296,-0.08887183810255352,6.79700705560369e-05,0.06919952783599308,1.0,13,1,-0.04108031865394168
2025-10-13,-0.04285956400565714,-0.00026046232640726253,-0.0431753859543332,5.5359622268794465e-05,0.07535055917582988,0.9999999999999999,13,1,-0.022308760515889037
2025-10-14,0.03519253308235083,4.7121732926670855e-06,0.035136964808302834,6.028044734066391e-05,0.07944384425292604,1.0,12,1,-0.04727942410323904
2025-10-15,0.04112123568397767,5.1023902280767275e-05,0.041108704510856096,6.355507540234084e-05,0.042644545960162664,1.0,13,1,-0.0711347697450675
2025-10-16,0.040667061914115676,-0.00012244661966384903,0.0405104996576837,3.4115636768130135e-05,0.07041853394397966,1.0000000000000002,13,1,-0.08284392059469159
2025-10-17,0.029881175898218724,-3.316190856907506e-05,0.029791679162494467,5.6334827155183736e-05,0.10531517117960905,1.0,13,1,-0.09706623299019468
2025-10-18,-0.01578419659192088,-8.429741235581315e-05,-0.015952746141220383,8.425213694368724e-05,0.05544991126282524,1.0,14,1,-0.08615291427791427
2025-10-19,-0.021477091174649236,-3.353320006957467e-05,-0.021554984303729072,4.435992901026019e-05,0.0328274600703951,1.0,14,1,-0.07452471742143119
2025-10-20,-0.016856230295142695,-0.00012728697512969121,-0.0170097792383287,2.6261968056316083e-05,0.08384900748791582,0.9999999999999998,14,1,-0.07936916688126128
2025-10-21,0.02465709327548472,-3.9079181717139914e-06,0.024586106151322673,6.707920599033266e-05,0.06213345701310812,1.0,14,1,-0.08810960842701132
2025-10-22,0.0225431335322004,-6.20596104758502e-05,0.022431367156114067,4.97067656104865e-05,0.07900837039731572,1.0,14,1,-0.09097902434859506
2025-10-23,-0.027274391340921675,6.331741887640046e-05,-0.02727428061836313,6.320669631785257e-05,0.12937913898099518,1.0,14,1,-0.06427432420365109
2025-10-24,-0.023688878747220504,0.00010174669847587559,-0.023690635359929425,0.00010350331118479615,0.0687995494601211,0.9999999999999999,13,1,-0.05873141899342771
2025-10-25,-0.004705033604715798,0.0001169296583706918,-0.004643143585913203,5.503963956809688e-05,0.4712309471531524,1.0000000000000002,13,1,-0.0655985342905997
2025-10-26,-0.04975094215431123,9.071885363982122e-05,-0.05003720805839393,0.00037698475772252196,0.2699138446428599,1.0000000000000002,9,1,-0.030019976042303775
2025-10-27,0.01847275577634696,0.00018604329703086274,0.018442867997663533,0.0002159310757142879,0.023792690393580812,1.0,8,1,-0.032510581270091654
2025-10-28,0.0365035211836122,3.8497835547031765e-05,0.03652298486684437,1.903415231486465e-05,0.40926540838255315,1.0000000000000002,8,1,-0.041924582452386394
2025-10-29,-0.005184117197407858,-0.00010664855609482772,-0.005618178080208727,0.00032741232670604255,0.18489099982128687,1.0,12,1,-0.049367617048971746
2025-10-30,0.057948825976674195,-8.875275729743819e-05,0.05771216041951973,0.0001479127998570295,0.0844523571340699,1.0,13,1,-0.04398700867501204
2025-10-31,-0.018208483318792386,-0.00015920306534194186,-0.01843524826984158,6.756188570725592e-05,0.16544717820125449,1.0000000000000002,13,1,-0.02623350351261411
2025-11-01,-0.024227377308150402,9.709952126144762e-05,-0.024262635529449957,0.0001323577425610036,0.12281027001627573,0.9999999999999998,14,1,-0.035948937720979623
2025-11-02,-0.001695871802371752,8.678738809805334e-05,-0.0017073326302867193,9.82482160130206e-05,0.12801424397366062,1.0000000000000002,14,1,-0.03919232779227522
2025-11-03,0.102123051360935,-0.00017016758361982834,0.10185047238213624,0.0001024113951789285,0.08958950349476455,1.0,14,1,-0.06597375637330194
2025-11-04,0.05147740887458687,-5.613979736418572e-05,0.05134959747442688,7.167160279581164e-05,0.07467093246266523,1.0,14,1,-0.11737065102965871
2025-11-05,-0.04060085079866743,-5.412578777399465e-05,-0.040714713332411556,5.973674597013219e-05,0.049209851449258844,0.9999999999999999,14,1,-0.1156780068795834
2025-11-06,-0.006301221125584516,-8.211895006353795e-05,-0.006422707956807461,3.9367881159407075e-05,0.1623370057049101,0.9999999999999999,14,1,-0.13137988925491428
2025-11-07,-0.08842133790305758,-3.0855804409335544e-05,-0.08858206331203085,0.0001298696045639281,0.21825158699128858,0.9999999999999998,13,1,-0.1126667531336405
2025-11-08,0.010515650907649806,0.00014101178876455432,0.010482061426821329,0.00017460126959303087,0.04895471942089345,0.9999999999999997,12,1,-0.1424339211758303
2025-11-09,-0.02392740837930104,-2.207948270009685e-05,-0.023988651637537852,3.916377553671477e-05,1.096048869111653,1.0,12,1,-0.11776025164802639
2025-11-10,-0.003850794327703564,-4.0919093006769054e-05,-0.004768552515999656,0.0008768390952893225,1.1461472311456742,1.0,4,1,-0.11754315836810147
2025-11-11,0.0339468508900207,-0.00015352,0.03287641310510416,0.0009169177849165394,1.4605118407442639,1.0,1,1,-0.16475395280233585
2025-11-12,0.008671445783949112,-2.3129764148241213e-05,0.0074799065472054595,0.0011684094725954112,0.12658432082124219,1.0,8,1,-0.14069765278386226
2025-11-13,0.035389280718580315,1.899188090913651e-05,0.03530700514283246,0.00010126745665699376,0.11235255415539452,1.0,9,1,-0.15028155035163948
2025-11-14,0.03981216893649761,-4.1186396777599974e-05,0.03968110049639569,8.988204332431563e-05,0.15451430400417854,1.0,8,1,-0.19419464977750733
2025-11-15,-0.018361927393575252,7.067508749744725e-05,-0.018414863749281148,0.00012361144320334285,0.24544046984109485,1.0,9,1,-0.18570766349278844
2025-11-16,0.019086500200934695,8.613062485305794e-05,0.01897627844991488,0.00019635237587287588,0.07476422526930608,1.0000000000000002,7,1,-0.18902753917076087
2025-11-17,0.03006205455787246,0.0002004102140974739,0.03020265339175449,5.981138021544487e-05,0.1631466931135902,1.0,7,1,-0.1830679942778234
2025-11-18,-0.03305243430004219,0.00017258801319678082,-0.033010363641336284,0.00013051735449087217,0.0650022860679084,1.0,8,1,-0.18651292894007643
2025-11-19,0.02689535028691975,0.0001505418243934612,0.026993890282458882,5.200182885432672e-05,0.19909801303742242,1.0,8,1,-0.18631415711234534
2025-11-20,0.04630348768972781,0.0002033779197264107,0.04634758719902428,0.00015927841042993795,0.1256572756471399,1.0,9,1,-0.25916893004555275
2025-11-21,0.041021572656664,1.3163051207663553e-05,0.04093420988735395,0.00010052582051771194,0.12831861266780287,1.0,10,1,-0.2624749625358932
2025-11-22,0.0020464908952079345,3.0055154996509543e-05,0.001973891160070202,0.0001026548901342423,0.10645298754321786,1.0,11,1,-0.2534846883503473
2025-11-23,-0.018514051621606603,-6.506086584402086e-06,-0.01860572009822558,8.51623900345743e-05,0.06479874207073084,1.0,12,1,-0.2112979720889665
2025-11-24,-0.049226536539626,3.3203493573202045e-05,-0.049245172039709385,5.183899365658468e-05,0.10489924589886546,1.0,12,1,-0.21003330949181753
2025-11-25,0.0022214572250551213,-3.596163030188241e-05,0.0021015761980341463,8.391939671909237e-05,0.07513083118618297,1.0,12,1,-0.2146753133462055
2025-11-26,-0.02923780781645657,6.506518072004252e-05,-0.029232847300685472,6.0104664948946375e-05,0.056571208767530856,0.9999999999999998,12,1,-0.19615793819601035
2025-11-27,0.004059241361494148,6.520054947413298e-05,0.004079184943954256,4.5256967014024684e-05,0.19906590686819853,1.0,12,1,-0.15729550900746225
2025-11-28,0.01251187321558317,-9.23940906371758e-06,0.012343381081024894,0.00015925272549455882,0.2512400507680086,0.9999999999999999,10,1,-0.16467861185256416
2025-11-29,0.010569467219254832,-1.9229331486829646e-05,0.010349245847153596,0.00020099204061440687,0.5892303729005381,1.0,12,1,-0.16120190299459192
2025-11-30,0.004876392150058293,0.00014935534439842782,0.00455436319613629,0.0004713842983204305,0.48433924207359325,1.0,7,1,-0.17279661940562996
2025-12-01,0.06199047817650935,-7.161438644795532e-05,0.06153139239640252,0.0003874713936588746,0.2714176230038918,1.0,11,1,-0.2243623412598481
2025-12-02,-0.0865214241057422,-3.5931707721428376e-05,-0.08677448991186675,0.00021713409840311344,0.1802524399515022,1.0000000000000002,12,1,-0.18279362850372294
2025-12-03,-0.04507570992202864,0.0001416362877224451,-0.0450782755862674,0.00014420195196120176,1.4881740604662743,1.0,11,1,-0.15633171123081624
2025-12-04,0.017993301355040882,0.00012682274000856144,0.01692958484667642,0.0011905392483730194,1.0,1.0,2,1,-0.16797194591325393
2025-12-05,0.0,0.0,-0.0008,0.0008,1.0,0.0,0,1,-0.18928354487616594
2025-12-06,-0.006020377843060692,-2.6380724172694336e-05,-0.006846758567233387,0.0008,0.5851847973075688,1.0,3,1,-0.1969723432604703
2025-12-07,0.0033170923444876274,-4.109310382991254e-05,0.00280785140281166,0.00046814783784605504,0.6780410394490575,1.0,4,1,-0.1934353813767381
2025-12-08,-0.025919776657221373,0.00011261515580978141,-0.02634959433297084,0.000542432831559246,0.3439419378937441,1.0,7,1,-0.18734635636444508
2025-12-09,-0.026452232253129086,0.00012764336722805004,-0.02659974243621603,0.0002751535503149953,0.0551589201123754,1.0,5,1,-0.18664615687183495
2025-12-10,0.027020208544338092,9.85406370468188e-05,0.02707462204529501,4.412713608990032e-05,0.4803152640733776,0.9999999999999999,5,1,-0.2031543746263872
2025-12-11,0.027521463534457224,-0.00026258210811951164,0.02687462921507901,0.0003842522112587021,0.41199274926299445,1.0,7,1,-0.20263169693667094
2025-12-12,0.01781302084845863,-0.00021198352752800826,0.017271443121520222,0.0003295941994103956,0.2660549607886611,0.9999999999999998,5,1,-0.22123686052543223
2025-12-13,-0.006536631558556549,-0.0001652861610849102,-0.006914761688272388,0.00021284396863092888,0.515753032916235,1.0,5,1,-0.21715736481208225
2025-12-14,0.034964392848225,-0.00022291916715853725,0.034328871254733474,0.000412602426332988,0.16472034460154883,1.0,3,1,-0.23574725543492403
2025-12-15,0.028965901955966752,-0.00025334251190993755,0.028580783168375576,0.00013177627568123907,0.26129221554161075,1.0,3,1,-0.26002657020761943
2025-12-16,-0.018649846416309214,-0.00016961401599583555,-0.019028494204738337,0.0002090337724332886,0.33349763325797965,1.0,4,1,-0.24549472734692124
2025-12-17,0.048885567337753996,2.540371595980315e-05,0.04864417294710742,0.0002667981066063837,0.09948853872506178,0.9999999999999999,3,1,-0.263341853455606
2025-12-18,0.03111791027467104,-0.0002962790240835072,0.030742040419607486,7.959083098004942e-05,0.7325039978645799,1.0,3,1,-0.2604476094471292
2025-12-19,-0.06756061974772769,5.176340606711494e-05,-0.06809485953995223,0.0005860031982916639,0.7325039978645798,1.0,6,1,-0.23805339507320655
2025-12-20,-0.009574017622300314,0.000204142862161559,-0.00995587795843042,0.0005860031982916639,0.8448321640208253,1.0,3,1,-0.23321922595084899
2025-12-21,0.007312858501841034,4.320096232620302e-05,0.006680193732950577,0.0006758657312166602,0.7950121885572878,0.7950121885572878,1,1,-0.21298755735773012
2025-12-22,0.0,0.0,-0.0006360097508458303,0.0006360097508458303,0.0,0.0,0,1,-0.20871930467096034
2025-12-23,0.0,0.0,0.0,0.0,0.0,0.0,0,1,-0.22772705599802212
2025-12-24,0.0,0.0,0.0,0.0,1.0,0.0,0,1,-0.19559643639067514
2025-12-25,0.014055569397267473,0.00010957210953854376,0.013365141506806016,0.0008,0.6061553623776582,1.0,2,1,-0.20445302198679605
2025-12-26,-0.02523050178224663,5.4884496234197836e-05,-0.02566054157591456,0.0004849242899021266,0.684414450280783,1.0,3,1,-0.20313605098866283
2025-12-27,-0.0413449090450949,6.1013020573173367e-05,-0.04183142758474635,0.0005475315602246264,1.0,1.0,2,1,-0.21664543933442515
2025-12-28,0.0,0.0,-0.0008,0.0008,0.0,0.0,0,1,-0.23050296217915567
2025-12-29,0.0,0.0,0.0,0.0,0.0,0.0,0,1,-0.23498361242508037
2025-12-30,0.0,0.0,0.0,0.0,0.0,0.0,0,1,-0.2538717056761398
2025-12-31,0.0,0.0,0.0,0.0,0.0,0.0,0,1,-0.27284815153886954
2026-01-01,0.0,0.0,0.0,0.0,0.0,0.0,0,1,-0.2732195310792772
2026-01-02,0.0,0.0,0.0,0.0,0.0,0.0,0,1,-0.2647617521856548
2026-01-03,0.0,0.0,0.0,0.0,0.0,0.0,0,1,-0.2659951209908391
2026-01-04,0.0,0.0,0.0,0.0,0.0,0.0,0,1,-0.265841280285007
2026-01-05,0.0,0.0,0.0,0.0,0.0,0.0,0,1,-0.22643987583119318
2026-01-06,0.0,0.0,0.0,0.0,0.0,0.0,0,1,-0.23961456537174153
2026-01-07,0.0,0.0,0.0,0.0,0.0,0.0,0,1,-0.24881949476596754
2026-01-08,0.0,0.0,0.0,0.0,0.0,0.0,0,1,-0.1921227805729322
2026-01-09,0.0,0.0,0.0,0.0,0.0,0.0,0,1,-0.18064444366069177
2026-01-10,0.0,0.0,0.0,0.0,0.0,0.0,0,1,-0.2125847734963583
2026-01-11,0.0,0.0,0.0,0.0,0.0,0.0,0,1,-0.20977414150926188
2026-01-12,0.0,0.0,0.0,0.0,0.0,0.0,0,1,-0.19233907869977818
2026-01-13,0.0,0.0,0.0,0.0,0.0,0.0,0,1,-0.13842762807252096
2026-01-14,0.0,0.0,0.0,0.0,0.0,0.0,0,1,-0.10377843583706192
2026-01-15,0.0,0.0,0.0,0.0,0.0,0.0,0,1,-0.10163040310739191
2026-01-16,0.0,0.0,0.0,0.0,0.0,0.0,0,1,-0.1084211263332322
2026-01-17,0.0,0.0,0.0,0.0,0.0,0.0,0,1,-0.12412534926169261
2026-01-18,0.0,0.0,0.0,0.0,0.8930972303368422,0.0,0,1,-0.15258364495668042
2026-01-19,0.01137674608275202,-0.00020738610785651812,0.01045488219062603,0.0007144777842694737,0.3339180845588319,0.8930972303368422,1,1,-0.14469805650984668
2026-01-20,0.010501556636897502,-0.00013768668106491948,0.010096735488185517,0.00026713446764706553,0.1910752650303762,0.5591791457780103,1,1,-0.17800654688836803
2026-01-21,-0.015394738883744378,-0.000368307392809945,-0.015915906488578626,0.00015286021202430097,0.1829688779054751,0.7502544108083865,1,1,-0.18736043058952478
2026-01-22,-0.013842862006221191,4.160472098309952e-05,-0.013947632387562471,0.0001463751023243801,0.5672855329029114,0.5672855329029114,1,1,-0.19327556157144477
2026-01-23,0.0,0.0,-0.00045382842632232914,0.00045382842632232914,0.0,0.0,0,1,-0.19742645806859793
2026-01-24,0.0,0.0,0.0,0.0,0.0,0.0,0,1,-0.22111429215233835
2026-01-25,0.0,0.0,0.0,0.0,0.8825286551465558,0.0,0,1,-0.2405244068905117
2026-01-26,-0.009847204078131853,-8.710557826296506e-05,-0.010640332580512064,0.0007060229241172447,0.11747134485344424,0.8825286551465558,1,1,-0.2174256758852645
2026-01-27,-0.03730736634553855,1.873e-05,-0.0373826134214213,9.39770758827554e-05,0.1623355356225199,1.0,1,1,-0.18900474243901022
2026-01-28,0.01238884149636222,-2.680526286007939e-06,0.012256292541578196,0.00012986842849801593,0.22070499803391452,0.8376644643774801,1,1,-0.1755143700323747
2026-01-29,0.03882165782431626,1.1129948772837923e-05,0.03865622377466196,0.00017656399842713163,0.4138304281796577,0.6169594663435656,1,1,-0.22775844238585663
2026-01-30,0.005411452488754632,6.775835139290709e-05,0.005148146497603813,0.0003310643425437262,0.11504781988914076,1.0,2,1,-0.23477017134465938
2026-01-31,0.08557933667572369,6.31720668811829e-05,0.08555047048669356,9.203825591131261e-05,1.176517815076832,1.0,2,1,-0.28768839104791255
2026-02-01,0.02138625529293447,-0.00021698751336569937,0.020228053527507308,0.0009412142520614657,0.5531218428034688,1.0000000000000002,9,1,-0.2779368148370627
2026-02-02,-0.033175224702081965,-0.00011303005441334706,-0.03373075223073809,0.000442497474242775,0.12503733982286694,1.0000000000000002,14,1,-0.22432462003562337
2026-02-03,0.02571342426509966,-3.396932946835669e-05,0.02557942506377301,0.00010002987185829356,0.21424330738288028,1.0,13,1,-0.2706607471325251
2026-02-04,0.023261257560767582,7.636554407265202e-07,0.023090626570302003,0.00017139464590630422,0.1403880427521285,1.0000000000000002,14,1,-0.27805175627013723
2026-02-05,0.15288788769340253,1.1021936275153583e-05,0.15278659919547596,0.00011231043420170279,0.07782761369304239,0.9999999999999998,14,1,-0.3914333450784665
2026-02-06,-0.12497034133629918,-0.0003055157800118969,-0.12533811920726554,6.226209095443392e-05,0.0510247747782431,1.0,14,1,-0.31020843987394064
2026-02-07,0.005634416274707459,-4.024507337850101e-05,0.005553351381506364,4.081981982259448e-05,0.03679789878852901,1.0000000000000002,14,1,-0.33836053294812496
2026-02-08,0.00980389191189148,-0.00015313547624887344,0.009621318116611781,2.9438319030823208e-05,0.050557330995164254,1.0000000000000002,14,1,-0.3366938356817214
2026-02-09,0.00018464059963467207,-7.651978636860951e-05,6.767494846993115e-05,4.0445864796131404e-05,0.019858469161566993,0.9999999999999999,14,1,-0.31935386162720936
2026-02-10,0.03047318335078478,-0.0001283218008451893,0.03032897477461034,1.5886775329253596e-05,0.03902822242004444,1.0000000000000002,14,1,-0.32282113816337255
2026-02-11,0.02614153688960343,-0.0001233066143754982,0.025987007697291894,3.122257793603555e-05,0.04108216172935792,1.0000000000000002,14,1,-0.3271298880228952
2026-02-12,-0.009305996177822226,-2.325675437407139e-05,-0.009362118661579783,3.286572938348634e-05,0.042339935127179214,1.0,14,1,-0.2993477173279573
2026-02-13,-0.045403718117942915,2.7272838977439322e-05,-0.04541031722706722,3.387194810174337e-05,0.0852918045226079,1.0,14,1,-0.27981075823328305
2026-02-14,-0.056244670561263393,5.635445752585949e-05,-0.05625654954735562,6.823344361808633e-05,0.18317573570320037,1.0,14,1,-0.25924282835058166
2026-02-15,0.03613025085687236,-1.1228942819449035e-05,0.03597248132549035,0.0001465405885625603,0.11152448759042065,1.0,14,1,-0.25358442091055955
2026-02-16,-0.010016641540415967,-6.864569817802267e-05,-0.010174506828666326,8.921959007233652e-05,0.044992608589767474,0.9999999999999999,14,1,-0.2588807848733653
2026-02-17,0.014025953625735076,6.01684724574516e-06,0.013995976386109006,3.5994086871813984e-05,0.076682900030539,1.0000000000000002,14,1,-0.2626301922545239
2026-02-18,0.025117474966599655,-3.493136309886523e-05,0.02502119728347636,6.134632002443121e-05,0.047854726753132494,1.0,14,1,-0.2330045853815127
2026-02-19,0.002385310812071317,-0.0001300324781050938,0.0022169945525637173,3.8283781402506e-05,0.2446839636931742,1.0,14,1,-0.2129363582412288
2026-02-20,-0.02975625298133297,-1.1918171747836039e-05,-0.029963918324035343,0.00019574717095453936,0.1821341390939833,1.0000000000000002,11,1,-0.1973104072056242
2026-02-21,0.0014954336113833034,5.361557466677691e-05,0.0014033418747748938,0.00014570731127518664,0.05429652964462427,1.0000000000000002,13,1,-0.2174300206087708
2026-02-22,0.021194344181296006,-0.0001223312928724002,0.021028575664707908,4.343722371569941e-05,0.1298063894168473,0.9999999999999998,13,1,-0.2338161820615069
2026-02-23,0.0471674306915201,-0.0001933824820958595,0.046870203097890764,0.00010384511153347784,0.12802689813643667,1.0,14,1,-0.2599316797997345
2026-02-24,0.01089494260150513,-0.00012395339222585192,0.010668567690770129,0.00010242151850914934,0.06449444340546188,1.0,14,1,-0.291987558341009
2026-02-25,-0.10476437127526642,1.620515694452744e-05,-0.10479976167304625,5.159555472436951e-05,0.6034301282418566,0.9999999999999999,14,1,-0.25565930057551467
2026-02-26,0.01837033975947095,-4.608008709292992e-07,0.017887134856006535,0.0004827441025934853,0.3196748388102638,1.0,8,1,-0.25756925319050106
2026-02-27,0.033320070886259504,-8.284233143890738e-05,0.03298148868377238,0.00025573987104821104,0.04272712026502049,0.9999999999999999,11,1,-0.27465432710846693
2026-02-28,-0.006288903928362075,-0.00020783265411747286,-0.006530918278691564,3.418169621201639e-05,0.3640127212107354,1.0,11,1,-0.25889442718493894
2026-03-01,0.01683202257281636,-0.0001648927100428182,0.01637591968580495,0.00029121017696858836,0.21062226623729263,1.0,8,1,-0.23760690896272807
2026-03-02,-0.03300516317834753,-0.00018113951366330783,-0.03335480050500067,0.0001684978129898341,1.27642109819995,1.0000000000000002,8,1,-0.24600023452286102
2026-03-03,0.00422231462233141,-0.0003980085361865055,0.0028031692075849443,0.00102113687855996,0.7086659111772446,1.0,2,1,-0.2686044805609964
2026-03-04,-0.05208333333333348,7.593e-05,-0.052574336062275275,0.0005669327289417957,0.0,1.0,1,1,-0.2107172620761517
2026-03-05,0.011422570828511391,0.00013527,0.011557840828511391,0.0,0.02974312646812538,1.0,1,1,-0.20645099872883965
2026-03-06,0.02524026638856787,0.00010754327186227298,0.02532401515925564,2.3794501174500307e-05,0.02974312646812538,0.9702568735318746,1,1,-0.2367128527721193
2026-03-07,-0.0011573816465979547,0.00010234,-0.001078836147772455,2.3794501174500307e-05,1.0,1.0,1,1,-0.25583261571701477
2026-03-08,0.0,0.0,-0.0008,0.0008,1.0,0.0,0,1,-0.27233508588380195
2026-03-09,-0.003365254313849597,4.242e-05,-0.004122834313849597,0.0008,0.6803335752401216,1.0,1,1,-0.26170896733967763
2026-03-10,0.009965513840186076,-0.0002518319438369276,0.00916941503615705,0.0005442668601920973,0.05632196556438729,1.0,2,1,-0.24001087222418538
2026-03-11,-0.016689377822587188,-0.00017830212024855563,-0.016912737515287254,4.505757245150983e-05,0.03982148611834563,1.0,2,1,-0.24143710632315973
2026-03-12,-0.00822416400178518,4.1968459268832114e-05,-0.008214052731411023,3.18571888946765e-05,0.5813586688970303,1.0,2,1,-0.21888050041228158
2026-03-13,-0.01094501764435959,9.296353695356214e-05,-0.01131714104252365,0.0004650869351176242,0.2150409405710344,0.884524614210867,1,1,-0.21394302998182757
2026-03-14,-0.009708981242486474,3.6393132499061306e-05,-0.00984462086244424,0.00017203275245682753,0.6694836736398326,0.6694836736398326,1,1,-0.19229040794926855
2026-03-15,0.0,0.0,-0.0005355869389118661,0.0005355869389118661,1.0,0.0,0,1,-0.15755313989251063
2026-03-16,-0.01968722035198356,9.672e-05,-0.020390500351983556,0.0008,0.047421734169191376,1.0,1,1,-0.14779058209215246
2026-03-17,0.01642101778825727,3.7912614980066185e-05,0.016420993015901983,3.79373873353531e-05,0.014722766403649334,0.9525782658308086,1,1,-0.14302750761006766
2026-03-18,0.027497772493994616,-0.00010101641584329934,0.027384977865028397,1.1778213122919469e-05,0.06214450057284071,0.9378554994271593,1,1,-0.16692231281963088
2026-03-19,0.002672274061418567,0.00012073,0.0027432884609602942,4.971560045827257e-05,0.0,1.0,1,1,-0.2067264472190693
2026-03-20,-0.04153123078274623,0.00013336,-0.04139787078274623,0.0,0.12529704959052013,1.0,1,1,-0.20208263512105873
2026-03-21,0.02228119613045689,9.403931419852317e-05,0.022274997804982998,0.0001002376396724161,0.12529704959052013,0.8747029504094799,1,1,-0.2227432908341449
2026-03-22,-0.0107108081791627,4.7940000000000005e-05,-0.010763105818835116,0.0001002376396724161,0.003155593892206987,1.0,1,1,-0.2342577174692232
2026-03-23,-0.022536238339752303,0.0002271908085960271,-0.022311572006270042,2.52447511376559e-06,0.1579165526549905,0.996844406107793,1,1,-0.18976138481415006
2026-03-24,0.0011591767853260872,7.518471422644017e-05,0.001108028257428535,0.0001263332421239924,0.07388872554853343,0.8389278534528025,1,1,-0.195183464513913
2026-03-25,0.007118821119255761,-0.0001119843379118839,0.00694772580090505,5.9110980438826746e-05,0.912816579001336,0.912816579001336,1,1,-0.18220681143528317
2026-03-26,0.0,0.0,-0.0007302532632010688,0.0007302532632010688,0.0,0.0,0,1,-0.21221463566587495
2026-03-27,0.0,0.0,0.0,0.0,0.5993000636426125,0.0,0,1,-0.24439652325986516
2026-03-28,0.02789105308121938,-0.00039264941569736684,0.027018963614607924,0.00047944005091409,0.04721600007187299,0.5993000636426125,1,1,-0.24551384489396666
2026-03-29,-0.0008091565252997622,-0.0004113781713415271,-0.001258307496698788,3.777280005749839e-05,0.6465160637144854,0.6465160637144854,1,1,-0.24340133916950402
2026-03-30,0.0,0.0,-0.0005172128509715884,0.0005172128509715884,0.0,0.0,0,1,-0.2452187715151043
2026-03-31,0.0,0.0,0.0,0.0,0.0,0.0,0,1,-0.22106035736380836
2026-04-01,0.0,0.0,0.0,0.0,0.0,0.0,0,1,-0.2332601351351351
2026-04-02,0.0,0.0,0.0,0.0,0.0,0.0,0,1,-0.2566152388956703
2026-04-03,0.0,0.0,0.0,0.0,0.0,0.0,0,1,-0.26122403025305807
2026-04-04,0.0,0.0,0.0,0.0,0.0,0.0,0,1,-0.2647745119790682
2026-04-05,0.0,0.0,0.0,0.0,0.0,0.0,0,1,-0.26459033237265306
2026-04-06,0.0,0.0,0.0,0.0,0.0,0.0,0,1,-0.2656133948008709
2026-04-07,0.0,0.0,0.0,0.0,0.0,0.0,0,1,-0.21283505606166786
2026-04-08,0.0,0.0,0.0,0.0,0.0,0.0,0,1,-0.2198741925635681
2026-04-09,0.0,0.0,0.0,0.0,0.0,0.0,0,1,-0.208084446975617
2026-04-10,0.0,0.0,0.0,0.0,0.0,0.0,0,1,-0.19401213225215996
2026-04-11,0.0,0.0,0.0,0.0,0.0,0.0,0,1,-0.19734093777345862
2026-04-12,0.0,0.0,0.0,0.0,0.0,0.0,0,1,-0.22510591479037312
2026-04-13,0.0,0.0,0.0,0.0,0.0,0.0,0,1,-0.22008027243979567
2026-04-14,0.0,0.0,0.0,0.0,0.0,0.0,0,1,-0.23528525538165623
2026-04-15,0.0,0.0,0.0,0.0,0.0,0.0,0,1,-0.2175545400989669
2026-04-16,0.0,0.0,0.0,0.0,0.0,0.0,0,1,-0.21357183020134296
2026-04-17,0.0,0.0,0.0,0.0,0.0,0.0,0,1,-0.19007148722661305
2026-04-18,0.0,0.0,0.0,0.0,0.0,0.0,0,1,-0.19185378255389152
2026-04-19,0.0,0.0,0.0,0.0,0.0,0.0,0,1,-0.20338353335579817
2026-04-20,0.0,0.0,0.0,0.0,0.0,0.0,0,1,-0.14255475129708362
2026-04-21,0.0,0.0,0.0,0.0,0.0,0.0,0,1,-0.14677323025922862
2026-04-22,0.0,0.0,0.0,0.0,0.0,0.0,0,1,-0.12711003870708282
2026-04-23,0.0,0.0,0.0,0.0,0.0,0.0,0,1,-0.126642079440635
2026-04-24,0.0,0.0,0.0,0.0,0.0,0.0,0,1,-0.13215079047372358
2026-04-25,0.0,0.0,0.0,0.0,0.0,0.0,0,1,-0.10439818582482285
2026-04-26,0.0,0.0,0.0,0.0,0.0,0.0,0,1,-0.10970593631300363
2026-04-27,0.0,0.0,0.0,0.0,0.0,0.0,0,1,-0.13303691346647573
2026-04-28,0.0,0.0,0.0,0.0,0.0,0.0,0,1,-0.14523138143234993
2026-04-29,0.0,0.0,0.0,0.0,0.0,0.0,0,1,-0.1046608521748792
2026-04-30,0.0,0.0,0.0,0.0,0.0,0.0,0,1,-0.09388277596619932
