symbol,onboard_date,onboard_ts_ms
FETUSDT,2023-01-15,1673766000000
MAGICUSDT,2023-01-23,1674457200000
TUSDT,2023-01-31,1675148400000
HIGHUSDT,2023-02-03,1675407600000
MINAUSDT,2023-02-03,1675407600000
ASTRUSDT,2023-02-13,1676271600000
PHBUSDT,2023-02-15,1676444400000
GMXUSDT,2023-02-16,1676530800000
CFXUSDT,2023-02-19,1676790000000
STXUSDT,2023-02-20,1676876400000
ACHUSDT,2023-02-21,1676962800000
SSVUSDT,2023-02-23,1677135600000
CKBUSDT,2023-02-27,1677481200000
LQTYUSDT,2023-03-08,1678258800000
USDCUSDT,2023-03-12,1678579200000
ARBUSDT,2023-03-23,1679554800000
IDUSDT,2023-03-23,1679529600000
JOEUSDT,2023-03-28,1679961600000
TLMUSDT,2023-03-29,1680048000000
HFTUSDT,2023-04-05,1680652800000
XVSUSDT,2023-04-12,1681257600000
BLURUSDT,2023-04-27,1682553600000
EDUUSDT,2023-04-28,1682640000000
SUIUSDT,2023-05-03,1683072000000
1000PEPEUSDT,2023-05-05,1683244800000
1000FLOKIUSDT,2023-05-06,1683331200000
UMAUSDT,2023-05-09,1683590400000
NMRUSDT,2023-06-22,1687435200000
MAVUSDT,2023-06-29,1688040000000
XVGUSDT,2023-07-05,1688558400000
WLDUSDT,2023-07-24,1690200000000
ARKMUSDT,2023-07-28,1690512300000
PENDLEUSDT,2023-07-28,1690511400000
AGLDUSDT,2023-07-29,1690597800000
YGGUSDT,2023-08-05,1691206200000
DODOXUSDT,2023-08-08,1691496000000
BNTUSDT,2023-08-10,1691668800000
SEIUSDT,2023-08-17,1692239400000
CYBERUSDT,2023-08-21,1692619200000
ARKUSDT,2023-09-19,1695133800000
BICOUSDT,2023-09-28,1695904200000
BIGTIMEUSDT,2023-10-12,1697121000000
WAXPUSDT,2023-10-18,1697640300000
BSVUSDT,2023-10-20,1697805000000
RIFUSDT,2023-10-21,1697891400000
GASUSDT,2023-10-25,1698201900000
POLYXUSDT,2023-10-25,1698201000000
POWRUSDT,2023-10-27,1698373800000
TIAUSDT,2023-10-31,1698769800000
CAKEUSDT,2023-11-02,1698929100000
MEMEUSDT,2023-11-03,1699012800000
TWTUSDT,2023-11-03,1699021800000
ORDIUSDT,2023-11-07,1699360200000
STEEMUSDT,2023-11-08,1699453800000
ILVUSDT,2023-11-10,1699633800000
BEAMXUSDT,2023-11-17,1700227800000
KASUSDT,2023-11-17,1700186400000
1000BONKUSDT,2023-11-22,1700661600000
PYTHUSDT,2023-11-22,1700663400000
SUPERUSDT,2023-11-26,1701003600000
USTCUSDT,2023-11-27,1701088200000
ONGUSDT,2023-11-27,1701090000000
ETHWUSDT,2023-11-28,1701174600000
JTOUSDT,2023-12-08,1702029600000
1000SATSUSDT,2023-12-12,1702389600000
1000RATSUSDT,2023-12-15,1702648800000
AUCTIONUSDT,2023-12-15,1702645200000
ACEUSDT,2023-12-18,1702893600000
MOVRUSDT,2023-12-26,1703593800000
NFPUSDT,2023-12-27,1703680200000
XAIUSDT,2024-01-09,1704808800000
MANTAUSDT,2024-01-18,1705586400000
WIFUSDT,2024-01-18,1705587300000
ONDOUSDT,2024-01-20,1705755600000
ALTUSDT,2024-01-25,1706191200000
LSKUSDT,2024-01-25,1706192100000
JUPUSDT,2024-01-31,1706725800000
ZETAUSDT,2024-02-02,1706862600000
RONINUSDT,2024-02-06,1707193800000
DYMUSDT,2024-02-07,1707289200000
PIXELUSDT,2024-02-19,1708354800000
STRKUSDT,2024-02-20,1708448400000
GLMUSDT,2024-02-22,1708596000000
PORTALUSDT,2024-02-29,1709218800000
TONUSDT,2024-03-01,1709296200000
AXLUSDT,2024-03-01,1709307000000
METISUSDT,2024-03-12,1710232200000
AEVOUSDT,2024-03-13,1710336600000
VANRYUSDT,2024-03-13,1710351000000
BOMEUSDT,2024-03-16,1710592200000
ETHFIUSDT,2024-03-18,1710775800000
ENAUSDT,2024-04-02,1712061000000
WUSDT,2024-04-03,1712158200000
TNSRUSDT,2024-04-08,1712595600000
SAGAUSDT,2024-04-09,1712658600000
TAOUSDT,2024-04-11,1712845800000
REZUSDT,2024-04-30,1714485600000
BBUSDT,2024-05-13,1715603400000
NOTUSDT,2024-05-16,1715868000000
TURBOUSDT,2024-05-30,1717083000000
IOUSDT,2024-06-11,1718114400000
ZKUSDT,2024-06-17,1718622000000
MEWUSDT,2024-06-17,1718632800000
LISTAUSDT,2024-06-20,1718886600000
ZROUSDT,2024-06-20,1718893800000
RENDERUSDT,2024-07-26,1721988000000
RAREUSDT,2024-08-15,1723726800000
BANANAUSDT,2024-08-15,1723687200000
GUSDT,2024-08-15,1723725000000
SYNUSDT,2024-08-16,1723811400000
SYSUSDT,2024-08-19,1724070600000
BRETTUSDT,2024-08-20,1724150100000
POPCATUSDT,2024-08-22,1724331600000
SUNUSDT,2024-08-22,1724331900000
DOGSUSDT,2024-08-26,1724675400000
MBOXUSDT,2024-08-28,1724837400000
FLUXUSDT,2024-09-03,1725346800000
RPLUSDT,2024-09-09,1725885000000
POLUSDT,2024-09-13,1726229700000
1MBABYDOGEUSDT,2024-09-16,1726486500000
NEIROUSDT,2024-09-16,1726486200000
FIDAUSDT,2024-09-19,1726749000000
CATIUSDT,2024-09-20,1726831800000
HMSTRUSDT,2024-09-26,1727353800000
COSUSDT,2024-09-30,1727701200000
EIGENUSDT,2024-10-01,1727762400000
DIAUSDT,2024-10-02,1727872200000
1000CATUSDT,2024-10-21,1729513800000
SCRUSDT,2024-10-22,1729591200000
GOATUSDT,2024-10-24,1729776600000
SAFEUSDT,2024-10-25,1729859400000
MOODENGUSDT,2024-10-25,1729850400000
SANTOSUSDT,2024-10-28,1730124000000
CETUSUSDT,2024-11-06,1730901600000
COWUSDT,2024-11-06,1730899800000
1000000MOGUSDT,2024-11-07,1730982600000
GRASSUSDT,2024-11-08,1731079800000
DRIFTUSDT,2024-11-08,1731081600000
PNUTUSDT,2024-11-11,1731327300000
ACTUSDT,2024-11-11,1731327300000
BANUSDT,2024-11-18,1731929400000
AKTUSDT,2024-11-18,1731929400000
SCRTUSDT,2024-11-21,1732188600000
1000CHEEMSUSDT,2024-11-25,1732535100000
CHILLGUYUSDT,2024-11-27,1732718700000
MORPHOUSDT,2024-11-27,1732717800000
THEUSDT,2024-11-27,1732709700000
AEROUSDT,2024-12-04,1733321700000
KAIAUSDT,2024-12-04,1733320800000
ORCAUSDT,2024-12-06,1733497200000
ACXUSDT,2024-12-06,1733497200000
MOVEUSDT,2024-12-09,1733752800000
MEUSDT,2024-12-10,1733850000000
KOMAUSDT,2024-12-10,1733832900000
SPXUSDT,2024-12-10,1733834700000
RAYSOLUSDT,2024-12-10,1733832000000
VIRTUALUSDT,2024-12-10,1733833800000
AVAUSDT,2024-12-13,1734094800000
VELODROMEUSDT,2024-12-13,1734106500000
MOCAUSDT,2024-12-16,1734348600000
VANAUSDT,2024-12-16,1734355800000
PENGUUSDT,2024-12-17,1734452100000
USUALUSDT,2024-12-18,1734526800000
LUMIAUSDT,2024-12-18,1734521400000
KMNOUSDT,2024-12-20,1734721200000
FARTCOINUSDT,2024-12-20,1734720300000
CGPTUSDT,2024-12-20,1734722100000
AIXBTUSDT,2024-12-20,1734719400000
HIVEUSDT,2024-12-23,1734953400000
DEXEUSDT,2024-12-24,1735039800000
PHAUSDT,2024-12-30,1735558200000
GRIFFAINUSDT,2025-01-02,1735824600000
ZEREBROUSDT,2025-01-02,1735826400000
BIOUSDT,2025-01-03,1735906500000
COOKIEUSDT,2025-01-07,1736249400000
SWARMSUSDT,2025-01-07,1736252100000
ALCHUSDT,2025-01-07,1736250300000
SONICUSDT,2025-01-08,1736319600000
DUSDT,2025-01-09,1736416800000
PROMUSDT,2025-01-15,1736944200000
SUSDT,2025-01-16,1737021600000
ARCUSDT,2025-01-17,1737118800000
AVAAIUSDT,2025-01-17,1737119700000
SOLVUSDT,2025-01-17,1737116100000
TRUMPUSDT,2025-01-18,1737205200000
MELANIAUSDT,2025-01-20,1737365400000
VTHOUSDT,2025-01-22,1737538200000
ANIMEUSDT,2025-01-23,1737651600000
PIPPINUSDT,2025-01-24,1737713700000
VVVUSDT,2025-01-29,1738138500000
BERAUSDT,2025-02-06,1738854000000
TSTUSDT,2025-02-09,1739106000000
LAYERUSDT,2025-02-11,1739288700000
HEIUSDT,2025-02-13,1739437200000
IPUSDT,2025-02-13,1739466000000
SHELLUSDT,2025-02-17,1739812500000
GPSUSDT,2025-02-17,1739811600000
KAITOUSDT,2025-02-20,1740056400000
REDUSDT,2025-03-06,1741276800000
VICUSDT,2025-03-12,1741798800000
EPICUSDT,2025-03-13,1741852800000
MUBARAKUSDT,2025-03-17,1742219100000
BMTUSDT,2025-03-17,1742218200000
FORMUSDT,2025-03-19,1742371200000
TUTUSDT,2025-03-20,1742461200000
PLUMEUSDT,2025-03-21,1742562000000
BRUSDT,2025-03-21,1742561100000
BROCCOLIF3BUSDT,2025-03-21,1742548500000
BROCCOLI714USDT,2025-03-21,1742547600000
BANANAS31USDT,2025-03-22,1742634900000
SIRENUSDT,2025-03-22,1742634000000
NILUSDT,2025-03-24,1742821200000
PARTIUSDT,2025-03-25,1742907600000
JELLYJELLYUSDT,2025-03-26,1743004800000
MAVIAUSDT,2025-03-26,1743005700000
WALUSDT,2025-03-27,1743089400000
PAXGUSDT,2025-03-27,1743071400000
MLNUSDT,2025-03-31,1743410700000
GUNUSDT,2025-03-31,1743426000000
ATHUSDT,2025-04-02,1743608700000
BABYUSDT,2025-04-05,1743859800000
PROMPTUSDT,2025-04-11,1744353000000
FHEUSDT,2025-04-12,1744470000000
STOUSDT,2025-04-12,1744469100000
KERNELUSDT,2025-04-14,1744632000000
WCTUSDT,2025-04-15,1744714800000
AERGOUSDT,2025-04-16,1744801200000
INITUSDT,2025-04-16,1744785000000
BANKUSDT,2025-04-18,1745001000000
DEEPUSDT,2025-04-22,1745310600000
HYPERUSDT,2025-04-22,1745326800000
JSTUSDT,2025-04-28,1745832600000
SIGNUSDT,2025-04-28,1745838000000
AIOTUSDT,2025-04-30,1746016200000
PUNDIXUSDT,2025-04-30,1746007200000
CTKUSDT,2025-04-30,1746008100000
DOLOUSDT,2025-05-01,1746068400000
HAEDALUSDT,2025-05-01,1746069300000
SXTUSDT,2025-05-02,1746174600000
ASRUSDT,2025-05-06,1746523800000
B2USDT,2025-05-06,1746538200000
ALPINEUSDT,2025-05-06,1746524700000
SYRUPUSDT,2025-05-07,1746606600000
DOODUSDT,2025-05-09,1746797400000
OGUSDT,2025-05-12,1747040400000
SKYAIUSDT,2025-05-13,1747129500000
NXPCUSDT,2025-05-15,1747290600000
CVCUSDT,2025-05-16,1747384200000
AGTUSDT,2025-05-20,1747737000000
AWEUSDT,2025-05-21,1747814400000
BUSDT,2025-05-22,1747931400000
SOONUSDT,2025-05-23,1747989000000
HUMAUSDT,2025-05-26,1748264400000
AUSDT,2025-05-28,1748419200000
SOPHUSDT,2025-05-28,1748437200000
MERLUSDT,2025-05-29,1748507400000
HYPEUSDT,2025-05-30,1748601000000
LAUSDT,2025-06-05,1749114000000
1000000BOBUSDT,2025-06-05,1749112200000
RESOLVUSDT,2025-06-10,1749562200000
HOMEUSDT,2025-06-10,1749555000000
TAIKOUSDT,2025-06-11,1749645000000
SQDUSDT,2025-06-11,1749645900000
PUMPBTCUSDT,2025-06-13,1749808800000
SPKUSDT,2025-06-17,1750150800000
FUSDT,2025-06-18,1750250700000
MYXUSDT,2025-06-18,1750249800000
NEWTUSDT,2025-06-19,1750343400000
HUSDT,2025-06-25,1750843800000
SAHARAUSDT,2025-06-26,1750939200000
ICNTUSDT,2025-07-03,1751547600000
IDOLUSDT,2025-07-04,1751620500000
BULLAUSDT,2025-07-04,1751619600000
MUSDT,2025-07-07,1751880600000
CROSSUSDT,2025-07-10,1752143400000
AINUSDT,2025-07-10,1752144300000
PUMPUSDT,2025-07-10,1752132600000
CUSDT,2025-07-15,1752570000000
VELVETUSDT,2025-07-15,1752570900000
TACUSDT,2025-07-15,1752575400000
ERAUSDT,2025-07-17,1752759000000
TAUSDT,2025-07-21,1753083000000
CVXUSDT,2025-07-23,1753270200000
SLPUSDT,2025-07-23,1753271100000
ZORAUSDT,2025-07-25,1753441200000
TAGUSDT,2025-07-25,1753442100000
TREEUSDT,2025-07-29,1753797600000
ESPORTSUSDT,2025-07-29,1753783200000
NAORISUSDT,2025-07-31,1753965000000
PLAYUSDT,2025-07-31,1753954200000
PROVEUSDT,2025-08-05,1754413200000
TOWNSUSDT,2025-08-05,1754404200000
ALLUSDT,2025-08-06,1754470800000
CARVUSDT,2025-08-07,1754585100000
INUSDT,2025-08-07,1754562600000
AIOUSDT,2025-08-13,1755084600000
XNYUSDT,2025-08-13,1755085500000
USELESSUSDT,2025-08-15,1755260100000
SAPIENUSDT,2025-08-20,1755711000000
XPLUSDT,2025-08-22,1755855000000
WLFIUSDT,2025-08-23,1755937800000
SOMIUSDT,2025-08-25,1756114200000
BASUSDT,2025-08-26,1756215000000
BTRUSDT,2025-08-27,1756290600000
MITOUSDT,2025-08-28,1756391400000
HEMIUSDT,2025-08-29,1756441800000
LINEAUSDT,2025-09-01,1756715400000
QUSDT,2025-09-02,1756798200000
TAKEUSDT,2025-09-03,1756898100000
PTBUSDT,2025-09-03,1756902600000
ARIAUSDT,2025-09-03,1756897200000
OPENUSDT,2025-09-08,1757336400000
SKYUSDT,2025-09-09,1757401200000
FLOCKUSDT,2025-09-09,1757400300000
AVNTUSDT,2025-09-09,1757430000000
HOLOUSDT,2025-09-11,1757592000000
XPINUSDT,2025-09-12,1757664000000
UBUSDT,2025-09-12,1757673000000
ZKCUSDT,2025-09-15,1757944800000
STBLUSDT,2025-09-17,1758087900000
TOSHIUSDT,2025-09-17,1758087000000
0GUSDT,2025-09-17,1758123900000
BARDUSDT,2025-09-18,1758193200000
TRADOORUSDT,2025-09-19,1758285000000
ASTERUSDT,2025-09-19,1758283200000
BLESSUSDT,2025-09-23,1758619800000
FLUIDUSDT,2025-09-24,1758708900000
COAIUSDT,2025-09-25,1758785400000
AKEUSDT,2025-09-26,1758889800000
HANAUSDT,2025-09-26,1758886200000
ORDERUSDT,2025-09-26,1758890700000
MIRAUSDT,2025-09-26,1758888000000
LIGHTUSDT,2025-09-27,1758972600000
FFUSDT,2025-09-29,1759150800000
XANUSDT,2025-09-29,1759141800000
EDENUSDT,2025-09-30,1759230000000
TRUTHUSDT,2025-10-01,1759321800000
NOMUSDT,2025-10-01,1759305600000
2ZUSDT,2025-10-02,1759408200000
EVAAUSDT,2025-10-03,1759487400000
LYNUSDT,2025-10-06,1759735800000
KGENUSDT,2025-10-07,1759847400000
4USDT,2025-10-08,1759923000000
GIGGLEUSDT,2025-10-09,1760003100000
MONUSDT,2025-10-10,1760080500000
YBUSDT,2025-10-10,1760107500000
METUSDT,2025-10-11,1760185800000
EULUSDT,2025-10-13,1760365800000
ENSOUSDT,2025-10-14,1760432400000
CLOUSDT,2025-10-14,1760441400000
RECALLUSDT,2025-10-15,1760531400000
ZBTUSDT,2025-10-17,1760700600000
RIVERUSDT,2025-10-17,1760712300000
LABUSDT,2025-10-17,1760711400000
币安人生USDT,2025-10-20,1760958000000
BLUAIUSDT,2025-10-21,1761046200000
TURTLEUSDT,2025-10-22,1761145200000
APRUSDT,2025-10-23,1761215400000
ONUSDT,2025-10-24,1761294600000
KITEUSDT,2025-10-29,1761733800000
ATUSDT,2025-10-29,1761737400000
CCUSDT,2025-10-31,1761912000000
MMTUSDT,2025-11-04,1762257600000
TRUSTUSDT,2025-11-05,1762335000000
STABLEUSDT,2025-11-06,1762430400000
UAIUSDT,2025-11-06,1762428600000
FOLKSUSDT,2025-11-06,1762432200000
JCTUSDT,2025-11-10,1762770600000
ALLOUSDT,2025-11-11,1762869600000
CLANKERUSDT,2025-11-12,1762948800000
BEATUSDT,2025-11-12,1762949700000
SENTUSDT,2025-11-14,1763124300000
PIEVERSEUSDT,2025-11-14,1763119800000
IRYSUSDT,2025-11-26,1764172800000
POWERUSDT,2025-12-06,1765011600000
NIGHTUSDT,2025-12-10,1765364400000
WETUSDT,2025-12-10,1765350000000
CYSUSDT,2025-12-12,1765537200000
USUSDT,2025-12-12,1765536300000
RAVEUSDT,2025-12-14,1765726200000
ZKPUSDT,2025-12-21,1766311200000
GUAUSDT,2025-12-21,1766312100000
LITUSDT,2025-12-23,1766511000000
BREVUSDT,2025-12-30,1767091500000
COLLECTUSDT,2025-12-31,1767186900000
MAGMAUSDT,2025-12-31,1767187800000
ZAMAUSDT,2026-01-09,1767949200000
FOGOUSDT,2026-01-10,1768053600000
FRAXUSDT,2026-01-15,1768464000000
SPORTFUNUSDT,2026-01-16,1768571100000
AIAUSDT,2026-01-20,1768907700000
ACUUSDT,2026-01-21,1768999500000
我踏马来了USDT,2026-01-21,1769005800000
ELSAUSDT,2026-01-22,1769066700000
SKRUSDT,2026-01-22,1769078700000
SPACEUSDT,2026-01-23,1769168700000
FIGHTUSDT,2026-01-23,1769170500000
GWEIUSDT,2026-01-29,1769664600000
BIRBUSDT,2026-01-29,1769663700000
INXUSDT,2026-01-30,1769799600000
MEGAUSDT,2026-01-30,1769775300000
TRIAUSDT,2026-02-06,1770380100000
ESPUSDT,2026-02-10,1770711000000
AZTECUSDT,2026-02-11,1770784200000
OPNUSDT,2026-02-21,1771686000000
ROBOUSDT,2026-02-27,1772181900000
KATUSDT,2026-03-02,1772427600000
MANTRAUSDT,2026-03-04,1772611200000
龙虾USDT,2026-03-11,1773228600000
CFGUSDT,2026-03-16,1773666000000
EDGEUSDT,2026-03-19,1773928800000
BSBUSDT,2026-03-25,1774439100000
XAUTUSDT,2026-03-26,1774533600000
BASEDUSDT,2026-03-30,1774864800000
PRLUSDT,2026-04-01,1775039400000
CHIPUSDT,2026-04-16,1776323700000
GENIUSUSDT,2026-04-16,1776310200000
OPGUSDT,2026-04-22,1776871800000
AIGENSYNUSDT,2026-04-29,1777472100000
BILLUSDT,2026-05-07,1778141700000
STARUSDT,2026-05-14,1778736600000
PHAROSUSDT,2026-05-14,1778735700000
