,Gold,Silver,Copper
2021-07-06,1793.5,26.15399932861328,4.257999897003174
2021-07-07,1801.5,26.110000610351562,4.328999996185303
2021-07-08,1799.5999755859375,25.966999053955078,4.271500110626221
2021-07-09,1810.0,26.211000442504883,4.352499961853027
2021-07-12,1805.5,26.216999053955078,4.322999954223633
2021-07-13,1809.4000244140625,26.114999771118164,4.314499855041504
2021-07-14,1824.300048828125,26.246000289916992,4.2769999504089355
2021-07-15,1828.4000244140625,26.375,4.333000183105469
2021-07-16,1814.5,25.777000427246094,4.332499980926514
2021-07-19,1808.699951171875,25.125999450683594,4.2104997634887695
2021-07-20,1810.9000244140625,24.976999282836914,4.273499965667725
2021-07-21,1802.9000244140625,25.238000869750977,4.28249979019165
2021-07-22,1805.0,25.364999771118164,4.3480000495910645
2021-07-23,1801.4000244140625,25.218000411987305,4.406499862670898
2021-07-26,1798.699951171875,25.295000076293945,4.589000225067139
2021-07-27,1799.5,24.631999969482422,4.546000003814697
2021-07-28,1799.5,24.856000900268555,4.479000091552734
2021-07-29,1831.199951171875,25.763999938964844,4.519999980926514
2021-07-30,1812.5999755859375,25.527999877929688,4.480500221252441
2021-08-02,1818.0999755859375,25.55699920654297,4.432000160217285
2021-08-03,1810.0999755859375,25.56599998474121,4.382999897003174
2021-08-04,1810.5,25.445999145507812,4.329999923706055
2021-08-05,1805.0999755859375,25.277000427246094,4.3454999923706055
2021-08-06,1760.0,24.312000274658203,4.3454999923706055
2021-08-09,1723.4000244140625,23.2549991607666,4.2870001792907715
2021-08-10,1728.800048828125,23.37700080871582,4.351500034332275
2021-08-11,1750.4000244140625,23.474000930786133,4.363999843597412
2021-08-12,1749.0,23.104999542236328,4.355999946594238
2021-08-13,1775.199951171875,23.76799964904785,4.38700008392334
2021-08-16,1786.9000244140625,23.780000686645508,4.322000026702881
2021-08-17,1785.0,23.648000717163086,4.199999809265137
2021-08-18,1781.5999755859375,23.41200065612793,4.116000175476074
2021-08-19,1780.199951171875,23.219999313354492,4.03849983215332
2021-08-20,1781.0,23.104999542236328,4.134500026702881
2021-08-23,1803.199951171875,23.64900016784668,4.234499931335449
2021-08-24,1805.5999755859375,23.889999389648438,4.255000114440918
2021-08-25,1788.199951171875,23.770999908447266,4.264999866485596
2021-08-26,1792.199951171875,23.54599952697754,4.245999813079834
2021-08-27,1816.5999755859375,24.059999465942383,4.316500186920166
2021-08-30,1809.0,23.959999084472656,4.361000061035156
2021-08-31,1815.0,23.959999084472656,4.360000133514404
2021-09-01,1813.0999755859375,24.177000045776367,4.263000011444092
2021-09-02,1808.699951171875,23.875,4.289999961853027
2021-09-03,1830.9000244140625,24.761999130249023,4.325500011444092
2021-09-07,1795.9000244140625,24.333999633789062,4.277500152587891
2021-09-08,1790.699951171875,24.011999130249023,4.23199987411499
2021-09-09,1797.4000244140625,24.132999420166016,4.2835001945495605
2021-09-10,1789.5999755859375,23.854999542236328,4.447999954223633
2021-09-13,1792.0,23.753000259399414,4.363500118255615
2021-09-14,1804.699951171875,23.841999053955078,4.317999839782715
2021-09-15,1792.4000244140625,23.759000778198242,4.403500080108643
2021-09-16,1754.5999755859375,22.75200080871582,4.278500080108643
2021-09-17,1749.4000244140625,22.295000076293945,4.245500087738037
2021-09-20,1761.800048828125,22.163000106811523,4.117000102996826
2021-09-21,1776.0,22.572999954223633,4.127999782562256
2021-09-22,1776.699951171875,22.868999481201172,4.252500057220459
2021-09-23,1747.699951171875,22.642000198364258,4.230999946594238
2021-09-24,1749.699951171875,22.38800048828125,4.287499904632568
2021-09-27,1750.0,22.656999588012695,4.293499946594238
2021-09-28,1735.800048828125,22.43000030517578,4.244999885559082
2021-09-29,1721.5,21.458999633789062,4.199999809265137
2021-09-30,1755.300048828125,22.020999908447266,4.090000152587891
2021-10-01,1757.0,22.510000228881836,4.19350004196167
2021-10-04,1766.199951171875,22.618000030517578,4.246500015258789
2021-10-05,1759.5999755859375,22.582000732421875,4.202000141143799
2021-10-06,1760.5,22.506000518798828,4.1570000648498535
2021-10-07,1757.9000244140625,22.631999969482422,4.250999927520752
2021-10-08,1756.300048828125,22.679000854492188,4.2829999923706055
2021-10-11,1754.5999755859375,22.639999389648438,4.374499797821045
2021-10-12,1758.300048828125,22.490999221801758,4.328999996185303
2021-10-13,1793.699951171875,23.14900016784668,4.520500183105469
2021-10-14,1796.699951171875,23.45599937438965,4.631499767303467
2021-10-15,1767.199951171875,23.327999114990234,4.734000205993652
2021-10-18,1764.800048828125,23.243000030517578,4.730500221252441
2021-10-19,1769.699951171875,23.86199951171875,4.714000225067139
2021-10-20,1784.0999755859375,24.423999786376953,4.75600004196167
2021-10-21,1781.199951171875,24.149999618530273,4.58650016784668
2021-10-22,1795.5,24.429000854492188,4.526000022888184
2021-10-25,1806.0,24.57200050354004,4.551499843597412
2021-10-26,1792.699951171875,24.086000442504883,4.486499786376953
2021-10-27,1797.9000244140625,24.18899917602539,4.38700008392334
2021-10-28,1801.5999755859375,24.117000579833984,4.4375
2021-10-29,1783.0,23.94499969482422,4.375500202178955
2021-11-01,1795.0999755859375,24.06399917602539,4.4019999504089355
2021-11-02,1788.699951171875,23.5,4.374000072479248
2021-11-03,1763.5999755859375,23.22599983215332,4.326000213623047
2021-11-04,1793.0,23.9060001373291,4.326000213623047
2021-11-05,1816.4000244140625,24.152000427246094,4.348999977111816
2021-11-08,1827.4000244140625,24.53700065612793,4.40500020980835
2021-11-09,1830.199951171875,24.312999725341797,4.380000114440918
2021-11-10,1847.5999755859375,24.767000198364258,4.328000068664551
2021-11-11,1863.199951171875,25.301000595092773,4.4045000076293945
2021-11-12,1867.9000244140625,25.3439998626709,4.45550012588501
2021-11-15,1866.0999755859375,25.10700035095215,4.4070000648498535
2021-11-16,1853.5999755859375,24.944000244140625,4.358500003814697
2021-11-17,1869.699951171875,25.16699981689453,4.2729997634887695
2021-11-18,1861.0,24.900999069213867,4.309999942779541
2021-11-19,1851.199951171875,24.780000686645508,4.4085001945495605
2021-11-22,1806.0,24.297000885009766,4.395500183105469
2021-11-23,1783.5,23.434999465942383,4.423500061035156
2021-11-24,1784.0999755859375,23.496000289916992,4.458000183105469
2021-11-26,1785.300048828125,23.10700035095215,4.281499862670898
2021-11-29,1782.300048828125,22.798999786376953,4.336999893188477
2021-11-30,1773.5999755859375,22.764999389648438,4.2779998779296875
2021-12-01,1781.5999755859375,22.298999786376953,4.247499942779541
2021-12-02,1760.699951171875,22.280000686645508,4.298999786376953
2021-12-03,1782.0,22.44499969482422,4.266499996185303
2021-12-06,1777.5,22.22800064086914,4.336999893188477
2021-12-07,1782.5999755859375,22.48699951171875,4.3379998207092285
2021-12-08,1783.4000244140625,22.389999389648438,4.390999794006348
2021-12-09,1774.5999755859375,21.974000930786133,4.329999923706055
2021-12-10,1782.9000244140625,22.15999984741211,4.2829999923706055
2021-12-13,1786.300048828125,22.290000915527344,4.28000020980835
2021-12-14,1770.4000244140625,21.886999130249023,4.254000186920166
2021-12-15,1762.5999755859375,21.507999420166016,4.179500102996826
2021-12-16,1796.5999755859375,22.454999923706055,4.30049991607666
2021-12-17,1803.800048828125,22.506999969482422,4.290999889373779
2021-12-20,1793.699951171875,22.274999618530273,4.288000106811523
2021-12-21,1787.9000244140625,22.50200080871582,4.3379998207092285
2021-12-22,1801.5999755859375,22.79199981689453,4.389500141143799
2021-12-23,1811.199951171875,22.930999755859375,4.38700008392334
2021-12-27,1808.0999755859375,22.979000091552734,4.465000152587891
2021-12-28,1810.199951171875,23.111000061035156,4.420000076293945
2021-12-29,1805.0999755859375,22.847999572753906,4.4019999504089355
2021-12-30,1812.699951171875,23.027999877929688,4.384500026702881
2021-12-31,1827.5,23.327999114990234,4.454999923706055
2022-01-03,1799.4000244140625,22.790000915527344,4.4145002365112305
2022-01-04,1814.0,23.038000106811523,4.466000080108643
2022-01-05,1824.5999755859375,23.149999618530273,4.4045000076293945
2022-01-06,1788.699951171875,22.173999786376953,4.3480000495910645
2022-01-07,1797.0,22.393999099731445,4.4029998779296875
2022-01-10,1798.4000244140625,22.445999145507812,4.3445000648498535
2022-01-11,1818.5999755859375,22.805999755859375,4.420499801635742
2022-01-12,1827.199951171875,23.200000762939453,4.564000129699707
2022-01-13,1821.199951171875,23.155000686645508,4.533999919891357
2022-01-14,1816.5,22.910999298095703,4.411499977111816
2022-01-18,1812.300048828125,23.48699951171875,4.375999927520752
2022-01-19,1843.0999755859375,24.22599983215332,4.462500095367432
2022-01-20,1842.5,24.711000442504883,4.576499938964844
2022-01-21,1831.800048828125,24.31399917602539,4.512499809265137
2022-01-24,1841.699951171875,23.795000076293945,4.4029998779296875
2022-01-25,1852.699951171875,23.895999908447266,4.442999839782715
2022-01-26,1829.9000244140625,23.80699920654297,4.504499912261963
2022-01-27,1793.300048828125,22.67300033569336,4.413000106811523
2022-01-28,1784.9000244140625,22.302000045776367,4.302999973297119
2022-01-31,1795.0,22.395000457763672,4.317999839782715
2022-02-01,1800.300048828125,22.59600067138672,4.428999900817871
2022-02-02,1809.199951171875,22.711000442504883,4.491000175476074
2022-02-03,1803.0,22.375,4.4664998054504395
2022-02-04,1806.5999755859375,22.475000381469727,4.483500003814697
2022-02-07,1820.5999755859375,23.076000213623047,4.46150016784668
2022-02-08,1826.5999755859375,23.19499969482422,4.459499835968018
2022-02-09,1835.199951171875,23.336000442504883,4.600500106811523
2022-02-10,1836.199951171875,23.518999099731445,4.65749979019165
2022-02-11,1840.800048828125,23.365999221801758,4.505000114440918
2022-02-14,1868.0,23.844999313354492,4.507500171661377
2022-02-15,1854.800048828125,23.33799934387207,4.531499862670898
2022-02-16,1870.199951171875,23.60099983215332,4.540500164031982
2022-02-17,1900.699951171875,23.874000549316406,4.525000095367432
2022-02-18,1898.5999755859375,23.990999221801758,4.519499778747559
2022-02-22,1906.0999755859375,24.31100082397461,4.510000228881836
2022-02-23,1909.199951171875,24.55500030517578,4.481500148773193
2022-02-24,1925.0999755859375,24.68600082397461,4.453999996185303
2022-02-25,1886.5,23.996999740600586,4.4720001220703125
2022-02-28,1899.4000244140625,24.361000061035156,4.444499969482422
2022-03-01,1942.4000244140625,25.534000396728516,4.58650016784668
2022-03-02,1920.9000244140625,25.183000564575195,4.6554999351501465
2022-03-03,1934.4000244140625,25.204999923706055,4.771500110626221
2022-03-04,1965.0999755859375,25.781999588012695,4.928999900817871
2022-03-07,1993.9000244140625,25.71299934387207,4.7220001220703125
2022-03-08,2040.0999755859375,26.88800048828125,4.700500011444092
2022-03-09,1985.9000244140625,25.756999969482422,4.564000129699707
2022-03-10,1998.0999755859375,26.20199966430664,4.643499851226807
2022-03-11,1982.699951171875,26.106000900268555,4.616000175476074
2022-03-14,1959.5999755859375,25.243999481201172,4.512499809265137
2022-03-15,1928.5,25.12299919128418,4.501500129699707
2022-03-16,1908.0,24.670000076293945,4.5879998207092285
2022-03-17,1942.0999755859375,25.583999633789062,4.690499782562256
2022-03-18,1928.199951171875,25.05500030517578,4.730500221252441
2022-03-21,1928.5999755859375,25.281999588012695,4.701499938964844
2022-03-22,1920.699951171875,24.885000228881836,4.689000129699707
2022-03-23,1936.5999755859375,25.170000076293945,4.762499809265137
2022-03-24,1961.5999755859375,25.899999618530273,4.729000091552734
2022-03-25,1953.800048828125,25.594999313354492,4.685999870300293
2022-03-28,1939.5999755859375,25.176000595092773,4.714000225067139
2022-03-29,1912.0,24.715999603271484,4.7164998054504395
2022-03-30,1933.5,25.10300064086914,4.739500045776367
2022-03-31,1949.199951171875,25.121000289916992,4.743000030517578
2022-04-01,1919.0999755859375,24.642000198364258,4.682499885559082
2022-04-04,1929.199951171875,24.583999633789062,4.776500225067139
2022-04-05,1922.9000244140625,24.527999877929688,4.790999889373779
2022-04-06,1918.4000244140625,24.454999923706055,4.733500003814697
2022-04-07,1933.800048828125,24.732999801635742,4.695000171661377
2022-04-08,1941.5999755859375,24.819000244140625,4.71999979019165
2022-04-11,1944.300048828125,24.97800064086914,4.628499984741211
2022-04-12,1972.0999755859375,25.725000381469727,4.703999996185303
2022-04-13,1981.0,26.020000457763672,4.706999778747559
2022-04-14,1970.9000244140625,25.690000534057617,4.7170000076293945
2022-04-18,1982.9000244140625,26.139999389648438,4.796000003814697
2022-04-19,1955.699951171875,25.391000747680664,4.714000225067139
2022-04-20,1952.300048828125,25.270000457763672,4.649499893188477
2022-04-21,1944.9000244140625,24.621000289916992,4.703499794006348
2022-04-22,1931.0,24.256999969482422,4.582499980926514
2022-04-25,1893.199951171875,23.667999267578125,4.448999881744385
2022-04-26,1901.4000244140625,23.54199981689453,4.440000057220459
2022-04-27,1885.9000244140625,23.45800018310547,4.454500198364258
2022-04-28,1888.699951171875,23.128999710083008,4.41349983215332
2022-04-29,1909.300048828125,23.040000915527344,4.394999980926514
2022-05-02,1861.800048828125,22.54400062561035,4.255499839782715
2022-05-03,1868.800048828125,22.621000289916992,4.270999908447266
2022-05-04,1867.0,22.36199951171875,4.328499794006348
2022-05-05,1874.0,22.399999618530273,4.284999847412109
2022-05-06,1881.199951171875,22.325000762939453,4.261499881744385
2022-05-09,1857.0999755859375,21.781999588012695,4.192999839782715
2022-05-10,1839.9000244140625,21.389999389648438,4.1545000076293945
2022-05-11,1852.5999755859375,21.549999237060547,4.212500095367432
2022-05-12,1823.800048828125,20.756999969482422,4.105000019073486
2022-05-13,1807.4000244140625,20.983999252319336,4.180500030517578
2022-05-16,1813.5,21.53499984741211,4.196499824523926
2022-05-17,1818.199951171875,21.73699951171875,4.239500045776367
2022-05-18,1815.9000244140625,21.533000946044922,4.182000160217285
2022-05-19,1841.199951171875,21.898000717163086,4.284999847412109
2022-05-20,1841.800048828125,21.66900062561035,4.281000137329102
2022-05-23,1847.800048828125,21.722999572753906,4.347499847412109
2022-05-24,1865.0999755859375,22.062999725341797,4.325500011444092
2022-05-25,1846.199951171875,21.860000610351562,4.2769999504089355
2022-05-26,1847.4000244140625,21.94099998474121,4.255000114440918
2022-05-27,1851.300048828125,22.059999465942383,4.303999900817871
2022-05-31,1842.699951171875,21.650999069213867,4.295000076293945
2022-06-01,1843.300048828125,21.884000778198242,4.329999923706055
2022-06-02,1866.5,22.253999710083008,4.553999900817871
2022-06-03,1845.4000244140625,21.889999389648438,4.477499961853027
2022-06-06,1839.199951171875,22.073999404907227,4.439499855041504
2022-06-07,1847.5,22.159000396728516,4.439499855041504
2022-06-08,1851.9000244140625,22.073999404907227,4.458499908447266
2022-06-09,1848.800048828125,21.797000885009766,4.388999938964844
2022-06-10,1871.5,21.913000106811523,4.301000118255615
2022-06-13,1828.0,21.236000061035156,4.2164998054504395
2022-06-14,1809.5,20.93600082397461,4.161499977111816
2022-06-15,1815.300048828125,21.402000427246094,4.167500019073486
2022-06-16,1845.699951171875,21.867000579833984,4.111999988555908
2022-06-17,1835.5999755859375,21.572999954223633,4.017499923706055
2022-06-21,1834.5999755859375,21.753999710083008,4.043000221252441
2022-06-22,1834.300048828125,21.406999588012695,3.9514999389648438
2022-06-23,1825.699951171875,21.031999588012695,3.758500099182129
2022-06-24,1826.5,21.115999221801758,3.759999990463257
2022-06-27,1820.9000244140625,21.159000396728516,3.7790000438690186
2022-06-28,1817.5,20.797000885009766,3.7839999198913574
2022-06-29,1813.699951171875,20.667999267578125,3.7790000438690186
2022-06-30,1804.0999755859375,20.281999588012695,3.7144999504089355
2022-07-01,1798.9000244140625,19.597000122070312,3.61899995803833
2022-07-05,1761.800048828125,19.052000045776367,3.424999952316284
2022-07-06,1734.9000244140625,19.084999084472656,3.4179999828338623
2022-07-07,1737.9000244140625,19.121999740600586,3.5820000171661377
2022-07-08,1740.5999755859375,19.16699981689453,3.5320000648498535
2022-07-11,1730.0,19.066999435424805,3.4375
2022-07-12,1723.300048828125,18.89900016784668,3.2964999675750732
2022-07-13,1734.199951171875,19.13800048828125,3.325500011444092
2022-07-14,1704.5,18.16900062561035,3.2105000019073486
2022-07-15,1702.4000244140625,18.54800033569336,3.234499931335449
2022-07-18,1709.199951171875,18.791000366210938,3.3480000495910645
2022-07-19,1710.0,18.670000076293945,3.2915000915527344
2022-07-20,1699.5,18.638999938964844,3.3294999599456787
2022-07-21,1712.699951171875,18.687000274658203,3.302000045776367
2022-07-22,1727.0999755859375,18.584999084472656,3.3485000133514404
2022-07-25,1719.0,18.29400062561035,3.3510000705718994
2022-07-26,1717.699951171875,18.48699951171875,3.382499933242798
2022-07-27,1719.0999755859375,18.55299949645996,3.429500102996826
2022-07-28,1750.300048828125,19.82699966430664,3.4749999046325684
2022-07-29,1762.9000244140625,20.1560001373291,3.5840001106262207
2022-08-01,1769.0,20.32200050354004,3.552000045776367
2022-08-02,1771.0999755859375,20.104999542236328,3.5244998931884766
2022-08-03,1758.0,19.864999771118164,3.4695000648498535
2022-08-04,1788.5,20.099000930786133,3.4830000400543213
2022-08-05,1772.9000244140625,19.819000244140625,3.552999973297119
2022-08-08,1786.800048828125,20.591999053955078,3.5875000953674316
2022-08-09,1794.0,20.45800018310547,3.5924999713897705
2022-08-10,1795.5999755859375,20.718000411987305,3.6554999351501465
2022-08-11,1789.699951171875,20.326000213623047,3.7105000019073486
2022-08-12,1798.5999755859375,20.677000045776367,3.6760001182556152
2022-08-15,1781.4000244140625,20.250999450683594,3.628999948501587
2022-08-16,1773.199951171875,20.065000534057617,3.6364998817443848
2022-08-17,1760.300048828125,19.711000442504883,3.5980000495910645
2022-08-18,1755.300048828125,19.447999954223633,3.6465001106262207
2022-08-19,1747.5999755859375,19.058000564575195,3.683500051498413
2022-08-22,1734.0,18.87299919128418,3.6705000400543213
2022-08-23,1746.800048828125,19.011999130249023,3.7044999599456787
2022-08-24,1747.800048828125,18.895000457763672,3.6605000495910645
2022-08-25,1757.699951171875,19.111000061035156,3.7105000019073486
2022-08-26,1736.0999755859375,18.739999771118164,3.7114999294281006
2022-08-29,1736.5999755859375,18.55500030517578,3.626499891281128
2022-08-30,1723.199951171875,18.159000396728516,3.5450000762939453
2022-08-31,1712.800048828125,17.761999130249023,3.5185000896453857
2022-09-01,1696.5999755859375,17.551000595092773,3.4144999980926514
2022-09-02,1709.800048828125,17.775999069213867,3.4214999675750732
2022-09-06,1700.4000244140625,17.795000076293945,3.4690001010894775
2022-09-07,1715.300048828125,18.136999130249023,3.437999963760376
2022-09-08,1708.0,18.329999923706055,3.5360000133514404
2022-09-09,1716.199951171875,18.658000946044922,3.5810000896453857
2022-09-12,1728.0999755859375,19.7549991607666,3.625499963760376
2022-09-13,1705.0,19.389999389648438,3.5810000896453857
2022-09-14,1696.5,19.47100067138672,3.5455000400543213
2022-09-15,1665.4000244140625,19.174999237060547,3.5234999656677246
2022-09-16,1671.699951171875,19.29599952697754,3.561000108718872
2022-09-19,1666.199951171875,19.273000717163086,3.557499885559082
2022-09-20,1659.699951171875,19.101999282836914,3.5480000972747803
2022-09-21,1664.5999755859375,19.410999298095703,3.51200008392334
2022-09-22,1670.800048828125,19.54800033569336,3.498500108718872
2022-09-23,1645.300048828125,18.840999603271484,3.371500015258789
2022-09-26,1623.300048828125,18.4060001373291,3.313499927520752
2022-09-27,1626.699951171875,18.256999969482422,3.322999954223633
2022-09-28,1660.4000244140625,18.79599952697754,3.381999969482422
2022-09-29,1658.5,18.611000061035156,3.440000057220459
2022-09-30,1662.4000244140625,18.959999084472656,3.441999912261963
2022-10-03,1692.9000244140625,20.518999099731445,3.4579999446868896
2022-10-04,1721.0999755859375,21.03700065612793,3.5179998874664307
2022-10-05,1711.4000244140625,20.479000091552734,3.5325000286102295
2022-10-06,1711.699951171875,20.594999313354492,3.4749999046325684
2022-10-07,1700.5,20.191999435424805,3.4124999046325684
2022-10-10,1667.300048828125,19.555999755859375,3.4535000324249268
2022-10-11,1678.699951171875,19.427000045776367,3.4779999256134033
2022-10-12,1670.300048828125,18.878000259399414,3.444499969482422
2022-10-13,1670.0,18.857999801635742,3.4674999713897705
2022-10-14,1641.699951171875,18.014999389648438,3.450500011444092
2022-10-17,1657.0,18.673999786376953,3.4554998874664307
2022-10-18,1649.0,18.570999145507812,3.4065001010894775
2022-10-19,1627.5,18.336000442504883,3.3605000972747803
2022-10-20,1630.800048828125,18.666000366210938,3.4509999752044678
2022-10-21,1651.0,19.042999267578125,3.5230000019073486
2022-10-24,1648.699951171875,19.173999786376953,3.4795000553131104
2022-10-25,1652.800048828125,19.339000701904297,3.450500011444092
2022-10-26,1664.0,19.479999542236328,3.629499912261963
2022-10-27,1660.699951171875,19.47800064086914,3.625499963760376
2022-10-28,1639.5999755859375,19.14699935913086,3.4660000801086426
2022-10-31,1635.9000244140625,19.125,3.4135000705718994
2022-11-01,1645.0,19.67300033569336,3.509500026702881
2022-11-02,1645.699951171875,19.600000381469727,3.505500078201294
2022-11-03,1627.300048828125,19.43600082397461,3.4565000534057617
2022-11-04,1672.5,20.790000915527344,3.7144999504089355
2022-11-07,1676.5,20.898000717163086,3.629499912261963
2022-11-08,1712.0999755859375,21.476999282836914,3.7054998874664307
2022-11-09,1710.0999755859375,21.29800033569336,3.741499900817871
2022-11-10,1750.300048828125,21.677000045776367,3.7960000038146973
2022-11-11,1766.0,21.645999908447266,3.9509999752044678
2022-11-14,1773.5999755859375,22.091999053955078,3.8550000190734863
2022-11-15,1773.800048828125,21.499000549316406,3.8394999504089355
2022-11-16,1773.0,21.503999710083008,3.7880001068115234
2022-11-17,1760.800048828125,20.954999923706055,3.689500093460083
2022-11-18,1751.9000244140625,20.97599983215332,3.631999969482422
2022-11-21,1737.4000244140625,20.849000930786133,3.571500062942505
2022-11-22,1738.300048828125,21.034000396728516,3.614500045776367
2022-11-23,1744.9000244140625,21.35700035095215,3.617500066757202
2022-11-25,1753.300048828125,21.424999237060547,3.626499891281128
2022-11-28,1740.0999755859375,20.90999984741211,3.6105000972747803
2022-11-29,1748.4000244140625,21.20400047302246,3.630000114440918
2022-11-30,1746.0,21.549999237060547,3.7295000553131104
2022-12-01,1801.0999755859375,22.636999130249023,3.813999891281128
2022-12-02,1795.9000244140625,23.038000106811523,3.8480000495910645
2022-12-05,1767.4000244140625,22.198999404907227,3.7894999980926514
2022-12-06,1769.300048828125,22.12299919128418,3.811500072479248
2022-12-07,1785.5,22.709999084472656,3.8554999828338623
2022-12-08,1788.699951171875,23.062999725341797,3.880500078201294
2022-12-09,1798.0999755859375,23.53499984741211,3.875999927520752
2022-12-12,1780.5,23.219999313354492,3.7985000610351562
2022-12-13,1813.9000244140625,23.801000595092773,3.8394999504089355
2022-12-14,1807.5,23.945999145507812,3.875
2022-12-15,1777.199951171875,23.128000259399414,3.763000011444092
2022-12-16,1790.0,23.150999069213867,3.7614998817443848
2022-12-19,1787.699951171875,23.02899932861328,3.7829999923706055
2022-12-20,1815.9000244140625,24.0939998626709,3.797499895095825
2022-12-21,1815.9000244140625,24.03499984741211,3.805999994277954
2022-12-22,1787.0,23.47599983215332,3.751499891281128
2022-12-23,1795.9000244140625,23.763999938964844,3.802999973297119
2022-12-27,1814.800048828125,24.040000915527344,3.8334999084472656
2022-12-28,1807.9000244140625,23.663000106811523,3.8320000171661377
2022-12-29,1819.5,24.077999114990234,3.821000099182129
2022-12-30,1819.699951171875,23.86199951171875,3.805500030517578
2023-01-03,1839.699951171875,24.05900001525879,3.7660000324249268
2023-01-04,1852.800048828125,23.79199981689453,3.739500045776367
2023-01-05,1834.800048828125,23.257999420166016,3.818000078201294
2023-01-06,1864.199951171875,23.82200050354004,3.9084999561309814
2023-01-09,1872.699951171875,23.711999893188477,4.018499851226807
2023-01-10,1871.5999755859375,23.506999969482422,4.066999912261963
2023-01-11,1874.5999755859375,23.32699966430664,4.1545000076293945
2023-01-12,1895.5,23.863000869750977,4.185999870300293
2023-01-13,1918.4000244140625,24.231000900268555,4.207499980926514
2023-01-17,1907.199951171875,23.944000244140625,4.215000152587891
2023-01-18,1904.4000244140625,23.530000686645508,4.228499889373779
2023-01-19,1922.0999755859375,23.753999710083008,4.226500034332275
2023-01-20,1926.4000244140625,23.829999923706055,4.248499870300293
2023-01-23,1927.0999755859375,23.45199966430664,4.254000186920166
2023-01-24,1933.9000244140625,23.64900016784668,4.245500087738037
2023-01-25,1941.199951171875,23.839000701904297,4.239999771118164
2023-01-26,1929.0999755859375,23.93000030517578,4.267000198364258
2023-01-27,1928.5999755859375,23.527000427246094,4.223999977111816
2023-01-30,1922.9000244140625,23.645000457763672,4.203499794006348
2023-01-31,1929.5,23.74799919128418,4.228499889373779
2023-02-01,1927.800048828125,23.520999908447266,4.111000061035156
2023-02-02,1916.300048828125,23.534000396728516,4.093999862670898
2023-02-03,1862.9000244140625,22.333999633789062,4.063000202178955
2023-02-06,1866.199951171875,22.177000045776367,4.043499946594238
2023-02-07,1871.699951171875,22.117000579833984,4.088500022888184
2023-02-08,1877.4000244140625,22.367000579833984,4.043499946594238
2023-02-09,1866.199951171875,22.097000122070312,4.105500221252441
2023-02-10,1862.800048828125,22.034000396728516,4.027500152587891
2023-02-13,1851.9000244140625,21.81800079345703,4.086999893188477
2023-02-14,1854.0,21.841999053955078,4.110000133514404
2023-02-15,1834.199951171875,21.54599952697754,4.052000045776367
2023-02-16,1842.0,21.68400001525879,4.165500164031982
2023-02-17,1840.4000244140625,21.694000244140625,4.113999843597412
2023-02-21,1833.0,21.868999481201172,4.234499931335449
2023-02-22,1832.0,21.660999298095703,4.202499866485596
2023-02-23,1818.0,21.298999786376953,4.072999954223633
2023-02-24,1808.800048828125,20.805999755859375,3.9549999237060547
2023-02-27,1817.0,20.670000076293945,4.008999824523926
2023-02-28,1828.9000244140625,20.961000442504883,4.097499847412109
2023-03-01,1837.699951171875,20.958999633789062,4.168000221252441
2023-03-02,1833.5,20.766000747680664,4.084000110626221
2023-03-03,1847.699951171875,21.093000411987305,4.078000068664551
2023-03-06,1847.9000244140625,20.983999252319336,4.100500106811523
2023-03-07,1813.9000244140625,20.054000854492188,3.9865000247955322
2023-03-08,1812.699951171875,20.0049991607666,4.041500091552734
2023-03-09,1829.300048828125,20.024999618530273,4.054500102996826
2023-03-10,1862.0,20.375,4.045499801635742
2023-03-13,1911.699951171875,21.792999267578125,4.069499969482422
2023-03-14,1906.199951171875,21.929000854492188,4.010499954223633
2023-03-15,1926.5999755859375,21.77400016784668,3.8564999103546143
2023-03-16,1919.0,21.58799934387207,3.885499954223633
2023-03-17,1969.800048828125,22.35099983215332,3.9135000705718994
2023-03-20,1979.199951171875,22.533000946044922,3.9755001068115234
2023-03-21,1938.0,22.323999404907227,4.018499851226807
2023-03-22,1946.800048828125,22.674999237060547,4.06850004196167
2023-03-23,1993.800048828125,23.143999099731445,4.145999908447266
2023-03-24,1982.0999755859375,23.246999740600586,4.101500034332275
2023-03-27,1952.4000244140625,23.054000854492188,4.104499816894531
2023-03-28,1972.4000244140625,23.323999404907227,4.111999988555908
2023-03-29,1966.0999755859375,23.375999450683594,4.114999771118164
2023-03-30,1980.300048828125,23.902000427246094,4.0904998779296875
2023-03-31,1969.0,24.076000213623047,4.104499816894531
2023-04-03,1983.9000244140625,23.94099998474121,4.059500217437744
2023-04-04,2022.199951171875,25.02199935913086,3.9835000038146973
2023-04-05,2020.9000244140625,24.96299934387207,3.997999906539917
2023-04-06,2011.9000244140625,25.024999618530273,4.026000022888184
2023-04-10,1989.0999755859375,24.84600067138672,3.9865000247955322
2023-04-11,2004.800048828125,25.131000518798828,4.024499893188477
2023-04-12,2010.9000244140625,25.40399932861328,4.084499835968018
2023-04-13,2041.300048828125,25.874000549316406,4.124000072479248
2023-04-14,2002.199951171875,25.423999786376953,4.107500076293945
2023-04-17,1994.199951171875,25.05299949645996,4.065999984741211
2023-04-18,2007.4000244140625,25.24799919128418,4.0894999504089355
2023-04-19,1995.199951171875,25.365999221801758,4.072000026702881
2023-04-20,2007.5999755859375,25.368000030517578,4.021999835968018
2023-04-21,1979.5,25.05299949645996,3.9800000190734863
2023-04-24,1989.0999755859375,25.305999755859375,3.953000068664551
2023-04-25,1994.0,24.87700080871582,3.8459999561309814
2023-04-26,1985.699951171875,24.871000289916992,3.8499999046325684
2023-04-27,1989.9000244140625,24.982999801635742,3.864500045776367
2023-04-28,1990.0999755859375,24.999000549316406,3.869999885559082
2023-05-01,1983.4000244140625,25.009000778198242,3.9170000553131104
2023-05-02,2014.300048828125,25.40399932861328,3.8480000495910645
2023-05-03,2028.5999755859375,25.47599983215332,3.8315000534057617
2023-05-04,2048.0,26.03499984741211,3.8499999046325684
2023-05-05,2017.4000244140625,25.743000030517578,3.871500015258789
2023-05-08,2026.300048828125,25.63599967956543,3.9179999828338623
2023-05-09,2036.199951171875,25.697999954223633,3.8889999389648438
2023-05-10,2030.5,25.461000442504883,3.828000068664551
2023-05-11,2014.699951171875,24.2549991607666,3.697499990463257
2023-05-12,2014.5,23.992000579833984,3.7165000438690186
2023-05-15,2018.0,24.12700080871582,3.737499952316284
2023-05-16,1988.4000244140625,23.73699951171875,3.6545000076293945
2023-05-17,1980.699951171875,23.75200080871582,3.743000030517578
2023-05-18,1956.5,23.4950008392334,3.68149995803833
2023-05-19,1978.699951171875,23.920000076293945,3.7225000858306885
2023-05-22,1974.800048828125,23.71500015258789,3.6740000247955322
2023-05-23,1972.4000244140625,23.474000930786133,3.6414999961853027
2023-05-24,1962.800048828125,23.114999771118164,3.553499937057495
2023-05-25,1943.0999755859375,22.785999298095703,3.5804998874664307
2023-05-26,1944.0999755859375,23.239999771118164,3.6735000610351562
2023-05-30,1958.0,23.125,3.6579999923706055
2023-05-31,1963.9000244140625,23.474000930786133,3.63100004196167
2023-06-01,1978.0,23.875,3.7065000534057617
2023-06-02,1952.4000244140625,23.64299964904785,3.7225000858306885
2023-06-05,1958.0,23.534000396728516,3.762500047683716
2023-06-06,1965.5,23.573999404907227,3.7669999599456787
2023-06-07,1942.699951171875,23.43899917602539,3.754499912261963
2023-06-08,1963.5999755859375,24.263999938964844,3.7964999675750732
2023-06-09,1962.199951171875,24.333999633789062,3.7890000343322754
2023-06-12,1955.300048828125,23.985000610351562,3.750499963760376
2023-06-13,1944.5999755859375,23.756000518798828,3.8285000324249268
2023-06-14,1955.300048828125,24.04400062561035,3.865999937057495
2023-06-15,1957.800048828125,23.891000747680664,3.8965001106262207
2023-06-16,1958.4000244140625,24.076000213623047,3.884500026702881
2023-06-20,1935.5,23.19300079345703,3.878499984741211
2023-06-21,1933.300048828125,22.77400016784668,3.9110000133514404
2023-06-22,1912.699951171875,22.43600082397461,3.8884999752044678
2023-06-23,1919.0999755859375,22.327999114990234,3.805999994277954
2023-06-26,1923.699951171875,22.80500030517578,3.7864999771118164
2023-06-27,1914.0,22.93899917602539,3.7815001010894775
2023-06-28,1912.300048828125,22.868000030517578,3.7204999923706055
2023-06-29,1909.199951171875,22.590999603271484,3.677500009536743
2023-06-30,1921.0999755859375,22.809999465942383,3.740999937057495
2023-07-03,1921.699951171875,22.895999908447266,3.7790000438690186
2023-07-05,1919.5999755859375,23.19700050354004,3.753499984741211
2023-07-06,1908.699951171875,22.68600082397461,3.7200000286102295
2023-07-07,1926.199951171875,23.091999053955078,3.7669999599456787
2023-07-10,1925.0,23.150999069213867,3.7715001106262207
2023-07-11,1931.300048828125,23.086000442504883,3.753499984741211
2023-07-12,1956.199951171875,24.118999481201172,3.8420000076293945
2023-07-13,1959.199951171875,24.76799964904785,3.929500102996826
2023-07-14,1960.0999755859375,25.013999938964844,3.921999931335449
2023-07-17,1952.4000244140625,24.8439998626709,3.8320000171661377
2023-07-18,1977.199951171875,25.083999633789062,3.815999984741211
2023-07-19,1977.5,25.2189998626709,3.799499988555908
2023-07-20,1968.300048828125,24.80500030517578,3.817500114440918
2023-07-21,1964.300048828125,24.697999954223633,3.802999973297119
2023-07-24,1960.300048828125,24.43600082397461,3.8405001163482666
2023-07-25,1962.0999755859375,24.68000030517578,3.9019999504089355
2023-07-26,1968.9000244140625,24.825000762939453,3.890500068664551
2023-07-27,1945.4000244140625,24.236000061035156,3.8635001182556152
2023-07-28,1960.4000244140625,24.3700008392334,3.9170000553131104
2023-07-31,1970.5,24.854000091552734,3.994499921798706
2023-08-01,1940.699951171875,24.20800018310547,3.8935000896453857
2023-08-02,1937.4000244140625,23.753999710083008,3.827500104904175
2023-08-03,1932.0,23.586000442504883,3.875999927520752
2023-08-04,1939.5999755859375,23.617000579833984,3.8450000286102295
2023-08-07,1933.5,23.142000198364258,3.812999963760376
2023-08-08,1924.0999755859375,22.716999053955078,3.747999906539917
2023-08-09,1915.4000244140625,22.649999618530273,3.7674999237060547
2023-08-10,1914.4000244140625,22.746000289916992,3.750999927520752
2023-08-11,1912.9000244140625,22.673999786376953,3.7144999504089355
2023-08-14,1910.5999755859375,22.643999099731445,3.7244999408721924
2023-08-15,1902.5,22.594999313354492,3.6614999771118164
2023-08-16,1896.0999755859375,22.479999542236328,3.6514999866485596
2023-08-17,1884.0999755859375,22.670000076293945,3.685499906539917
2023-08-18,1886.0999755859375,22.69499969482422,3.6989998817443848
2023-08-21,1893.300048828125,23.304000854492188,3.7119998931884766
2023-08-22,1896.4000244140625,23.420000076293945,3.750499963760376
2023-08-23,1918.5,24.363000869750977,3.803499937057495
2023-08-24,1918.199951171875,24.211000442504883,3.7674999237060547
2023-08-25,1911.0999755859375,24.219999313354492,3.759999990463257
2023-08-28,1917.9000244140625,24.238000869750977,3.753999948501587
2023-08-29,1936.5,24.777000427246094,3.7929999828338623
2023-08-30,1944.300048828125,24.733999252319336,3.7850000858306885
2023-08-31,1938.199951171875,24.472000122070312,3.7725000381469727
2023-09-01,1939.800048828125,24.23200035095215,3.8125
2023-09-05,1926.199951171875,23.558000564575195,3.811000108718872
2023-09-06,1918.0999755859375,23.20599937438965,3.748500108718872
2023-09-07,1917.5,22.950000762939453,3.7260000705718994
2023-09-08,1918.4000244140625,22.892000198364258,3.680500030517578
2023-09-11,1923.300048828125,23.10300064086914,3.7699999809265137
2023-09-12,1911.300048828125,23.12700080871582,3.752000093460083
2023-09-13,1909.0999755859375,22.91200065612793,3.75600004196167
2023-09-14,1910.0,22.74799919128418,3.7825000286102295
2023-09-15,1923.699951171875,23.125999450683594,3.7634999752044678
2023-09-18,1931.5,23.23200035095215,3.741499900817871
2023-09-19,1932.0,23.194000244140625,3.7139999866485596
2023-09-20,1945.5999755859375,23.57900047302246,3.746500015258789
2023-09-21,1919.199951171875,23.444000244140625,3.6665000915527344
2023-09-22,1925.4000244140625,23.59600067138672,3.6654999256134033
2023-09-25,1916.5999755859375,23.145000457763672,3.6494998931884766
2023-09-26,1900.4000244140625,22.950000762939453,3.625
2023-09-27,1871.5999755859375,22.476999282836914,3.627000093460083
2023-09-28,1860.4000244140625,22.514999389648438,3.694499969482422
2023-09-29,1848.0999755859375,22.236000061035156,3.7260000705718994
2023-10-02,1830.0,21.218000411987305,3.631999969482422
2023-10-03,1824.5999755859375,21.17799949645996,3.615499973297119
2023-10-04,1818.5,20.95599937438965,3.5840001106262207
2023-10-05,1816.5999755859375,20.847999572753906,3.546999931335449
2023-10-06,1830.199951171875,21.540000915527344,3.624500036239624
2023-10-09,1849.5,21.740999221801758,3.6424999237060547
2023-10-10,1861.0,21.775999069213867,3.631999969482422
2023-10-11,1872.800048828125,21.957000732421875,3.614000082015991
2023-10-12,1869.300048828125,21.79199981689453,3.5940001010894775
2023-10-13,1927.4000244140625,22.726999282836914,3.5799999237060547
2023-10-16,1921.0999755859375,22.610000610351562,3.5869998931884766
2023-10-17,1922.699951171875,22.863000869750977,3.575500011444092
2023-10-18,1955.300048828125,22.944000244140625,3.5820000171661377
2023-10-19,1968.4000244140625,22.886999130249023,3.5915000438690186
2023-10-20,1982.5,23.35099983215332,3.5420000553131104
2023-10-23,1976.300048828125,23.07200050354004,3.572999954223633
2023-10-24,1975.0,22.979999542236328,3.609999895095825
2023-10-25,1984.0999755859375,22.87700080871582,3.572000026702881
2023-10-26,1987.199951171875,22.78700065612793,3.56850004196167
2023-10-27,1988.5999755859375,22.770000457763672,3.634000062942505
2023-10-30,1996.199951171875,23.281999588012695,3.6494998931884766
2023-10-31,1985.199951171875,22.840999603271484,3.6414999961853027
2023-11-01,1978.800048828125,22.684999465942383,3.6449999809265137
2023-11-02,1985.5999755859375,22.750999450683594,3.6670000553131104
2023-11-03,1991.5,23.201000213623047,3.674499988555908
2023-11-06,1981.5999755859375,23.14900016784668,3.7095000743865967
2023-11-07,1966.800048828125,22.507999420166016,3.6700000762939453
2023-11-08,1951.5,22.64699935913086,3.628000020980835
2023-11-09,1964.199951171875,22.83099937438965,3.634999990463257
2023-11-10,1932.5999755859375,22.21500015258789,3.5834999084472656
2023-11-13,1945.5,22.298999786376953,3.6624999046325684
2023-11-14,1961.800048828125,23.07900047302246,3.682499885559082
2023-11-15,1960.0999755859375,23.485000610351562,3.7174999713897705
2023-11-16,1983.9000244140625,23.892000198364258,3.7044999599456787
2023-11-17,1981.5999755859375,23.80900001525879,3.737499952316284
2023-11-20,1977.699951171875,23.57900047302246,3.8125
2023-11-21,1999.300048828125,23.843000411987305,3.814500093460083
2023-11-22,1991.4000244140625,23.672000885009766,3.7664999961853027
2023-11-23,,,3.7790000438690186
2023-11-24,2002.199951171875,24.32900047302246,3.7964999675750732
2023-11-27,2011.800048828125,24.672000885009766,3.762500047683716
2023-11-28,2039.699951171875,24.93000030517578,3.8010001182556152
2023-11-29,2047.0999755859375,25.07200050354004,3.7860000133514404
2023-11-30,2038.0999755859375,25.292999267578125,3.8289999961853027
2023-12-01,2071.0,25.499000549316406,3.9089999198913574
2023-12-04,2024.0999755859375,24.55500030517578,3.820499897003174
2023-12-05,2018.5,24.201000213623047,3.7725000381469727
2023-12-06,2030.5,23.888999938964844,3.7165000438690186
2023-12-07,2029.9000244140625,23.73200035095215,3.7844998836517334
2023-12-08,1998.300048828125,22.97100067138672,3.819999933242798
2023-12-11,1978.0,22.773000717163086,3.7799999713897705
2023-12-12,1977.800048828125,22.72800064086914,3.7860000133514404
2023-12-13,1982.300048828125,22.638999938964844,3.7860000133514404
2023-12-14,2030.199951171875,24.09600067138672,3.8884999752044678
2023-12-15,2021.0999755859375,23.8700008392334,3.884999990463257
2023-12-18,2026.300048828125,23.83099937438965,3.8480000495910645
2023-12-19,2038.4000244140625,24.040000915527344,3.8959999084472656
2023-12-20,2034.5,24.347000122070312,3.9014999866485596
2023-12-21,2039.0999755859375,24.30699920654297,3.9084999561309814
2023-12-22,2057.10009765625,24.290000915527344,3.8954999446868896
2023-12-26,2058.199951171875,24.143999099731445,3.8954999446868896
2023-12-27,2081.89990234375,24.375,3.94350004196167
2023-12-28,2073.89990234375,24.134000778198242,3.9130001068115234
2023-12-29,2062.39990234375,23.85300064086914,3.880500078201294
2024-01-02,2064.39990234375,23.732999801635742,3.86899995803833
2024-01-03,2034.199951171875,22.945999145507812,3.8475000858306885
2024-01-04,2042.300048828125,22.98900032043457,3.8310000896453857
2024-01-05,2042.4000244140625,23.121999740600586,3.7945001125335693
2024-01-08,2026.5999755859375,23.1200008392334,3.799499988555908
2024-01-09,2026.4000244140625,22.90399932861328,3.748500108718872
2024-01-10,2021.699951171875,22.884000778198242,3.7809998989105225
2024-01-11,2014.300048828125,22.53700065612793,3.7764999866485596
2024-01-12,2046.699951171875,23.16200065612793,3.740000009536743
2024-01-16,2026.0,22.933000564575195,3.7664999961853027
2024-01-17,2002.5999755859375,22.516000747680664,3.7325000762939453
2024-01-18,2018.5999755859375,22.66699981689453,3.744999885559082
2024-01-19,2026.5,22.570999145507812,3.7869999408721924
2024-01-22,2019.800048828125,22.163000106811523,3.7639999389648438
2024-01-23,2023.699951171875,22.333999633789062,3.7904999256134033
2024-01-24,2013.9000244140625,22.7549991607666,3.882499933242798
2024-01-25,2016.9000244140625,22.808000564575195,3.865499973297119
2024-01-26,2016.800048828125,22.7549991607666,3.8505001068115234
2024-01-29,2025.199951171875,23.13800048828125,3.872999906539917
2024-01-30,2031.5,23.10700035095215,3.9065001010894775
2024-01-31,2048.39990234375,23.051000595092773,3.9024999141693115
2024-02-01,2053.0,23.1299991607666,3.8524999618530273
2024-02-02,2036.0999755859375,22.701000213623047,3.821500062942505
2024-02-05,2025.699951171875,22.334999084472656,3.7720000743865967
2024-02-06,2034.5,22.39299964904785,3.7825000286102295
2024-02-07,2035.199951171875,22.277999877929688,3.737499952316284
2024-02-08,2032.199951171875,22.565000534057617,3.7054998874664307
2024-02-09,2023.300048828125,22.527999877929688,3.686000108718872
2024-02-12,2018.199951171875,22.708999633789062,3.7284998893737793
2024-02-13,1992.9000244140625,22.09600067138672,3.7139999866485596
2024-02-14,1990.300048828125,22.33099937438965,3.700500011444092
2024-02-15,2002.0999755859375,22.91200065612793,3.756500005722046
2024-02-16,2011.5,23.43899917602539,3.8380000591278076
2024-02-20,2027.5,23.106000900268555,3.866499900817871
2024-02-21,2022.300048828125,22.85099983215332,3.874500036239624
2024-02-22,2019.699951171875,22.764999389648438,3.8975000381469727
2024-02-23,2038.5999755859375,22.9689998626709,3.881999969482422
2024-02-26,2028.5,22.517000198364258,3.8239998817443848
2024-02-27,2034.0,22.523000717163086,3.8310000896453857
2024-02-28,2033.0,22.40999984741211,3.827500104904175
2024-02-29,2045.699951171875,22.666000366210938,3.8345000743865967
2024-03-01,2086.89990234375,23.149999618530273,3.8550000190734863
2024-03-04,2117.699951171875,23.77899932861328,3.8519999980926514
2024-03-05,2133.5,23.76300048828125,3.8440001010894775
2024-03-06,2150.300048828125,24.27199935913086,3.870500087738037
2024-03-07,2158.0,24.3700008392334,3.9195001125335693
2024-03-08,2178.60009765625,24.339000701904297,3.884999990463257
2024-03-11,2182.5,24.511999130249023,3.922499895095825
2024-03-12,2160.39990234375,24.194000244140625,3.924999952316284
2024-03-13,2175.39990234375,24.958999633789062,4.052499771118164
2024-03-14,2163.0,24.874000549316406,4.0370001792907715
2024-03-15,2157.300048828125,25.200000762939453,4.112500190734863
2024-03-18,2160.699951171875,25.090999603271484,4.114500045776367
2024-03-19,2156.300048828125,24.964000701904297,4.058499813079834
2024-03-20,2157.89990234375,24.933000564575195,4.03849983215332
2024-03-21,2182.39990234375,24.849000930786133,4.046500205993652
2024-03-22,2158.10009765625,24.691999435424805,3.996000051498413
2024-03-25,2174.800048828125,24.7450008392334,4.006999969482422
2024-03-26,2175.60009765625,24.482999801635742,3.996000051498413
2024-03-27,2190.60009765625,24.625,3.992500066757202
2024-03-28,2217.39990234375,24.797000885009766,4.003499984741211
2024-04-01,2236.5,24.95400047302246,4.046000003814697
2024-04-02,2261.0,25.804000854492188,4.070000171661377
2024-04-03,2294.39990234375,26.94499969482422,4.192999839782715
2024-04-04,2288.800048828125,27.139999389648438,4.246500015258789
2024-04-05,2325.699951171875,27.399999618530273,4.239500045776367
2024-04-08,2331.699951171875,27.711999893188477,4.2769999504089355
2024-04-09,2343.5,27.891000747680664,4.285999774932861
2024-04-10,2329.60009765625,27.961000442504883,4.2820000648498535
2024-04-11,2354.800048828125,28.176000595092773,4.251999855041504
2024-04-12,2356.199951171875,28.2549991607666,4.257500171661377
2024-04-15,2365.800048828125,28.650999069213867,4.379000186920166
2024-04-16,2390.800048828125,28.31800079345703,4.305500030517578
2024-04-17,2371.699951171875,28.34600067138672,4.34250020980835
2024-04-18,2382.300048828125,28.32900047302246,4.440499782562256
2024-04-19,2398.39990234375,28.808000564575195,4.501999855041504
2024-04-22,2332.199951171875,27.21299934387207,4.500500202178955
2024-04-23,2327.699951171875,27.33099937438965,4.490499973297119
2024-04-24,2324.5,27.323999404907227,4.4670000076293945
2024-04-25,2329.800048828125,27.341999053955078,4.570499897003174
2024-04-26,2334.800048828125,27.240999221801758,4.568999767303467
2024-04-29,2345.39990234375,27.37299919128418,4.658999919891357
2024-04-30,2291.39990234375,26.391000747680664,4.564499855041504
2024-05-01,2299.89990234375,26.48900032043457,4.552499771118164
2024-05-02,2299.199951171875,26.58300018310547,4.49399995803833
2024-05-03,2299.0,26.44499969482422,4.573500156402588
2024-05-06,2321.60009765625,27.368999481201172,4.634500026702881
2024-05-07,2315.199951171875,27.30299949645996,4.625500202178955
2024-05-08,2313.60009765625,27.361000061035156,4.561999797821045
2024-05-09,2332.10009765625,28.131999969482422,4.607500076293945
2024-05-10,2367.300048828125,28.274999618530273,4.69350004196167
2024-05-13,2336.10009765625,28.22100067138672,4.804500102996826
2024-05-14,2353.39990234375,28.485000610351562,4.953499794006348
2024-05-15,2388.699951171875,29.513999938964844,4.9695000648498535
2024-05-16,2380.0,29.665000915527344,4.892000198364258
2024-05-17,2412.199951171875,31.047000885009766,5.057000160217285
2024-05-20,2433.89990234375,32.20500183105469,5.087500095367432
2024-05-21,2421.699951171875,31.868000030517578,5.11899995803833
2024-05-22,2389.199951171875,31.295000076293945,4.867499828338623
2024-05-23,2335.0,30.284000396728516,4.816500186920166
2024-05-24,2332.5,30.329999923706055,4.778500080108643
2024-05-28,2355.199951171875,31.97100067138672,4.875500202178955
2024-05-29,2340.300048828125,32.202999114990234,4.805500030517578
2024-05-30,2342.89990234375,31.38800048828125,4.671999931335449
2024-05-31,2322.89990234375,30.297000885009766,4.610000133514404
2024-06-03,2346.60009765625,30.641000747680664,4.677000045776367
2024-06-04,2325.5,29.488000869750977,4.547999858856201
2024-06-05,2354.10009765625,29.947999954223633,4.619500160217285
2024-06-06,2370.300048828125,31.246999740600586,4.690999984741211
2024-06-07,2305.199951171875,29.334999084472656,4.494500160217285
2024-06-10,2307.699951171875,29.768999099731445,4.55649995803833
2024-06-11,2307.5,29.132999420166016,4.5229997634887695
2024-06-12,2336.0,30.176000595092773,4.581500053405762
2024-06-13,2300.199951171875,28.989999771118164,4.507500171661377
2024-06-14,2331.39990234375,29.402000427246094,4.551000118255615
2024-06-17,2312.39990234375,29.325000762939453,4.521500110626221
2024-06-18,2330.39990234375,29.5049991607666,4.561999797821045
2024-06-20,2353.800048828125,30.775999069213867,4.618000030517578
2024-06-21,2316.39990234375,29.572999954223633,4.49399995803833
2024-06-24,2330.0,29.48900032043457,4.5269999504089355
2024-06-25,2316.60009765625,28.836999893188477,4.38100004196167
2024-06-26,2299.199951171875,28.909000396728516,4.367499828338623
2024-06-27,2324.5,28.917999267578125,4.328499794006348
2024-06-28,2327.699951171875,29.23699951171875,4.390500068664551
2024-07-01,2327.60009765625,29.299999237060547,4.426499843597412
2024-07-02,2323.0,29.35300064086914,4.429500102996826
2024-07-03,2359.800048828125,30.54800033569336,4.540999889373779
2024-07-05,2388.5,31.38800048828125,4.6585001945495605
2024-07-08,2355.199951171875,30.618000030517578,4.622000217437744
2024-07-09,2360.10009765625,30.77199935913086,4.578000068664551
2024-07-10,2372.199951171875,30.726999282836914,4.607500076293945
2024-07-11,2415.0,31.393999099731445,4.508500099182129
2024-07-12,2414.0,30.88599967956543,4.598499774932861
2024-07-15,2422.89990234375,30.672000885009766,4.5289998054504395
2024-07-16,2462.39990234375,31.19499969482422,4.443999767303467
2024-07-17,2454.800048828125,30.136999130249023,4.39900016784668
2024-07-18,2451.800048828125,29.9950008392334,4.265999794006348
2024-07-19,2395.5,29.08799934387207,4.218999862670898
2024-07-22,2392.0,29.124000549316406,4.180500030517578
2024-07-23,2404.60009765625,29.131999969482422,4.145999908447266
2024-07-24,2413.300048828125,29.115999221801758,4.098999977111816
2024-07-25,2351.89990234375,27.80699920654297,4.112500190734863
2024-07-26,2380.0,27.860000610351562,4.104499816894531
2024-07-29,2377.300048828125,27.702999114990234,4.061999797821045
2024-07-30,2405.0,28.364999771118164,4.063000202178955
2024-07-31,2426.5,28.777999877929688,4.159999847412109
2024-08-01,2435.0,28.33099937438965,4.066500186920166
2024-08-02,2425.699951171875,28.246000289916992,4.084000110626221
2024-08-05,2401.699951171875,27.076000213623047,3.9839999675750732
2024-08-06,2389.10009765625,27.09600067138672,4.011499881744385
2024-08-07,2390.5,26.829999923706055,3.9375
2024-08-08,2422.199951171875,27.5,3.944999933242798
2024-08-09,2432.10009765625,27.48699951171875,3.9800000190734863
2024-08-12,2462.39990234375,27.91699981689453,4.054999828338623
2024-08-13,2466.699951171875,27.69499969482422,4.035999774932861
2024-08-14,2439.39990234375,27.253999710083008,4.025000095367432
2024-08-15,2453.10009765625,28.341999053955078,4.138999938964844
2024-08-16,2498.60009765625,28.777999877929688,4.127500057220459
2024-08-19,2501.800048828125,29.239999771118164,4.166500091552734
2024-08-20,2511.300048828125,29.454999923706055,4.149499893188477
2024-08-21,2508.39990234375,29.47599983215332,4.18149995803833
2024-08-22,2478.89990234375,29.006000518798828,4.140999794006348
2024-08-23,2508.39990234375,29.785999298095703,4.194499969482422
2024-08-26,2517.699951171875,29.976999282836914,4.21150016784668
2024-08-27,2516.0,29.951000213623047,4.230500221252441
2024-08-28,2501.0,29.176000595092773,4.144999980926514
2024-08-29,2525.699951171875,29.55699920654297,4.147500038146973
2024-08-30,2493.800048828125,28.731000900268555,4.144999980926514
2024-09-03,2489.89990234375,27.951000213623047,4.0320000648498535
2024-09-04,2493.39990234375,28.16699981689453,4.019499778747559
2024-09-05,2511.39990234375,28.719999313354492,4.077499866485596
2024-09-06,2493.5,27.808000564575195,4.014500141143799
2024-09-09,2501.800048828125,28.291000366210938,4.084499835968018
2024-09-10,2512.300048828125,28.256999969482422,4.040500164031982
2024-09-11,2512.10009765625,28.562999725341797,4.083000183105469
2024-09-12,2551.199951171875,29.743000030517578,4.132999897003174
2024-09-13,2581.300048828125,30.698999404907227,4.175000190734863
2024-09-16,2580.39990234375,30.770999908447266,4.2129998207092285
2024-09-17,2564.300048828125,30.618999481201172,4.213500022888184
2024-09-18,2570.699951171875,30.340999603271484,4.23799991607666
2024-09-19,2588.0,31.0939998626709,4.285999774932861
2024-09-20,2619.89990234375,31.176000595092773,4.281499862670898
2024-09-23,2626.5,30.767000198364258,4.289000034332275
2024-09-24,2651.199951171875,32.111000061035156,4.429500102996826
2024-09-25,2659.199951171875,31.697999954223633,4.427999973297119
2024-09-26,2669.89990234375,32.025001525878906,4.580999851226807
2024-09-27,2644.300048828125,31.518999099731445,4.540999889373779
2024-09-30,2636.10009765625,31.163999557495117,4.495999813079834
2024-10-01,2667.300048828125,31.44499969482422,4.5355000495910645
2024-10-02,2647.10009765625,31.628000259399414,4.5960001945495605
2024-10-03,2657.10009765625,32.18899917602539,4.501999855041504
2024-10-04,2645.800048828125,32.12799835205078,4.522500038146973
2024-10-07,2644.800048828125,31.7450008392334,4.519000053405762
2024-10-08,2615.0,30.354999542236328,4.4120001792907715
2024-10-09,2606.0,30.424999237060547,4.355000019073486
2024-10-10,2620.60009765625,31.0049991607666,4.385000228881836
2024-10-11,2657.60009765625,31.520000457763672,4.451499938964844
2024-10-14,2647.800048828125,31.08300018310547,4.363500118255615
2024-10-15,2661.39990234375,31.527000427246094,4.30049991607666
2024-10-16,2674.0,31.760000228881836,4.331500053405762
2024-10-17,2691.0,31.572999954223633,4.286499977111816
2024-10-18,2713.699951171875,33.03200149536133,4.3460001945495605
2024-10-21,2723.10009765625,33.86899948120117,4.322999954223633
2024-10-22,2744.199951171875,34.83100128173828,4.3480000495910645
2024-10-23,2714.39990234375,33.63999938964844,4.304500102996826
2024-10-24,2734.89990234375,33.611000061035156,4.319499969482422
2024-10-25,2740.89990234375,33.60300064086914,4.3394999504089355
2024-10-28,2742.89990234375,33.83000183105469,4.331999778747559
2024-10-29,2768.39990234375,34.26900100708008,4.332499980926514
2024-10-30,2788.5,33.91400146484375,4.327499866485596
2024-10-31,2738.300048828125,32.65299987792969,4.313499927520752
2024-11-01,2738.60009765625,32.54199981689453,4.347499847412109
2024-11-04,2736.10009765625,32.47999954223633,4.4070000648498535
2024-11-05,2740.300048828125,32.654998779296875,4.450500011444092
2024-11-06,2667.60009765625,31.22100067138672,4.222499847412109
2024-11-07,2698.39990234375,31.764999389648438,4.409999847412109
2024-11-08,2687.5,31.358999252319336,4.286499977111816
2024-11-11,2611.199951171875,30.540000915527344,4.210999965667725
2024-11-12,2600.0,30.68600082397461,4.119500160217285
2024-11-13,2580.800048828125,30.59000015258789,4.065999984741211
2024-11-14,2568.199951171875,30.507999420166016,4.072999954223633
2024-11-15,2565.699951171875,30.371000289916992,4.051000118255615
2024-11-18,2610.60009765625,31.163000106811523,4.107999801635742
2024-11-19,2627.10009765625,31.20800018310547,4.130000114440918
2024-11-20,2648.199951171875,30.95599937438965,4.143499851226807
2024-11-21,2672.10009765625,30.91200065612793,4.11299991607666
2024-11-22,2709.89990234375,31.30900001525879,4.073999881744385
2024-11-25,2616.800048828125,30.209999084472656,4.0914998054504395
2024-11-26,2620.300048828125,30.38800048828125,4.039000034332275
2024-11-27,2639.89990234375,30.111000061035156,4.066999912261963
2024-11-29,2657.0,30.684999465942383,4.08050012588501
2024-12-02,2634.89990234375,30.448999404907227,4.075500011444092
2024-12-03,2644.699951171875,31.07699966430664,4.145999908447266
2024-12-04,2653.800048828125,31.5049991607666,4.142000198364258
2024-12-05,2626.60009765625,31.134000778198242,4.135000228881836
2024-12-06,2638.60009765625,31.18600082397461,4.138500213623047
2024-12-09,2664.89990234375,32.215999603271484,4.223499774932861
2024-12-10,2697.60009765625,32.362998962402344,4.223499774932861
2024-12-11,2733.800048828125,32.5620002746582,4.214000225067139
2024-12-12,2687.5,31.22800064086914,4.195000171661377
2024-12-13,2656.0,30.655000686645508,4.14900016784668
2024-12-16,2651.39990234375,30.69700050354004,4.143499851226807
2024-12-17,2644.39990234375,30.572999954223633,4.0914998054504395
2024-12-18,2636.5,30.40999984741211,4.099999904632568
2024-12-19,2592.199951171875,29.0939998626709,4.020500183105469
2024-12-20,2628.699951171875,29.65999984741211,4.040999889373779
2024-12-23,2612.300048828125,29.88800048828125,4.0229997634887695
2024-12-24,2620.0,29.974000930786133,4.049499988555908
2024-12-26,2638.800048828125,30.047000885009766,4.072000026702881
2024-12-27,2617.199951171875,29.655000686645508,4.0625
2024-12-30,2606.10009765625,29.106000900268555,4.045499801635742
2024-12-31,2629.199951171875,28.940000534057617,3.9860000610351562
2025-01-02,2658.89990234375,29.621999740600586,3.9885001182556152
2025-01-03,2645.0,29.805999755859375,4.0395002365112305
2025-01-06,2638.39990234375,30.341999053955078,4.126999855041504
2025-01-07,2656.699951171875,30.44700050354004,4.1605000495910645
2025-01-08,2664.5,30.45199966430664,4.227499961853027
2025-01-09,2683.800048828125,30.791000366210938,4.2795000076293945
2025-01-10,2708.5,31.090999603271484,4.274499893188477
2025-01-13,2673.5,30.090999603271484,4.295499801635742
2025-01-14,2677.5,30.131999969482422,4.310500144958496
2025-01-15,2712.5,31.319000244140625,4.359499931335449
2025-01-16,2746.39990234375,31.523000717163086,4.4105000495910645
2025-01-17,2744.300048828125,30.951000213623047,4.337500095367432
2025-01-21,2755.0,31.31100082397461,4.310999870300293
2025-01-22,2767.60009765625,31.23900032043457,4.271500110626221
2025-01-23,2763.10009765625,30.67300033569336,4.299499988555908
2025-01-24,2777.300048828125,31.023000717163086,4.289999961853027
2025-01-27,2737.5,30.253999710083008,4.203499794006348
2025-01-28,2766.800048828125,30.726999282836914,4.2204999923706055
2025-01-29,2769.10009765625,31.238000869750977,4.257500171661377
2025-01-30,2823.0,32.36399841308594,4.288000106811523
2025-01-31,2812.5,32.12799835205078,4.26200008392334
2025-02-03,2833.89990234375,32.391998291015625,4.294000148773193
2025-02-04,2853.300048828125,32.88800048828125,4.34250020980835
2025-02-05,2871.60009765625,32.856998443603516,4.434500217437744
2025-02-06,2856.0,32.518001556396484,4.453499794006348
2025-02-07,2867.300048828125,32.334999084472656,4.581500053405762
2025-02-10,2914.300048828125,32.391998291015625,4.700500011444092
2025-02-11,2912.5,32.23099899291992,4.5945000648498535
2025-02-12,2909.0,32.69499969482422,4.697999954223633
2025-02-13,2925.89990234375,32.650001525878906,4.769000053405762
2025-02-14,2883.60009765625,32.80099868774414,4.656499862670898
2025-02-18,2931.60009765625,33.31700134277344,4.585000038146973
2025-02-19,2919.39990234375,32.99300003051758,4.557000160217285
2025-02-20,2940.0,33.444000244140625,4.607999801635742
2025-02-21,2937.60009765625,32.97600173950195,4.559999942779541
2025-02-24,2947.89990234375,32.57500076293945,4.517000198364258
2025-02-25,2904.5,31.801000595092773,4.486000061035156
2025-02-26,2916.800048828125,32.25299835205078,4.541999816894531
2025-02-27,2883.199951171875,31.801000595092773,4.579999923706055
2025-02-28,2836.800048828125,31.2189998626709,4.514500141143799
2025-03-03,2890.199951171875,32.03200149536133,4.576499938964844
2025-03-04,2909.60009765625,32.108001708984375,4.527500152587891
2025-03-05,2915.300048828125,32.858001708984375,4.766499996185303
2025-03-06,2916.60009765625,33.0629997253418,4.7789998054504395
2025-03-07,2904.699951171875,32.54800033569336,4.683000087738037
2025-03-10,2891.0,32.275001525878906,4.639500141143799
2025-03-11,2912.89990234375,32.88800048828125,4.739999771118164
2025-03-12,2939.10009765625,33.48400115966797,4.821000099182129
2025-03-13,2984.300048828125,34.05099868774414,4.898499965667725
2025-03-14,2994.5,34.1870002746582,4.869500160217285
2025-03-17,3000.0,34.07400131225586,4.933499813079834
2025-03-18,3035.10009765625,34.57899856567383,4.993000030517578
2025-03-19,3035.89990234375,33.974998474121094,5.076000213623047
2025-03-20,3040.0,33.7859992980957,5.085000038146973
2025-03-21,3018.199951171875,33.290000915527344,5.087500095367432
2025-03-24,3013.10009765625,33.26499938964844,5.064000129699707
2025-03-25,3023.699951171875,34.00199890136719,5.183000087738037
2025-03-26,3020.89990234375,34.03300094604492,5.216000080108643
2025-03-27,3060.199951171875,34.89699935913086,5.097499847412109
2025-03-28,3086.5,34.64400100708008,5.112500190734863
2025-03-31,3122.800048828125,34.457000732421875,5.019999980926514
2025-04-01,3118.89990234375,34.15800094604492,5.019000053405762
2025-04-02,3139.89990234375,34.499000549316406,5.023499965667725
2025-04-03,3097.0,31.8439998626709,4.810999870300293
2025-04-04,3012.0,29.115999221801758,4.384500026702881
2025-04-07,2951.300048828125,29.510000228881836,4.169000148773193
2025-04-08,2968.39990234375,29.591999053955078,4.127500057220459
2025-04-09,3056.5,30.322999954223633,4.17549991607666
2025-04-10,3155.199951171875,30.67099952697754,4.321000099182129
2025-04-11,3222.199951171875,31.823999404907227,4.507500171661377
2025-04-14,3204.800048828125,32.09199905395508,4.610499858856201
2025-04-15,3218.699951171875,32.22700119018555,4.611000061035156
2025-04-16,3326.60009765625,32.92599868774414,4.673999786376953
2025-04-17,3308.699951171875,32.41999816894531,4.731500148773193
2025-04-21,3406.199951171875,32.49599838256836,4.7210001945495605
2025-04-22,3400.800048828125,32.880001068115234,4.870500087738037
2025-04-23,3276.300048828125,33.518001556396484,4.8354997634887695
2025-04-24,3332.0,33.481998443603516,4.849999904632568
2025-04-25,3282.39990234375,32.98899841308594,4.8354997634887695
2025-04-28,3332.5,32.9900016784668,4.8379998207092285
2025-04-29,3318.800048828125,33.275001525878906,4.822999954223633
2025-04-30,3305.0,32.53099822998047,4.559999942779541
2025-05-01,3210.0,32.18899917602539,4.580999851226807
2025-05-02,3231.89990234375,31.98900032043457,4.627500057220459
2025-05-05,3311.300048828125,32.20500183105469,4.65500020980835
2025-05-06,3411.39990234375,33.112998962402344,4.735000133514404
2025-05-07,3381.39990234375,32.53099822998047,4.616499900817871
2025-05-08,3296.60009765625,32.37799835205078,4.560999870300293
2025-05-09,3335.39990234375,32.67599868774414,4.611000061035156
2025-05-12,3220.0,32.38800048828125,4.578499794006348
2025-05-13,3240.300048828125,32.86800003051758,4.68149995803833
2025-05-14,3181.39990234375,32.22600173950195,4.611000061035156
2025-05-15,3220.699951171875,32.48099899291992,4.644499778747559
2025-05-16,3182.0,32.15800094604492,4.555500030517578
2025-05-19,3228.89990234375,32.3129997253418,4.633500099182129
2025-05-20,3280.300048828125,32.97999954223633,4.619500160217285
2025-05-21,3309.300048828125,33.4630012512207,4.638000011444092
2025-05-22,3292.300048828125,33.047000885009766,4.648499965667725
2025-05-23,3363.60009765625,33.44200134277344,4.80649995803833
2025-05-27,3299.10009765625,33.145999908447266,4.710000038146973
2025-05-28,3293.60009765625,33.0,4.644000053405762
2025-05-29,3317.10009765625,33.28300094604492,4.653500080108643
2025-05-30,3288.89990234375,32.891998291015625,4.652500152587891
2025-06-02,3370.60009765625,34.5629997253418,4.834499835968018
2025-06-03,3350.199951171875,34.50299835205078,4.809500217437744
2025-06-04,3373.5,34.51900100708008,4.864500045776367
2025-06-05,3350.699951171875,35.68899917602539,4.91349983215332
2025-06-06,3322.699951171875,36.025001525878906,4.829999923706055
2025-06-09,3332.10009765625,36.6879997253418,4.9095001220703125
2025-06-10,3320.89990234375,36.54199981689453,4.883999824523926
2025-06-11,3321.300048828125,36.16600036621094,4.801000118255615
2025-06-12,3380.89990234375,36.2130012512207,4.821499824523926
2025-06-13,3431.199951171875,36.28099822998047,4.802999973297119
2025-06-16,3396.39990234375,36.37900161743164,4.826499938964844
2025-06-17,3386.60009765625,37.09000015258789,4.80049991607666
2025-06-18,3389.800048828125,36.86600112915039,4.84499979019165
2025-06-20,3368.10009765625,35.97600173950195,4.826000213623047
2025-06-23,3377.699951171875,36.15299987792969,4.8429999351501465
2025-06-24,3317.39990234375,35.70100021362305,4.867000102996826
2025-06-25,3327.10009765625,36.084999084472656,4.913000106811523
2025-06-26,3333.5,36.58599853515625,5.065499782562256
2025-06-27,3273.699951171875,36.0369987487793,5.06850004196167
2025-06-30,3294.39990234375,35.85200119018555,5.03000020980835
2025-07-01,3336.699951171875,36.082000732421875,5.047999858856201
2025-07-02,3348.0,36.42599868774414,5.14900016784668
2025-07-03,3331.60009765625,36.784000396728516,5.0970001220703125
2025-07-04,3332.5,36.775001525878906,5.018499851226807
2025-07-07,3332.199951171875,36.6150016784668,4.984499931335449
2025-07-08,3307.0,36.47200012207031,5.644999980926514
2025-07-09,3311.60009765625,36.35100173950195,5.44350004196167
2025-07-10,3317.39990234375,37.03799819946289,5.547999858856201
2025-07-11,3356.0,38.67599868774414,5.561999797821045
2025-07-14,3351.5,38.46200180053711,5.514999866485596
2025-07-15,3329.800048828125,37.83399963378906,5.546000003814697
2025-07-16,3352.5,37.85300064086914,5.496500015258789
2025-07-17,3340.10009765625,38.055999755859375,5.486000061035156
2025-07-18,3353.0,38.222999572753906,5.578000068664551
2025-07-21,3401.89990234375,39.10100173950195,5.610499858856201
2025-07-22,3439.199951171875,39.31999969482422,5.697000026702881
2025-07-23,3394.10009765625,39.27799987792969,5.795000076293945
2025-07-24,3371.0,39.020999908447266,5.7769999504089355
2025-07-25,3334.0,38.16699981689453,5.763500213623047
2025-07-28,3309.10009765625,38.0260009765625,5.59499979019165
2025-07-29,3323.39990234375,38.08399963378906,5.603499889373779
2025-07-30,3295.800048828125,37.566001892089844,5.570000171661377
2025-07-31,3293.199951171875,36.551998138427734,4.33050012588501
2025-08-01,3347.699951171875,36.7869987487793,4.412499904632568
2025-08-04,3374.39990234375,37.19200134277344,4.414999961853027
2025-08-05,3381.89990234375,37.6870002746582,4.363999843597412
2025-08-06,3380.0,37.76599884033203,4.390999794006348
2025-08-07,3400.300048828125,38.15800094604492,4.378499984741211
2025-08-08,3439.10009765625,38.41699981689453,4.45550012588501
2025-08-11,3353.10009765625,37.6619987487793,4.423500061035156
2025-08-12,3348.89990234375,37.89899826049805,4.508500099182129
2025-08-13,3358.699951171875,38.499000549316406,4.48199987411499
2025-08-14,3335.199951171875,37.981998443603516,4.4644999504089355
2025-08-15,3336.0,37.89400100708008,4.478000164031982
2025-08-18,3331.699951171875,37.95100021362305,4.456999778747559
2025-08-19,3313.39990234375,37.26100158691406,4.408999919891357
2025-08-20,3343.39990234375,37.70500183105469,4.426000118255615
2025-08-21,3336.89990234375,38.027000427246094,4.43149995803833
2025-08-22,3374.39990234375,39.00299835205078,4.447500228881836
2025-08-25,3373.800048828125,38.676998138427734,4.4664998054504395
2025-08-26,3388.60009765625,38.582000732421875,4.450500011444092
2025-08-27,3404.60009765625,38.68899917602539,4.4145002365112305
2025-08-28,3431.800048828125,39.189998626708984,4.463500022888184
2025-08-29,3473.699951171875,40.20000076293945,4.518499851226807
2025-09-02,3549.39990234375,41.07099914550781,4.569499969482422
2025-09-03,3593.199951171875,41.54199981689453,4.558499813079834
2025-09-04,3565.800048828125,40.9109992980957,4.48799991607666
2025-09-05,3613.199951171875,41.07400131225586,4.482500076293945
2025-09-08,3638.10009765625,41.42599868774414,4.490499973297119
2025-09-09,3643.300048828125,40.87799835205078,4.500999927520752
2025-09-10,3643.60009765625,41.132999420166016,4.550000190734863
2025-09-11,3636.89990234375,41.696998596191406,4.5904998779296875
2025-09-12,3649.39990234375,42.387001037597656,4.588500022888184
2025-09-15,3682.199951171875,42.516998291015625,4.6554999351501465
2025-09-16,3688.89990234375,42.47100067138672,4.632999897003174
2025-09-17,3681.800048828125,41.72200012207031,4.571000099182129
2025-09-18,3643.699951171875,41.707000732421875,4.540999889373779
2025-09-19,3671.5,42.5359992980957,4.568999767303467
2025-09-22,3740.699951171875,43.79899978637695,4.572999954223633
2025-09-23,3780.60009765625,44.19200134277344,4.584499835968018
2025-09-24,3732.10009765625,43.777000427246094,4.752500057220459
2025-09-25,3736.89990234375,44.696998596191406,4.699999809265137
2025-09-26,3775.300048828125,46.22100067138672,4.7154998779296875
2025-09-29,3820.89990234375,46.61199951171875,4.841000080108643
2025-09-30,3840.800048828125,46.25299835205078,4.804999828338623
2025-10-01,3867.5,47.290000915527344,4.83050012588501
2025-10-02,3839.699951171875,46.0,4.8979997634887695
2025-10-03,3880.800048828125,47.59700012207031,5.058000087738037
2025-10-06,3948.5,48.082000732421875,4.986999988555908
2025-10-07,3976.60009765625,47.17900085449219,5.047999858856201
2025-10-08,4043.300048828125,48.65599822998047,5.046000003814697
2025-10-09,3946.300048828125,46.849998474121094,5.075500011444092
2025-10-10,3975.89990234375,46.9379997253418,4.848499774932861
2025-10-13,4108.60009765625,50.130001068115234,5.100500106811523
2025-10-14,4138.7001953125,50.31399917602539,4.980500221252441
2025-10-15,4176.89990234375,51.073001861572266,4.9720001220703125
2025-10-16,4280.2001953125,53.02299880981445,4.958000183105469
2025-10-17,4189.89990234375,49.86399841308594,4.93149995803833
2025-10-20,4336.39990234375,51.11899948120117,4.998000144958496
2025-10-21,4087.699951171875,47.45000076293945,4.929999828338623
2025-10-22,4044.39990234375,47.46099853515625,4.960999965667725
2025-10-23,4125.5,48.481998443603516,5.081999778747559
2025-10-24,4118.39990234375,48.37699890136719,5.093500137329102
2025-10-27,4001.89990234375,46.5620002746582,5.140500068664551
2025-10-28,3966.199951171875,47.125,5.140500068664551
2025-10-29,3983.699951171875,47.72100067138672,5.233500003814697
2025-10-30,4001.300048828125,48.428001403808594,5.078000068664551
2025-10-31,3982.199951171875,47.99399948120117,5.065499782562256
2025-11-03,4000.300048828125,47.88800048828125,5.046999931335449
2025-11-04,3947.699951171875,47.130001068115234,4.926000118255615
2025-11-05,3980.300048828125,47.862998962402344,4.9629998207092285
2025-11-06,3979.89990234375,47.79399871826172,4.945499897003174
2025-11-07,3999.39990234375,48.016998291015625,4.938000202178955
2025-11-10,4111.7998046875,50.176998138427734,5.086999893188477
2025-11-11,4106.7998046875,50.61800003051758,5.048500061035156
2025-11-12,4204.39990234375,53.332000732421875,5.0894999504089355
2025-11-13,4186.89990234375,53.07400131225586,5.087500095367432
2025-11-14,4087.60009765625,50.59000015258789,5.049499988555908
2025-11-17,4068.300048828125,50.625,5.0
2025-11-18,4061.300048828125,50.45000076293945,4.962500095367432
2025-11-19,4077.699951171875,50.790000915527344,5.007999897003174
2025-11-20,4056.5,50.24700164794922,4.959499835968018
2025-11-21,4076.699951171875,49.87300109863281,5.008500099182129
2025-11-24,4091.89990234375,50.29499816894531,4.961999893188477
2025-11-25,4139.2001953125,50.933998107910156,4.999499797821045
2025-11-26,4165.2001953125,52.91600036621094,5.104499816894531
2025-11-28,4218.2998046875,56.44599914550781,5.185500144958496
2025-12-01,4239.2998046875,58.417999267578125,5.218999862670898
2025-12-02,4186.60009765625,57.983001708984375,5.160999774932861
2025-12-03,4199.2998046875,57.92100143432617,5.308000087738037
2025-12-04,4211.7998046875,56.84700012207031,5.291500091552734
2025-12-05,4212.89990234375,58.422000885009766,5.381999969482422
2025-12-08,4187.2001953125,57.77899932861328,5.364500045776367
2025-12-09,4206.7001953125,60.16899871826172,5.240499973297119
2025-12-10,4196.39990234375,60.37900161743164,5.2754998207092285
2025-12-11,4285.5,63.92900085449219,5.427000045776367
2025-12-12,4300.10009765625,61.36199951171875,5.2835001945495605
2025-12-15,4306.7001953125,62.939998626708984,5.338500022888184
2025-12-16,4304.5,62.70000076293945,5.2870001792907715
2025-12-17,4347.5,66.23699951171875,5.363500118255615
2025-12-18,4339.5,64.59200286865234,5.366499900817871
2025-12-19,4361.39990234375,66.84500122070312,5.439499855041504
2025-12-22,4444.60009765625,67.90599822998047,5.4375
2025-12-23,4482.7998046875,70.48500061035156,5.47599983215332
2025-12-24,4480.60009765625,71.03099822998047,5.498499870300293
2025-12-26,4529.10009765625,76.48600006103516,5.766499996185303
2025-12-29,4325.10009765625,69.85600280761719,5.490499973297119
2025-12-30,4370.10009765625,77.3740005493164,5.727499961853027
2025-12-31,4325.60009765625,70.13400268554688,5.630000114440918
2026-01-02,4314.39990234375,70.55599975585938,5.639999866485596
2026-01-05,4436.89990234375,76.16400146484375,5.924499988555908
2026-01-06,4482.2001953125,80.52999877929688,6.010499954223633
2026-01-07,4449.2998046875,77.13500213623047,5.809000015258789
2026-01-08,4449.7001953125,74.71600341796875,5.746500015258789
2026-01-09,4490.2998046875,78.88400268554688,5.855500221252441
2026-01-12,4604.2998046875,84.61000061035156,5.985000133514404
2026-01-13,4589.2001953125,85.87699890136719,5.96999979019165
2026-01-14,4626.2998046875,90.86900329589844,6.008999824523926
2026-01-15,4616.2998046875,91.8759994506836,5.947999954223633
2026-01-16,4588.39990234375,88.09100341796875,5.78849983215332
2026-01-20,4759.60009765625,94.20600128173828,5.7729997634887695
2026-01-21,4831.7998046875,92.20999908447266,5.729499816894531
2026-01-22,4908.7998046875,95.97599792480469,5.742499828338623
2026-01-23,4976.2001953125,100.92500305175781,5.910999774932861
2026-01-26,5079.7001953125,115.08000183105469,5.984000205993652
2026-01-27,5079.89990234375,105.52300262451172,5.828499794006348
2026-01-28,5301.60009765625,113.11100006103516,5.892499923706055
2026-01-29,5318.39990234375,114.03700256347656,6.17549991607666
2026-01-30,4713.89990234375,78.29000091552734,5.896999835968018
2026-02-02,4622.5,76.77799987792969,5.801499843597412
2026-02-03,4903.7001953125,83.04199981689453,6.0625
2026-02-04,4920.39990234375,84.16500091552734,5.826000213623047
2026-02-05,4861.39990234375,76.52899932861328,5.798999786376953
2026-02-06,4951.2001953125,76.73500061035156,5.863500118255615
2026-02-09,5050.89990234375,82.06500244140625,5.945000171661377
2026-02-10,5003.7998046875,80.21800231933594,5.895999908447266
2026-02-11,5071.60009765625,83.75399780273438,5.948999881744385
2026-02-12,4923.7001953125,75.5459976196289,5.770999908447266
2026-02-13,5022.0,77.85099792480469,5.792500019073486
2026-02-17,4882.89990234375,73.4469985961914,5.632999897003174
2026-02-18,4986.5,77.50900268554688,5.793499946594238
2026-02-19,4975.89990234375,77.56500244140625,5.730000019073486
2026-02-20,5059.2998046875,82.28299713134766,5.830999851226807
2026-02-23,5204.7001953125,86.52300262451172,5.7729997634887695
2026-02-24,5155.7998046875,87.45700073242188,5.922999858856201
2026-02-25,5206.39990234375,90.93900299072266,5.979499816894531
2026-02-26,5176.5,86.99800109863281,5.947000026702881
2026-02-27,5230.5,92.68199920654297,6.004499912261963
2026-03-02,5294.39990234375,88.28399658203125,5.894499778747559
2026-03-03,5107.39990234375,82.9229965209961,5.773499965667725
2026-03-04,5120.2001953125,82.63300323486328,5.855000019073486
2026-03-05,5065.2998046875,81.68699645996094,5.752999782562256
2026-03-06,5146.10009765625,83.81600189208984,5.756999969482422
2026-03-09,5091.5,84.03199768066406,5.80049991607666
2026-03-10,5229.7001953125,89.08300018310547,5.9039998054504395
2026-03-11,5167.39990234375,85.06500244140625,5.8454999923706055
2026-03-12,5115.7998046875,84.66999816894531,5.82450008392334
2026-03-13,5052.5,80.91400146484375,5.7144999504089355
2026-03-16,4994.0,80.26300048828125,5.790500164031982
2026-03-17,5001.0,79.52999877929688,5.726500034332275
2026-03-18,4889.89990234375,77.23799896240234,5.553999900817871
2026-03-19,4600.7001953125,70.9020004272461,5.433000087738037
2026-03-20,4570.39990234375,69.36000061035156,5.34250020980835
2026-03-23,4404.10009765625,69.04900360107422,5.439499855041504
2026-03-24,4399.2998046875,69.27400207519531,5.422500133514404
2026-03-25,4549.7998046875,72.36100006103516,5.5289998054504395
2026-03-26,4375.5,67.6709976196289,5.446499824523926
2026-03-27,4492.0,69.54499816894531,5.4670000076293945
2026-03-30,4526.0,70.3239974975586,5.47599983215332
2026-03-31,4647.60009765625,74.69000244140625,5.587500095367432
2026-04-01,4783.2001953125,75.86699676513672,5.624000072479248
2026-04-02,4651.5,72.73500061035156,5.563000202178955
2026-04-06,4656.7998046875,72.66100311279297,5.583499908447266
2026-04-07,4657.10009765625,71.82599639892578,5.54449987411499
2026-04-08,4749.5,75.2239990234375,5.759500026702881
2026-04-09,4792.2001953125,76.2770004272461,5.748000144958496
2026-04-10,4761.89990234375,76.3239974975586,5.870500087738037
2026-04-13,4742.39990234375,75.52300262451172,5.97599983215332
2026-04-14,4825.0,79.39099884033203,6.070499897003174
2026-04-15,4800.0,79.49099731445312,6.072000026702881
2026-04-16,4785.39990234375,78.60600280761719,6.066500186920166
2026-04-17,4857.60009765625,81.73799896240234,6.103499889373779
2026-04-20,4806.60009765625,79.95099639892578,6.035999774932861
2026-04-21,4698.39990234375,76.41100311279297,6.001500129699707
2026-04-22,4732.5,77.89299774169922,6.119999885559082
2026-04-23,4705.10009765625,75.46499633789062,6.075500011444092
2026-04-24,4722.2998046875,76.38300323486328,6.023499965667725
2026-04-27,4675.39990234375,75.00299835205078,6.01800012588501
2026-04-28,4591.5,73.20500183105469,5.9145002365112305
2026-04-29,4545.2001953125,71.56900024414062,5.878499984741211
2026-04-30,4614.7001953125,73.53399658203125,5.926000118255615
2026-05-01,4629.89990234375,75.95099639892578,5.932000160217285
2026-05-04,4519.5,73.0719985961914,5.795000076293945
2026-05-05,4555.7998046875,73.10800170898438,5.942999839782715
2026-05-06,4681.89990234375,76.81099700927734,6.136499881744385
2026-05-07,4699.7998046875,79.70099639892578,6.127500057220459
2026-05-08,4720.39990234375,80.3949966430664,6.249000072479248
2026-05-11,4718.7001953125,85.48500061035156,6.41349983215332
2026-05-12,4677.60009765625,85.12999725341797,6.485000133514404
2026-05-13,4697.7001953125,88.88800048828125,6.635499954223633
2026-05-14,4678.10009765625,84.91200256347656,6.567500114440918
2026-05-15,4555.7998046875,77.16100311279297,6.251500129699707
2026-05-18,4552.5,77.072998046875,6.271999835968018
2026-05-19,4506.2998046875,74.8280029296875,6.164999961853027
2026-05-20,4531.2998046875,75.85099792480469,6.290500164031982
2026-05-21,4539.7998046875,76.41400146484375,6.256999969482422
2026-05-22,4521.0,75.89299774169922,6.3420000076293945
2026-05-26,4500.39990234375,76.30500030517578,6.361000061035156
2026-05-27,4447.5,74.5989990234375,6.304999828338623
2026-05-28,4499.2998046875,75.6449966430664,6.395999908447266
2026-05-29,4560.5,75.61599731445312,6.359499931335449
2026-06-01,4475.2001953125,75.00700378417969,6.52400016784668
2026-06-02,4489.10009765625,75.31099700927734,6.649499893188477
2026-06-03,4436.7001953125,73.47599792480469,6.480999946594238
2026-06-04,4475.7998046875,73.77899932861328,6.511000156402588
2026-06-05,4337.10009765625,68.94300079345703,6.263500213623047
2026-06-08,4335.89990234375,68.42500305175781,6.329500198364258
2026-06-09,4260.0,65.09400177001953,6.302499771118164
2026-06-10,4108.2001953125,64.5989990234375,6.249000072479248
2026-06-11,4090.300048828125,63.8849983215332,6.258999824523926
2026-06-12,4215.0,67.85900115966797,6.430500030517578
2026-06-15,4328.0,70.06600189208984,6.482500076293945
2026-06-16,4330.89990234375,69.89900207519531,6.488999843597412
2026-06-17,4358.89990234375,70.69599914550781,6.481500148773193
2026-06-18,4224.10009765625,66.25499725341797,6.374499797821045
2026-06-22,4181.89990234375,65.5270004272461,6.356500148773193
2026-06-23,4129.89990234375,62.02000045776367,6.140999794006348
2026-06-24,3990.300048828125,58.051998138427734,5.942999839782715
2026-06-25,4030.5,58.347999572753906,6.070499897003174
2026-06-26,4078.699951171875,59.21699905395508,6.141499996185303
2026-06-29,4022.300048828125,58.17499923706055,6.097499847412109
2026-06-30,4022.89990234375,59.47700119018555,6.192500114440918
2026-07-01,4068.300048828125,60.084999084472656,6.123499870300293
2026-07-02,4112.7001953125,60.643001556396484,6.114500045776367
2026-07-03,4187.2998046875,62.814998626708984,6.223999977111816
