date,신용융자,신용융자_코스피,신용융자_코스닥,예탁증권담보융자
2021-07-05,24.4452,13.5385,10.9068,18.7301
2021-07-06,24.5335,13.6052,10.9283,18.7647
2021-07-07,24.5841,13.6346,10.9495,18.7537
2021-07-08,24.5978,13.6053,10.9925,18.7439
2021-07-09,24.6143,13.6247,10.9895,19.3372
2021-07-12,24.537,13.5544,10.9825,19.3335
2021-07-13,24.4826,13.5492,10.9334,18.7762
2021-07-14,24.4767,13.5341,10.9426,18.7136
2021-07-15,24.535,13.528,11.007,18.7199
2021-07-16,24.6702,13.6187,11.0515,18.7425
2021-07-19,24.7713,13.6636,11.1077,18.7762
2021-07-20,24.7304,13.6321,11.0983,18.8158
2021-07-21,24.7184,13.6408,11.0777,18.8973
2021-07-22,24.62,13.5834,11.0366,18.9094
2021-07-23,24.6483,13.5718,11.0765,18.86
2021-07-26,24.5846,13.5255,11.0592,18.8177
2021-07-27,24.6002,13.5181,11.0821,19.1998
2021-07-28,24.5968,13.5166,11.0802,19.1802
2021-07-29,24.5482,13.4698,11.0784,18.7165
2021-07-30,24.4535,13.4107,11.0428,18.8013
2021-08-02,24.4465,13.403,11.0434,18.7508
2021-08-03,24.3686,13.3709,10.9977,18.6379
2021-08-04,24.2819,13.3008,10.9811,18.5999
2021-08-05,24.2158,13.2451,10.9706,18.592
2021-08-06,24.1624,13.1705,10.9919,18.5379
2021-08-09,24.4387,13.3259,11.1128,18.5765
2021-08-10,24.6598,13.4433,11.2165,19.224
2021-08-11,24.8922,13.5624,11.3298,19.2532
2021-08-12,24.9558,13.6007,11.355,19.1743
2021-08-13,25.0956,13.7034,11.3922,19.2245
2021-08-17,25.4712,13.9367,11.5345,19.3526
2021-08-18,25.6112,14.0686,11.5425,19.4304
2021-08-19,25.3656,13.915,11.4506,19.3551
2021-08-20,25.1957,13.8225,11.3731,19.1582
2021-08-23,25.0676,13.7488,11.3188,19.3265
2021-08-24,24.578,13.4759,11.1021,19.3415
2021-08-25,24.4542,13.4148,11.0394,19.7102
2021-08-26,24.4574,13.3663,11.0911,19.6194
2021-08-27,24.6763,13.4366,11.2396,18.976
2021-08-30,24.8216,13.5164,11.3052,19.0338
2021-08-31,24.9206,13.5604,11.3602,19.1083
2021-09-01,25.0357,13.6325,11.4032,19.3826
2021-09-02,25.0229,13.5786,11.4442,19.3854
2021-09-03,25.1404,13.6311,11.5092,19.1287
2021-09-06,25.3105,13.7483,11.5622,19.2575
2021-09-07,25.361,13.7469,11.614,19.2495
2021-09-08,25.4172,13.766,11.6512,20.0854
2021-09-09,25.5751,13.8739,11.7012,20.0492
2021-09-10,25.5749,13.8689,11.706,19.2834
2021-09-13,25.654,13.9788,11.6752,19.3596
2021-09-14,25.5904,13.9275,11.6629,19.2872
2021-09-15,25.5281,13.8829,11.6453,19.5186
2021-09-16,25.4562,13.8142,11.642,19.3258
2021-09-17,25.3853,13.7784,11.6069,19.2107
2021-09-23,25.3536,13.7736,11.5799,19.2691
2021-09-24,25.284,13.7534,11.5305,19.2577
2021-09-27,25.1487,13.6837,11.4649,19.3195
2021-09-28,25.0474,13.622,11.4254,19.515
2021-09-29,24.9859,13.5777,11.4082,19.576
2021-09-30,24.8393,13.5216,11.3177,19.4755
2021-10-01,24.5838,13.415,11.1688,19.457
2021-10-05,24.4807,13.3442,11.1365,19.3513
2021-10-06,24.1042,13.1458,10.9584,19.3978
2021-10-07,23.6426,12.9151,10.7275,19.3079
2021-10-08,23.0355,12.5877,10.4478,19.2556
2021-10-12,22.8069,12.4607,10.3462,19.07
2021-10-13,22.897,12.4883,10.4087,19.1316
2021-10-14,23.0539,12.6145,10.4394,19.1878
2021-10-15,23.0687,12.6253,10.4434,19.0127
2021-10-18,23.2288,12.7183,10.5105,19.0265
2021-10-19,23.4,12.7789,10.6211,19.0956
2021-10-20,23.5863,12.8978,10.6885,19.1944
2021-10-21,23.6948,12.9239,10.7709,19.2382
2021-10-22,23.7923,12.945,10.8473,19.4559
2021-10-25,23.8141,12.9342,10.8799,19.4502
2021-10-26,23.8071,12.9238,10.8833,19.2146
2021-10-27,23.866,12.9557,10.9103,19.2864
2021-10-28,23.9017,12.9517,10.95,19.2847
2021-10-29,24.0314,13.0394,10.9919,19.2993
2021-11-01,24.0275,13.0429,10.9846,19.4488
2021-11-02,24.0173,13.0573,10.96,19.6705
2021-11-03,23.9122,12.9621,10.9501,19.7114
2021-11-04,23.8955,12.8936,11.0019,19.3588
2021-11-05,24.0292,12.9853,11.0439,19.5224
2021-11-08,23.8875,12.9165,10.971,19.5548
2021-11-09,23.8457,12.9303,10.9155,19.4718
2021-11-10,23.8575,12.9462,10.9112,19.4568
2021-11-11,23.7852,12.8853,10.8999,19.4306
2021-11-12,23.6459,12.8041,10.8418,19.5554
2021-11-15,23.5208,12.7366,10.7842,19.5101
2021-11-16,23.4491,12.6513,10.7978,19.4337
2021-11-17,23.4985,12.6662,10.8323,19.5369
2021-11-18,23.5933,12.6991,10.8942,19.493
2021-11-19,23.6699,12.7245,10.9455,19.4759
2021-11-22,23.7272,12.7301,10.9971,19.5478
2021-11-23,23.6979,12.7042,10.9936,19.5142
2021-11-24,23.5738,12.6231,10.9507,19.652
2021-11-25,23.4831,12.6081,10.8749,19.6468
2021-11-26,23.5879,12.6609,10.927,19.6023
2021-11-29,23.661,12.687,10.974,19.6784
2021-11-30,23.453,12.5759,10.877,19.8189
2021-12-01,23.1237,12.348,10.7757,19.688
2021-12-02,22.7473,12.1171,10.6303,19.5844
2021-12-03,22.5499,11.9972,10.5527,19.4339
2021-12-06,22.4947,11.9565,10.5382,19.4046
2021-12-07,22.5512,11.9912,10.56,19.367
2021-12-08,22.7065,12.0682,10.6383,19.503
2021-12-09,22.8024,12.1327,10.6697,19.5686
2021-12-10,22.8464,12.1183,10.7281,19.5169
2021-12-13,22.9092,12.1009,10.8083,19.4113
2021-12-14,23.086,12.1614,10.9246,19.5051
2021-12-15,23.1175,12.144,10.9735,19.6122
2021-12-16,23.1525,12.1878,10.9646,19.6671
2021-12-17,23.2189,12.2362,10.9827,19.6305
2021-12-20,23.2673,12.2381,11.0292,19.6314
2021-12-21,23.2097,12.198,11.0117,19.5924
2021-12-22,23.2359,12.2577,10.9783,19.6456
2021-12-23,23.1861,12.2199,10.9662,19.5549
2021-12-24,23.1686,12.1851,10.9834,19.4542
2021-12-27,23.1325,12.159,10.9736,19.4616
2021-12-28,23.0934,12.1118,10.9816,19.4225
2021-12-29,23.1488,12.1255,11.0233,19.2969
2021-12-30,23.0972,12.0552,11.042,19.237
2021-12-31,23.0886,12.0502,11.0384,18.171
2022-01-03,23.3284,12.1274,11.201,19.0966
2022-01-04,23.4196,12.1759,11.2437,19.1321
2022-01-05,23.51,12.1947,11.3153,19.1611
2022-01-06,23.715,12.3193,11.3956,19.3074
2022-01-07,23.8106,12.4001,11.4105,19.3945
2022-01-10,23.5333,12.2815,11.2518,19.4241
2022-01-11,23.5182,12.2576,11.2606,19.3138
2022-01-12,23.651,12.3406,11.3104,19.3969
2022-01-13,23.5017,12.2674,11.2342,19.4367
2022-01-14,23.4831,12.2188,11.2643,19.2983
2022-01-17,23.5636,12.2413,11.3223,19.5051
2022-01-18,23.5692,12.3037,11.2655,19.8905
2022-01-19,23.4315,12.2587,11.1728,21.3491
2022-01-20,23.1717,12.1402,11.0315,21.2409
2022-01-21,22.9474,12.0209,10.9265,19.4508
2022-01-24,22.9147,12.0342,10.8805,19.2888
2022-01-25,22.799,11.9643,10.8347,19.4205
2022-01-26,22.5237,11.8063,10.7174,19.5008
2022-01-27,22.0048,11.5646,10.4401,19.455
2022-01-28,21.6729,11.4025,10.2705,19.4012
2022-02-03,21.3385,11.265,10.0735,19.4107
2022-02-04,21.039,11.1138,9.9252,19.1956
2022-02-07,21.0438,11.1082,9.9356,19.1807
2022-02-08,21.218,11.201,10.017,19.2811
2022-02-09,21.4706,11.3448,10.1258,19.3278
2022-02-10,21.5028,11.3321,10.1707,19.4149
2022-02-11,21.5475,11.3424,10.2051,19.3828
2022-02-14,21.5918,11.3503,10.2415,19.4524
2022-02-15,21.4349,11.2894,10.1455,19.5055
2022-02-16,21.1264,11.1548,9.9716,19.5307
2022-02-17,20.8092,11.0065,9.8027,19.4368
2022-02-18,20.7412,10.9658,9.7754,19.253
2022-02-21,20.7251,10.9036,9.8215,19.2196
2022-02-22,20.7931,10.9499,9.8432,19.2788
2022-02-23,20.893,11.0065,9.8865,19.3149
2022-02-24,20.8851,11.0314,9.8537,19.4918
2022-02-25,20.9549,11.0829,9.872,19.5427
2022-02-28,20.897,11.0795,9.8175,19.7109
2022-03-02,20.8134,11.0327,9.7807,19.5969
2022-03-03,20.8352,11.0466,9.7886,19.623
2022-03-04,20.9909,11.1522,9.8386,19.5794
2022-03-07,21.1054,11.1846,9.9208,19.5743
2022-03-08,21.3872,11.3518,10.0353,19.7631
2022-03-10,21.454,11.4591,9.9949,19.7847
2022-03-11,21.3899,11.4278,9.9621,19.7112
2022-03-14,21.3083,11.3739,9.9344,19.6505
2022-03-15,21.4279,11.4649,9.963,19.8097
2022-03-16,21.547,11.5197,10.0274,19.9063
2022-03-17,21.4753,11.4802,9.9951,19.8564
2022-03-18,21.4798,11.4744,10.0054,19.7302
2022-03-21,21.4335,11.4041,10.0293,19.7813
2022-03-22,21.5302,11.4481,10.0821,19.9164
2022-03-23,21.6568,11.534,10.1228,19.9899
2022-03-24,21.6799,11.5335,10.1464,19.8757
2022-03-25,21.7416,11.5451,10.1965,19.936
2022-03-28,21.8801,11.6493,10.2308,20.0629
2022-03-29,21.9836,11.719,10.2646,20.1248
2022-03-30,22.0696,11.7372,10.3324,20.1638
2022-03-31,22.0428,11.726,10.3168,20.1829
2022-04-01,22.0192,11.6845,10.3346,20.1822
2022-04-04,22.0455,11.6649,10.3806,20.0293
2022-04-05,22.1584,11.7377,10.4207,20.0448
2022-04-06,22.1871,11.7426,10.4445,20.0178
2022-04-07,22.2588,11.7914,10.4674,20.0237
2022-04-08,22.3299,11.8324,10.4975,20.0727
2022-04-11,22.3363,11.8503,10.486,20.136
2022-04-12,22.281,11.8362,10.4448,20.0923
2022-04-13,22.2998,11.8399,10.4599,20.0576
2022-04-14,22.2345,11.8339,10.4006,20.085
2022-04-15,22.2067,11.7848,10.422,19.9757
2022-04-18,22.289,11.8223,10.4667,20.0118
2022-04-19,22.3625,11.8832,10.4793,20.0516
2022-04-20,22.3465,11.8827,10.4638,20.1496
2022-04-21,22.3308,11.8881,10.4427,20.1083
2022-04-22,22.3978,11.9216,10.4762,20.0287
2022-04-25,22.3753,11.8805,10.4947,19.596
2022-04-26,22.4605,11.9464,10.5141,19.6903
2022-04-27,22.3362,11.8994,10.4368,19.7746
2022-04-28,22.2964,11.8903,10.4061,19.7376
2022-04-29,22.2617,11.8859,10.3758,20.0504
2022-05-02,22.2054,11.862,10.3434,20.0761
2022-05-03,22.1824,11.8424,10.34,19.943
2022-05-04,22.2625,11.8978,10.3647,20.0153
2022-05-06,22.2991,11.9227,10.3765,20.0394
2022-05-09,22.3366,11.9362,10.4004,20.1128
2022-05-10,22.2674,11.9209,10.3464,20.1136
2022-05-11,22.0281,11.8261,10.202,20.0699
2022-05-12,21.8248,11.7482,10.0766,20.0458
2022-05-13,21.8411,11.7897,10.0513,20.096
2022-05-16,21.6788,11.6913,9.9874,20.2091
2022-05-17,21.4907,11.5733,9.9174,19.9574
2022-05-18,21.517,11.5732,9.9438,19.9123
2022-05-19,21.5537,11.5891,9.9646,19.9012
2022-05-20,21.6258,11.6013,10.0245,19.9054
2022-05-23,21.6458,11.6127,10.0331,19.9847
2022-05-24,21.5877,11.541,10.0467,19.8866
2022-05-25,21.6651,11.5475,10.1176,19.9388
2022-05-26,21.6652,11.546,10.1192,20.0447
2022-05-27,21.6072,11.5087,10.0985,19.9101
2022-05-30,21.6247,11.5146,10.1101,19.8983
2022-05-31,21.5646,11.428,10.1366,19.925
2022-06-02,21.5313,11.3728,10.1585,19.883
2022-06-03,21.5751,11.3685,10.2067,19.8658
2022-06-07,21.7111,11.4737,10.2374,19.9222
2022-06-08,21.6434,11.4071,10.2363,19.9428
2022-06-09,21.7135,11.4866,10.2269,20.067
2022-06-10,21.6393,11.4479,10.1914,20.035
2022-06-13,21.6197,11.4439,10.1759,20.1526
2022-06-14,21.6086,11.4737,10.1348,20.2179
2022-06-15,21.1442,11.2419,9.9023,20.2607
2022-06-16,20.6863,11.0251,9.6612,20.1239
2022-06-17,20.3573,10.8572,9.5001,19.9951
2022-06-20,20.03,10.7021,9.328,19.8622
2022-06-21,19.8546,10.6079,9.2467,19.8033
2022-06-22,19.5308,10.4549,9.0759,19.7904
2022-06-23,19.2161,10.3134,8.9027,19.7041
2022-06-24,18.8919,10.1409,8.751,19.7176
2022-06-27,18.0443,9.7166,8.3277,19.5893
2022-06-28,17.7156,9.5732,8.1424,19.3443
2022-06-29,17.7529,9.5731,8.1799,19.3317
2022-06-30,17.8683,9.6289,8.2394,19.3851
2022-07-01,17.9892,9.7169,8.2722,19.472
2022-07-04,17.939,9.7059,8.2331,19.4954
2022-07-05,17.7636,9.6211,8.1425,19.4569
2022-07-06,17.5859,9.5222,8.0637,19.3875
2022-07-07,17.4946,9.4727,8.0219,19.3159
2022-07-08,17.6473,9.581,8.0664,19.3748
2022-07-11,17.6505,9.5496,8.1009,19.265
2022-07-12,17.7103,9.5673,8.143,19.2398
2022-07-13,17.8189,9.6161,8.2028,19.2952
2022-07-14,17.8648,9.6134,8.2514,19.3498
2022-07-15,17.8494,9.5864,8.263,19.3526
2022-07-18,17.9193,9.6088,8.3105,19.3595
2022-07-19,18.0053,9.6266,8.3788,19.6426
2022-07-20,18.0118,9.5935,8.4183,19.612
2022-07-21,18.147,9.6536,8.4934,19.3891
2022-07-22,18.242,9.6842,8.5579,19.4416
2022-07-25,18.2721,9.6656,8.6065,19.507
2022-07-26,18.3689,9.7208,8.6481,19.5071
2022-07-27,18.3815,9.7043,8.6772,19.5727
2022-07-28,18.4627,9.7479,8.7147,19.5813
2022-07-29,18.5619,9.8171,8.7447,19.6135
2022-08-01,18.63,9.8528,8.7772,19.6898
2022-08-02,18.6431,9.8444,8.7987,19.641
2022-08-03,18.7174,9.881,8.8364,19.582
2022-08-04,18.839,9.929,8.9101,19.6316
2022-08-05,18.8364,9.9076,8.9288,19.6314
2022-08-08,18.9463,9.9632,8.9831,19.6687
2022-08-09,18.9678,9.9384,9.0294,19.6501
2022-08-10,19.0931,9.986,9.1071,19.7238
2022-08-11,19.211,10.0371,9.1739,19.7486
2022-08-12,19.3267,10.091,9.2357,19.7598
2022-08-16,19.3066,10.0798,9.2268,19.7187
2022-08-17,19.3764,10.1082,9.2681,19.7352
2022-08-18,19.4152,10.1195,9.2957,19.7354
2022-08-19,19.4588,10.1288,9.3301,19.8716
2022-08-22,19.545,10.1853,9.3597,19.8795
2022-08-23,19.5313,10.1688,9.3625,19.9074
2022-08-24,19.4185,10.1199,9.2987,19.949
2022-08-25,19.305,10.0881,9.2169,19.965
2022-08-26,19.3001,10.1033,9.1968,20.015
2022-08-29,19.3381,10.1461,9.192,19.9952
2022-08-30,19.3975,10.1563,9.2412,20.052
2022-08-31,19.3465,10.1754,9.1711,20.1389
2022-09-01,19.3878,10.2299,9.1579,20.0896
2022-09-02,19.4281,10.2366,9.1914,20.0708
2022-09-05,19.5047,10.3192,9.1855,20.1811
2022-09-06,19.4582,10.3141,9.1442,20.1877
2022-09-07,19.2948,10.2269,9.0679,20.1464
2022-09-08,19.2623,10.2302,9.032,20.1537
2022-09-13,19.2729,10.2591,9.0138,20.2429
2022-09-14,19.2029,10.2239,8.979,20.2388
2022-09-15,19.077,10.1098,8.9673,20.1395
2022-09-16,19.1886,10.1636,9.025,20.1954
2022-09-19,19.295,10.2205,9.0746,20.2558
2022-09-20,19.259,10.2,9.0589,20.2932
2022-09-21,19.0468,10.0996,8.9472,20.3123
2022-09-22,18.9134,10.0328,8.8806,20.2311
2022-09-23,18.8928,10.0279,8.8649,20.2452
2022-09-26,18.7767,9.9883,8.7884,20.23
2022-09-27,18.5928,9.8981,8.6948,20.2866
2022-09-28,17.9096,9.5624,8.3472,20.2067
2022-09-29,17.4612,9.3646,8.0966,19.9958
2022-09-30,17.1648,9.2173,7.9475,20.0113
2022-10-04,16.8483,9.0588,7.7895,19.8727
2022-10-05,16.6137,8.9316,7.6821,19.8026
2022-10-06,16.5641,8.9155,7.6486,19.7219
2022-10-07,16.691,8.9739,7.7171,19.7703
2022-10-11,16.6306,8.9271,7.7035,19.7498
2022-10-12,16.6282,8.9072,7.7209,19.7771
2022-10-13,16.4374,8.8138,7.6236,19.7721
2022-10-14,16.2704,8.7288,7.5416,19.6449
2022-10-17,16.0447,8.6211,7.4236,19.6407
2022-10-18,15.9622,8.5761,7.3861,19.5605
2022-10-19,16.0225,8.6066,7.4159,19.5407
2022-10-20,16.1174,8.6284,7.489,19.5532
2022-10-21,16.1716,8.6545,7.5171,19.5887
2022-10-24,16.2577,8.7063,7.5514,19.638
2022-10-25,16.2251,8.688,7.537,19.6221
2022-10-26,16.1428,8.6616,7.4812,19.5597
2022-10-27,16.1556,8.6576,7.4981,19.5904
2022-10-28,16.1562,8.6408,7.5155,19.5593
2022-10-31,16.0757,8.5704,7.5053,19.5356
2022-11-01,16.1041,8.5859,7.5182,19.5832
2022-11-02,16.1116,8.595,7.5166,19.5357
2022-11-03,16.1151,8.6181,7.497,19.4605
2022-11-04,16.1582,8.6225,7.5357,19.5326
2022-11-07,16.2901,8.7276,7.5624,19.5627
2022-11-08,16.3343,8.7206,7.6136,19.5649
2022-11-09,16.3533,8.7281,7.6252,19.5826
2022-11-10,16.3088,8.6716,7.6372,19.5106
2022-11-11,16.3418,8.6376,7.7042,19.4981
2022-11-14,16.4842,8.6963,7.7879,19.5731
2022-11-15,16.4208,8.6462,7.7746,19.5048
2022-11-16,16.5773,8.7133,7.864,19.5046
2022-11-17,16.7046,8.8387,7.8659,19.5256
2022-11-18,16.8794,8.9352,7.9442,19.4855
2022-11-21,17.0112,9.0106,8.0006,19.5254
2022-11-22,17.0088,8.995,8.0137,19.4916
2022-11-23,17.0077,8.9891,8.0186,19.496
2022-11-24,17.0249,9.0091,8.0158,19.5057
2022-11-25,17.0238,9.0301,7.9936,19.5267
2022-11-28,17.0443,9.0472,7.9971,19.4971
2022-11-29,17.0859,9.057,8.0289,19.5212
2022-11-30,17.1341,9.0938,8.0403,19.6113
2022-12-01,17.096,9.0572,8.0388,19.5034
2022-12-02,17.1143,9.0392,8.0751,19.4336
2022-12-05,17.137,9.0627,8.0743,19.4335
2022-12-06,17.2985,9.1738,8.1247,19.5125
2022-12-07,17.3465,9.2314,8.1151,19.4697
2022-12-08,17.3627,9.2441,8.1186,19.4568
2022-12-09,17.3353,9.2381,8.0971,19.4335
2022-12-12,17.3132,9.2452,8.0681,19.3921
2022-12-13,17.1775,9.1404,8.0371,19.3366
2022-12-14,17.187,9.1511,8.0359,19.3445
2022-12-15,17.1903,9.1614,8.0289,19.366
2022-12-16,17.1456,9.1315,8.0141,19.268
2022-12-19,17.2351,9.1939,8.0412,19.307
2022-12-20,17.2006,9.1642,8.0364,19.3165
2022-12-21,17.2102,9.1695,8.0408,19.253
2022-12-22,17.1315,9.1223,8.0092,19.2886
2022-12-23,17.0753,9.1068,7.9685,19.2649
2022-12-26,16.966,9.0263,7.9397,19.1929
2022-12-27,16.8758,8.9622,7.9136,19.2086
2022-12-28,16.7071,8.8765,7.8306,19.014
2022-12-29,16.5286,8.7633,7.7653,18.8693
2022-12-30,16.5186,8.7577,7.7609,18.869
2023-01-02,16.5311,8.7743,7.7569,18.8415
2023-01-03,16.3632,8.7035,7.6597,18.7511
2023-01-04,16.1201,8.5847,7.5354,18.6801
2023-01-05,15.9307,8.4956,7.4351,18.6362
2023-01-06,15.8883,8.446,7.4423,18.6151
2023-01-09,15.9446,8.4472,7.4975,18.661
2023-01-10,15.9112,8.4075,7.5037,18.6357
2023-01-11,15.8102,8.2731,7.5372,18.5764
2023-01-12,15.8983,8.2792,7.619,18.6203
2023-01-13,15.8928,8.2774,7.6154,18.5881
2023-01-16,15.982,8.3176,7.6644,18.6562
2023-01-17,15.989,8.283,7.706,18.6422
2023-01-18,16.0182,8.279,7.7392,18.6485
2023-01-19,16.0893,8.3045,7.7848,18.7012
2023-01-20,16.1383,8.3317,7.8066,18.7075
2023-01-25,16.1355,8.32,7.8156,18.7576
2023-01-26,16.1187,8.2799,7.8389,18.7448
2023-01-27,16.0913,8.2598,7.8315,18.7875
2023-01-30,16.0998,8.2312,7.8686,18.904
2023-01-31,16.0944,8.1765,7.9179,18.8948
2023-02-01,16.2536,8.2869,7.9667,18.9778
2023-02-02,16.3484,8.3518,7.9966,19.0191
2023-02-03,16.3614,8.369,7.9924,18.9922
2023-02-06,16.4261,8.3909,8.0353,18.9557
2023-02-07,16.4527,8.3592,8.0936,19.015
2023-02-08,16.6254,8.4726,8.1528,19.1352
2023-02-09,16.7155,8.538,8.1776,19.0906
2023-02-10,16.7922,8.5442,8.2479,19.0785
2023-02-13,16.969,8.6156,8.3535,19.126
2023-02-14,17.121,8.6926,8.4283,19.1985
2023-02-15,17.1891,8.732,8.4571,19.2132
2023-02-16,17.1423,8.6895,8.4529,19.1863
2023-02-17,17.3169,8.7988,8.518,19.3032
2023-02-20,17.2221,8.7428,8.4793,19.2623
2023-02-21,17.3622,8.8005,8.5617,19.4773
2023-02-22,17.4182,8.8405,8.5777,19.5102
2023-02-23,17.5401,8.8683,8.6718,19.3793
2023-02-24,17.7162,8.972,8.7441,19.5232
2023-02-27,17.7123,8.9479,8.7644,19.5419
2023-02-28,17.7612,8.9591,8.8022,19.5715
2023-03-02,17.8125,9.0026,8.8099,19.5827
2023-03-03,17.7877,8.9657,8.822,19.5449
2023-03-06,17.8628,8.9643,8.8985,19.5565
2023-03-07,17.8899,8.9819,8.908,19.5488
2023-03-08,17.9999,8.9782,9.0217,19.5661
2023-03-09,18.1261,9.0609,9.0652,19.6959
2023-03-10,18.3387,9.2076,9.1311,19.7618
2023-03-13,18.3477,9.1938,9.1539,19.7951
2023-03-14,18.2634,9.1646,9.0988,19.8925
2023-03-15,18.0947,9.0921,9.0026,19.8493
2023-03-16,17.9346,9.0155,8.919,19.8738
2023-03-17,17.824,8.9524,8.8716,19.7996
2023-03-20,17.9663,9.0063,8.9601,19.79
2023-03-21,17.9473,8.9864,8.9609,19.82
2023-03-22,18.069,9.0003,9.0687,19.8185
2023-03-23,18.1751,9.0507,9.1244,19.8426
2023-03-24,18.2204,9.0399,9.1805,19.7964
2023-03-27,18.2741,9.0318,9.2423,19.8907
2023-03-28,18.4085,9.0655,9.3431,19.9175
2023-03-29,18.549,9.0967,9.4522,19.9284
2023-03-30,18.5838,9.073,9.5108,19.965
2023-03-31,18.6941,9.0742,9.6199,20.0108
2023-04-03,18.7691,9.0968,9.6722,20.1199
2023-04-04,18.7755,9.0564,9.719,20.2569
2023-04-05,18.978,9.1842,9.7938,20.1687
2023-04-06,19.0487,9.2203,9.8284,20.1444
2023-04-07,19.2194,9.2894,9.93,20.1185
2023-04-10,19.3946,9.4181,9.9764,20.2745
2023-04-11,19.4346,9.4235,10.0111,20.1933
2023-04-12,19.5951,9.4447,10.1504,20.1739
2023-04-13,19.5933,9.4511,10.1423,20.1305
2023-04-14,19.7425,9.5155,10.227,20.2751
2023-04-17,19.7941,9.5212,10.2729,20.2014
2023-04-18,19.907,9.5729,10.3341,20.1992
2023-04-19,20.1369,9.7434,10.3936,20.3024
2023-04-20,20.2863,9.8245,10.4618,20.3397
2023-04-21,20.4018,9.8632,10.5385,20.3369
2023-04-24,20.4319,9.8688,10.5631,20.3824
2023-04-25,20.2408,9.7664,10.4744,20.4032
2023-04-26,20.0857,9.6983,10.3873,20.3178
2023-04-27,19.7786,9.5729,10.2057,20.2771
2023-04-28,19.4578,9.4585,9.9993,21.9195
2023-05-02,19.1364,9.212,9.9244,21.8199
2023-05-03,18.9149,9.0597,9.8552,21.8545
2023-05-04,18.7943,9.0058,9.7885,21.692
2023-05-08,18.8533,9.0449,9.8084,21.7672
2023-05-09,18.8526,9.0687,9.7839,21.8872
2023-05-10,18.7274,8.9784,9.749,21.8416
2023-05-11,18.6574,8.9494,9.7081,21.7689
2023-05-12,18.6449,8.9579,9.6869,21.7717
2023-05-15,18.564,8.931,9.633,21.7068
2023-05-16,18.529,8.9259,9.603,21.8651
2023-05-17,18.3861,8.8652,9.5209,21.7887
2023-05-18,18.4385,8.8984,9.5401,21.5537
2023-05-19,18.4272,8.8936,9.5336,21.4968
2023-05-22,18.4724,8.8877,9.5847,21.5143
2023-05-23,18.4291,8.8439,9.5852,21.6028
2023-05-24,18.4477,8.8288,9.619,21.534
2023-05-25,18.5,8.8357,9.6643,21.5441
2023-05-26,18.5924,8.8897,9.7026,21.6361
2023-05-30,18.6623,8.949,9.7134,21.6535
2023-05-31,18.6315,8.9265,9.705,21.6845
2023-06-01,18.5961,8.9099,9.6861,21.6903
2023-06-02,18.6238,8.9409,9.683,21.6479
2023-06-05,18.6872,8.9956,9.6917,21.6313
2023-06-07,18.6851,8.9677,9.7175,21.6472
2023-06-08,18.7468,8.9854,9.7615,21.6638
2023-06-09,18.8005,8.9934,9.8071,21.8131
2023-06-12,18.9105,9.0525,9.8579,21.8845
2023-06-13,18.9356,9.0483,9.8873,21.8174
2023-06-14,19.0704,9.1424,9.928,21.864
2023-06-15,19.137,9.1833,9.9537,21.8508
2023-06-16,19.1495,9.1879,9.9617,21.9325
2023-06-19,19.1604,9.197,9.9634,21.8407
2023-06-20,19.1906,9.265,9.9256,21.8147
2023-06-21,19.3274,9.3753,9.9521,22.1064
2023-06-22,19.429,9.4659,9.9631,22.2183
2023-06-23,19.485,9.5043,9.9807,22.1023
2023-06-26,19.4629,9.5008,9.9621,22.093
2023-06-27,19.4756,9.5363,9.9393,22.0808
2023-06-28,19.4363,9.5294,9.9069,22.0788
2023-06-29,19.4552,9.5268,9.9284,22.0726
2023-06-30,19.4002,9.508,9.8923,21.972
2023-07-03,19.3358,9.484,9.8518,21.934
2023-07-04,19.284,9.4648,9.8192,21.843
2023-07-05,19.2615,9.4261,9.8353,21.8979
2023-07-06,19.3334,9.4673,9.8661,22.2198
2023-07-07,19.428,9.5242,9.9038,22.2869
2023-07-10,19.3933,9.546,9.8473,21.9639
2023-07-11,19.3871,9.589,9.798,22.0399
2023-07-12,19.3513,9.6005,9.7508,22.1117
2023-07-13,19.277,9.553,9.724,21.8737
2023-07-14,19.3601,9.5806,9.7794,21.9554
2023-07-17,19.3657,9.56,9.8058,22.0591
2023-07-18,19.4516,9.579,9.8726,22.2832
2023-07-19,19.6214,9.6988,9.9226,22.2869
2023-07-20,19.7333,9.7943,9.939,22.0814
2023-07-21,19.8575,9.8531,10.0044,22.0343
2023-07-24,19.9409,9.8847,10.0562,22.1575
2023-07-25,20.0597,9.9198,10.1399,22.2812
2023-07-26,20.1179,9.9786,10.1393,22.3681
2023-07-27,20.1705,10.0826,10.088,22.4375
2023-07-28,19.9673,10.1179,9.8494,22.4781
2023-07-31,19.7383,10.0593,9.6791,22.6389
2023-08-01,19.7865,10.1264,9.6601,22.1837
2023-08-02,20.0001,10.2492,9.7509,22.1939
2023-08-03,20.1933,10.3159,9.8774,22.2523
2023-08-04,20.3188,10.3831,9.9357,22.412
2023-08-07,20.3448,10.464,9.8808,22.3361
2023-08-08,20.4323,10.5283,9.904,22.2904
2023-08-09,20.3733,10.4795,9.8938,22.3256
2023-08-10,20.3738,10.5065,9.8674,22.2958
2023-08-11,20.3437,10.5112,9.8324,22.2392
2023-08-14,20.4697,10.595,9.8746,22.3033
2023-08-16,20.5041,10.6079,9.8962,22.3849
2023-08-17,20.5573,10.6472,9.91,22.4168
2023-08-18,20.4389,10.5924,9.8465,22.3961
2023-08-21,20.2651,10.5148,9.7503,22.2841
2023-08-22,20.1884,10.4779,9.7105,22.3321
2023-08-23,20.1246,10.4814,9.6432,22.2944
2023-08-24,20.0197,10.4319,9.5878,22.259
2023-08-25,20.1404,10.4825,9.6579,22.2937
2023-08-28,20.124,10.4579,9.666,22.2545
2023-08-29,20.1743,10.4969,9.6774,22.3109
2023-08-30,20.1782,10.5046,9.6735,22.2704
2023-08-31,20.2261,10.5316,9.6945,22.3095
2023-09-01,20.2654,10.5463,9.7191,22.3292
2023-09-04,20.3378,10.5771,9.7606,22.3366
2023-09-05,20.3884,10.5951,9.7933,22.4248
2023-09-06,20.3847,10.546,9.8387,22.3962
2023-09-07,20.4309,10.5553,9.8756,22.2951
2023-09-08,20.4912,10.5967,9.8945,22.3955
2023-09-11,20.4445,10.5692,9.8753,22.4177
2023-09-12,20.4162,10.5672,9.8489,22.5329
2023-09-13,20.4594,10.6012,9.8582,22.5242
2023-09-14,20.4176,10.5954,9.8222,22.5165
2023-09-15,20.2786,10.5159,9.7627,22.6435
2023-09-18,20.1812,10.4528,9.7284,22.3603
2023-09-19,20.1391,10.3835,9.7555,22.2916
2023-09-20,20.1989,10.4521,9.7468,22.6036
2023-09-21,20.2308,10.4959,9.7349,22.5939
2023-09-22,20.21,10.5033,9.7067,23.3997
2023-09-25,20.1202,10.52,9.6002,23.4285
2023-09-26,19.914,10.4362,9.4778,22.3565
2023-09-27,19.7029,10.3229,9.38,22.2642
2023-10-04,19.4534,10.2174,9.236,22.2535
2023-10-05,19.322,10.1564,9.1657,22.1329
2023-10-06,19.175,10.0924,9.0826,22.1993
2023-10-10,18.8106,9.9103,8.9003,22.1446
2023-10-11,18.7166,9.878,8.8386,22.1385
2023-10-12,18.5461,9.7596,8.7866,22.2084
2023-10-13,18.4641,9.7149,8.7493,21.8643
2023-10-16,18.5081,9.7291,8.779,21.8493
2023-10-17,18.6079,9.796,8.8119,21.9814
2023-10-18,18.5618,9.7916,8.7702,21.73
2023-10-19,18.5175,9.7648,8.7527,21.4361
2023-10-20,18.4605,9.718,8.7425,21.4612
2023-10-23,18.2268,9.6153,8.6115,21.4731
2023-10-24,17.8234,9.4132,8.4102,21.4129
2023-10-25,17.6171,9.3088,8.3082,21.3306
2023-10-26,17.4791,9.2547,8.2244,21.1538
2023-10-27,17.4843,9.2507,8.2336,21.1834
2023-10-30,17.1839,9.088,8.0959,21.1986
2023-10-31,16.9704,8.977,7.9934,21.1758
2023-11-01,16.8777,8.9291,7.9485,21.1434
2023-11-02,16.7999,8.8887,7.9112,21.1878
2023-11-03,16.6248,8.791,7.8338,21.1046
2023-11-06,16.5767,8.7636,7.8131,21.1737
2023-11-07,16.6039,8.7505,7.8535,21.2527
2023-11-08,16.7507,8.806,7.9447,21.1747
2023-11-09,17.0945,8.9986,8.0959,21.4242
2023-11-10,17.1173,9.0143,8.103,21.4256
2023-11-13,17.1069,9.0059,8.101,21.2071
2023-11-14,17.0443,8.9783,8.0659,21.2236
2023-11-15,16.9485,8.9463,8.0022,21.2378
2023-11-16,16.8679,8.8906,7.9773,21.0083
2023-11-17,16.8253,8.8064,8.0189,21.0163
2023-11-20,16.9132,8.8496,8.0636,21.01
2023-11-21,17.0159,8.8956,8.1203,21.0119
2023-11-22,16.9825,8.8749,8.1076,20.979
2023-11-23,17.0329,8.8587,8.1742,21.0062
2023-11-24,17.0859,8.8777,8.2083,21.0274
2023-11-27,17.1372,8.8991,8.2381,21.0692
2023-11-28,17.2045,8.942,8.2626,21.1328
2023-11-29,17.2179,8.9308,8.2871,21.1459
2023-11-30,17.2075,8.9114,8.2961,21.1261
2023-12-01,17.2661,8.953,8.3131,21.1243
2023-12-04,17.2738,8.9471,8.3267,21.2773
2023-12-05,17.3812,9.014,8.3672,21.432
2023-12-06,17.3642,8.9769,8.3873,21.1623
2023-12-07,17.3358,8.995,8.3408,21.2098
2023-12-08,17.3784,9.0316,8.3468,21.1523
2023-12-11,17.4216,9.0492,8.3724,21.1768
2023-12-12,17.354,8.9998,8.3541,21.1331
2023-12-13,17.4386,9.0715,8.367,21.214
2023-12-14,17.4582,9.0652,8.393,21.2588
2023-12-15,17.4647,9.0628,8.4018,21.4218
2023-12-18,17.3311,8.9527,8.3784,21.267
2023-12-19,17.2853,8.8885,8.3967,21.0092
2023-12-20,17.4294,8.9989,8.4305,21.0307
2023-12-21,17.5217,9.0437,8.478,20.979
2023-12-22,17.5379,9.0026,8.5353,20.9718
2023-12-26,17.6265,9.0467,8.5798,21.1338
2023-12-27,17.6261,9.042,8.5842,21.0681
2023-12-28,17.567,8.9699,8.5971,21.0649
2023-12-29,17.5584,9.0166,8.5419,21.0978
2024-01-02,17.5371,9.02,8.517,21.0008
2024-01-03,17.4449,8.9097,8.5351,20.7811
2024-01-04,17.5637,9.0254,8.5383,20.7988
2024-01-05,17.81,9.2174,8.5926,20.9097
2024-01-08,17.9349,9.3219,8.613,20.9664
2024-01-09,18.0048,9.3756,8.6293,20.9329
2024-01-10,18.0916,9.4239,8.6677,20.9723
2024-01-11,18.1319,9.4457,8.6862,20.9555
2024-01-12,18.2679,9.6293,8.6386,20.9623
2024-01-15,18.3481,9.7196,8.6284,21.0106
2024-01-16,18.3814,9.7451,8.6364,20.9258
2024-01-17,18.3122,9.7202,8.592,20.9404
2024-01-18,18.3138,9.7611,8.5527,21.2553
2024-01-19,18.2131,9.7231,8.49,21.1246
2024-01-22,18.0777,9.6617,8.416,20.8875
2024-01-23,17.9601,9.5614,8.3987,20.3265
2024-01-24,17.9028,9.5039,8.3989,20.4284
2024-01-25,17.8618,9.4434,8.4184,20.4376
2024-01-26,17.9381,9.4703,8.4678,20.3229
2024-01-29,17.8738,9.5651,8.3087,20.3247
2024-01-30,17.8109,9.5156,8.2953,20.1862
2024-01-31,17.809,9.5166,8.2925,20.2073
2024-02-01,17.7363,9.4905,8.2458,20.2044
2024-02-02,17.69,9.4852,8.2048,20.1597
2024-02-05,17.6174,9.5093,8.108,20.1268
2024-02-06,17.5594,9.4514,8.108,20.0695
2024-02-07,17.8261,9.6805,8.1456,20.0982
2024-02-08,17.8153,9.672,8.1433,20.1192
2024-02-13,17.7722,9.632,8.1401,20.1007
2024-02-14,17.7523,9.6061,8.1463,20.1484
2024-02-15,17.781,9.5687,8.2123,20.4872
2024-02-16,17.9491,9.6678,8.2812,20.387
2024-02-19,18.1302,9.7697,8.3605,20.2042
2024-02-20,18.1947,9.7599,8.4348,20.2068
2024-02-21,18.286,9.8057,8.4803,20.2262
2024-02-22,18.3766,9.8477,8.529,20.1675
2024-02-23,18.4339,9.8593,8.5745,20.2141
2024-02-26,18.537,9.9114,8.6255,20.2388
2024-02-27,18.5989,9.9464,8.6526,20.4039
2024-02-28,18.6127,9.934,8.6787,20.426
2024-02-29,18.5262,9.8802,8.646,20.3994
2024-03-04,18.4739,9.8633,8.6106,20.3956
2024-03-05,18.5458,9.9235,8.6223,20.458
2024-03-06,18.5594,9.919,8.6404,20.4235
2024-03-07,18.726,10.0313,8.6947,20.4341
2024-03-08,18.8451,10.1207,8.7245,20.4444
2024-03-11,18.9267,10.1548,8.772,20.4502
2024-03-12,18.8387,10.0743,8.7644,20.3579
2024-03-13,18.9365,10.1215,8.815,20.5736
2024-03-14,19.0253,10.1713,8.854,20.5584
2024-03-15,19.1554,10.2437,8.9117,20.5484
2024-03-18,19.2144,10.2706,8.9439,20.5519
2024-03-19,19.2996,10.3798,8.9198,20.4899
2024-03-20,19.3797,10.4349,8.9447,20.4901
2024-03-21,19.5162,10.5158,9.0004,20.5228
2024-03-22,19.4837,10.4946,8.9891,20.5468
2024-03-25,19.3484,10.3521,8.9963,20.4455
2024-03-26,19.3786,10.3399,9.0387,20.5587
2024-03-27,19.4584,10.3997,9.0588,20.5592
2024-03-28,19.4799,10.382,9.0979,20.4323
2024-03-29,19.4772,10.3667,9.1105,20.498
2024-04-01,19.5322,10.4321,9.1001,20.5855
2024-04-02,19.5327,10.4294,9.1033,20.5926
2024-04-03,19.5319,10.4259,9.1059,20.5726
2024-04-04,19.5152,10.4399,9.0753,20.6383
2024-04-05,19.4826,10.4622,9.0204,20.6687
2024-04-08,19.4635,10.4312,9.0323,20.4236
2024-04-09,19.4571,10.4529,9.0042,20.3957
2024-04-11,19.364,10.3709,8.993,20.3352
2024-04-12,19.3174,10.3671,8.9504,20.3062
2024-04-15,19.2826,10.3583,8.9243,19.8348
2024-04-16,19.3485,10.397,8.9515,19.8067
2024-04-17,19.4102,10.4644,8.9459,19.8961
2024-04-18,19.1816,10.3504,8.8312,19.9652
2024-04-19,19.0624,10.2839,8.7785,19.8926
2024-04-22,19.0326,10.2393,8.7933,19.7038
2024-04-23,19.0361,10.2675,8.7686,19.8055
2024-04-24,18.9912,10.2377,8.7536,19.9263
2024-04-25,19.0653,10.2917,8.7736,19.7721
2024-04-26,19.061,10.2771,8.7839,20.0841
2024-04-29,19.1876,10.3774,8.8102,20.5197
2024-04-30,19.173,10.3468,8.8262,19.9663
2024-05-02,19.1535,10.3054,8.848,19.9166
2024-05-03,19.201,10.2963,8.9047,19.9362
2024-05-07,19.2714,10.3246,8.9468,19.9637
2024-05-08,19.27,10.3012,8.9687,19.9974
2024-05-09,19.1904,10.1866,9.0038,19.8984
2024-05-10,19.2685,10.2081,9.0603,19.8824
2024-05-13,19.4183,10.2972,9.121,19.9388
2024-05-14,19.3868,10.245,9.1418,19.9643
2024-05-16,19.4063,10.2541,9.1522,20.0013
2024-05-17,19.3999,10.2531,9.1467,19.9514
2024-05-20,19.4449,10.2313,9.2136,19.9606
2024-05-21,19.4782,10.2962,9.182,20.0376
2024-05-22,19.4428,10.287,9.1558,19.9864
2024-05-23,19.4918,10.3477,9.1441,20.0089
2024-05-24,19.5307,10.3914,9.1393,20.0195
2024-05-27,19.5935,10.4458,9.1477,20.0177
2024-05-28,19.6198,10.5074,9.1124,20.0286
2024-05-29,19.6332,10.5409,9.0923,19.9969
2024-05-30,19.7568,10.6082,9.1485,20.012
2024-05-31,19.8175,10.6702,9.1473,20.1444
2024-06-03,19.7466,10.6533,9.0932,20.2215
2024-06-04,19.6848,10.6338,9.051,20.0954
2024-06-05,19.6629,10.5897,9.0732,20.1265
2024-06-07,19.7289,10.6569,9.072,20.2078
2024-06-10,19.7243,10.6685,9.0558,20.1985
2024-06-11,19.775,10.6993,9.0757,20.2433
2024-06-12,19.99,10.8778,9.1122,20.2701
2024-06-13,20.1217,10.9395,9.1822,20.1726
2024-06-14,20.0831,10.924,9.1591,20.2741
2024-06-17,20.1718,10.9487,9.2231,20.2559
2024-06-18,20.1984,10.9863,9.212,20.3359
2024-06-19,20.2431,11.0586,9.1845,20.3583
2024-06-20,20.2097,11.0517,9.1581,20.3953
2024-06-21,20.1881,11.0466,9.1415,20.39
2024-06-24,20.2477,11.1118,9.136,20.354
2024-06-25,20.2313,11.1051,9.1262,20.3798
2024-06-26,20.179,11.1017,9.0773,20.3942
2024-06-27,20.0891,11.0537,9.0354,20.2759
2024-06-28,20.1077,11.0641,9.0437,20.2677
2024-07-01,20.0776,11.0463,9.0313,20.291
2024-07-02,20.0219,11.0095,9.0124,20.2758
2024-07-03,20.0259,11.0077,9.0182,20.6476
2024-07-04,19.9683,11.003,8.9652,20.7051
2024-07-05,19.8744,10.9542,8.9202,20.2397
2024-07-08,19.89,10.9694,8.9206,20.2051
2024-07-09,19.8855,10.9317,8.9538,20.1457
2024-07-10,19.9352,10.9675,8.9677,20.1443
2024-07-11,20.0557,10.9948,9.0609,20.1801
2024-07-12,20.1639,11.0551,9.1087,20.2261
2024-07-15,20.2,11.0642,9.1358,20.2585
2024-07-16,20.1571,11.0694,9.0877,20.2929
2024-07-17,20.2031,11.1252,9.0779,20.2637
2024-07-18,20.164,11.1061,9.0578,20.2259
2024-07-19,20.0983,11.0991,8.9992,20.5314
2024-07-22,19.9583,11.0569,8.9014,20.6078
2024-07-23,19.9653,11.0913,8.874,20.287
2024-07-24,19.9173,11.0756,8.8417,20.3161
2024-07-25,19.8045,11.0229,8.7816,20.2915
2024-07-26,19.793,11.0305,8.7625,20.2619
2024-07-29,19.5905,10.9188,8.6717,20.294
2024-07-30,19.4576,10.8465,8.6112,20.1709
2024-07-31,19.4287,10.8269,8.6018,20.1433
2024-08-01,19.516,10.9251,8.591,20.3104
2024-08-02,19.4226,10.87,8.5526,20.3335
2024-08-05,19.2941,10.8124,8.4818,20.4625
2024-08-06,19.0554,10.7453,8.3102,20.6246
2024-08-07,17.7191,10.1165,7.6027,20.326
2024-08-08,17.1268,9.8132,7.3136,19.8474
2024-08-09,17.204,9.8392,7.3649,19.7985
2024-08-12,17.366,9.9438,7.4223,19.9568
2024-08-13,17.4788,10.0126,7.4662,19.8264
2024-08-14,17.5512,10.0068,7.5443,19.7784
2024-08-16,17.613,10.0514,7.5616,19.8379
2024-08-19,17.6051,10.0309,7.5742,19.7675
2024-08-20,17.571,9.95,7.621,19.7051
2024-08-21,17.6548,10.0109,7.6439,19.7745
2024-08-22,17.7165,10.0457,7.6708,19.8428
2024-08-23,17.8181,10.0965,7.7216,19.8753
2024-08-26,17.8047,10.0847,7.72,19.9064
2024-08-27,17.7906,10.0682,7.7224,19.8809
2024-08-28,17.8209,10.0953,7.7256,19.8863
2024-08-29,17.8441,10.1262,7.7178,19.9458
2024-08-30,17.8557,10.1396,7.7162,19.9561
2024-09-02,17.8785,10.1664,7.7121,20.0676
2024-09-03,17.8289,10.1349,7.694,19.8882
2024-09-04,17.8911,10.1791,7.7119,19.9115
2024-09-05,17.8905,10.1788,7.7118,19.9805
2024-09-06,17.6758,10.1161,7.5597,19.9472
2024-09-09,17.3575,9.9431,7.4145,19.8382
2024-09-10,17.106,9.8017,7.3043,19.7523
2024-09-11,17.0169,9.7821,7.2348,19.6365
2024-09-12,17.0342,9.7738,7.2604,19.6299
2024-09-13,17.0421,9.809,7.2331,19.5661
2024-09-19,16.9927,9.7707,7.222,19.4623
2024-09-20,17.1034,9.8416,7.2618,19.5496
2024-09-23,17.2825,9.979,7.3034,19.5735
2024-09-24,17.3306,9.9971,7.3335,19.5681
2024-09-25,17.4394,10.095,7.3444,19.6649
2024-09-26,17.4914,10.1339,7.3576,19.6472
2024-09-27,17.5509,10.1839,7.367,19.7358
2024-09-30,17.4643,10.1019,7.3624,19.7454
2024-10-02,17.5832,10.1693,7.4138,19.7643
2024-10-04,17.7037,10.2796,7.4241,19.7804
2024-10-07,17.7656,10.3612,7.4044,19.7913
2024-10-08,17.7307,10.3392,7.3915,19.8357
2024-10-10,17.7874,10.3702,7.4172,19.8736
2024-10-11,17.9502,10.4846,7.4657,19.8586
2024-10-14,17.9997,10.4796,7.5201,19.9104
2024-10-15,18.0196,10.5078,7.5118,19.9331
2024-10-16,18.017,10.4882,7.5288,19.8846
2024-10-17,18.0573,10.4917,7.5656,19.9307
2024-10-18,18.1628,10.5768,7.586,19.9824
2024-10-21,18.2157,10.6241,7.5916,19.9413
2024-10-22,18.2275,10.6422,7.5854,20.0309
2024-10-23,18.1528,10.5866,7.5662,19.9755
2024-10-24,18.0937,10.5627,7.531,20.0559
2024-10-25,17.9581,10.4902,7.4679,20.01
2024-10-28,18.0003,10.5306,7.4697,19.9968
2024-10-29,17.887,10.4817,7.4053,20.094
2024-10-30,17.8326,10.4493,7.3833,20.0635
2024-10-31,17.8861,10.4781,7.408,20.0385
2024-11-01,17.935,10.5091,7.4259,20.0116
2024-11-04,17.9438,10.547,7.3968,20.1008
2024-11-05,17.8816,10.4974,7.3842,20.0719
2024-11-06,17.8405,10.487,7.3536,20.0345
2024-11-07,17.9635,10.569,7.3945,20.0905
2024-11-08,17.972,10.548,7.4239,20.1004
2024-11-11,17.9357,10.5153,7.4204,20.1353
2024-11-12,17.8999,10.4995,7.4004,20.1436
2024-11-13,17.8716,10.5029,7.3688,20.1933
2024-11-14,17.5769,10.3518,7.2251,20.1096
2024-11-15,17.2497,10.1904,7.0593,20.0225
2024-11-18,16.9469,10.0213,6.9256,19.8415
2024-11-19,16.713,9.888,6.825,19.7109
2024-11-20,16.6922,9.8451,6.847,19.6327
2024-11-21,16.6926,9.8239,6.8687,19.6174
2024-11-22,16.6782,9.8167,6.8615,19.6158
2024-11-25,16.6336,9.8056,6.8281,19.6948
2024-11-26,16.4952,9.7154,6.7798,19.6743
2024-11-27,16.5009,9.7113,6.7896,19.6357
2024-11-28,16.5893,9.7643,6.825,19.6314
2024-11-29,16.5877,9.7438,6.8439,19.6774
2024-12-02,16.5819,9.7252,6.8567,19.7137
2024-12-03,16.5658,9.7384,6.8275,19.7992
2024-12-04,16.3855,9.6254,6.7601,19.6873
2024-12-05,16.3136,9.5654,6.7482,19.5873
2024-12-06,16.2046,9.5062,6.6984,19.6591
2024-12-09,16.0402,9.4235,6.6166,19.6375
2024-12-10,15.7467,9.2394,6.5073,19.5669
2024-12-11,15.3107,9.0004,6.3103,19.4533
2024-12-12,15.1632,8.9217,6.2415,19.2636
2024-12-13,15.2494,8.9679,6.2815,19.3009
2024-12-16,15.3616,8.9837,6.3779,19.3549
2024-12-17,15.4806,9.0413,6.4393,19.4221
2024-12-18,15.6903,9.1667,6.5236,19.4028
2024-12-19,15.867,9.2917,6.5753,19.4707
2024-12-20,15.8182,9.2271,6.5912,19.4337
2024-12-23,15.9268,9.3292,6.5976,19.5221
2024-12-24,15.8654,9.3259,6.5395,19.5904
2024-12-26,15.7326,9.2281,6.5044,19.5026
2024-12-27,15.8194,9.2532,6.5662,19.4084
2024-12-30,15.8243,9.2382,6.5861,19.4439
2024-12-31,15.817,9.2331,6.5839,19.4893
2025-01-02,15.6823,9.1577,6.5246,19.3605
2025-01-03,15.5739,9.0864,6.4875,19.2285
2025-01-06,15.7022,9.1587,6.5434,19.2926
2025-01-07,15.7229,9.1279,6.595,19.2653
2025-01-08,15.8756,9.1806,6.695,19.2771
2025-01-09,16.0237,9.2461,6.7777,19.3393
2025-01-10,16.1034,9.2839,6.8194,19.3823
2025-01-13,16.1852,9.3344,6.8508,19.3474
2025-01-14,16.3198,9.4169,6.9029,19.4056
2025-01-15,16.4215,9.5121,6.9094,19.5263
2025-01-16,16.4933,9.5733,6.92,19.503
2025-01-17,16.5055,9.5748,6.9307,19.4956
2025-01-20,16.4592,9.5353,6.9239,19.4578
2025-01-21,16.5769,9.6126,6.9643,19.5323
2025-01-22,16.681,9.6715,7.0095,20.208
2025-01-23,16.7504,9.692,7.0584,20.1943
2025-01-24,16.6844,9.6165,7.068,19.595
2025-01-31,16.8392,9.7497,7.0895,19.7392
2025-02-03,16.7607,9.6982,7.0625,19.7365
2025-02-04,16.9035,9.8127,7.0908,19.751
2025-02-05,16.8057,9.7776,7.0282,19.8205
2025-02-06,16.7077,9.6983,7.0094,19.7345
2025-02-07,16.7647,9.6791,7.0857,19.6558
2025-02-10,16.84,9.6976,7.1424,19.6306
2025-02-11,16.9969,9.7871,7.2098,19.7393
2025-02-12,17.1288,9.8296,7.2993,19.8258
2025-02-13,17.2132,9.8485,7.3646,19.7586
2025-02-14,17.3325,9.9175,7.415,19.8098
2025-02-17,17.3642,9.9103,7.4539,19.8717
2025-02-18,17.504,9.9975,7.5065,19.9186
2025-02-19,17.604,10.0475,7.5565,19.9058
2025-02-20,17.7915,10.1557,7.6358,19.9261
2025-02-21,17.811,10.1139,7.6972,19.9938
2025-02-24,17.8889,10.1651,7.7238,20.0673
2025-02-25,17.946,10.2191,7.7268,20.005
2025-02-26,18.0839,10.3112,7.7727,20.0231
2025-02-27,18.1927,10.3853,7.8074,20.1079
2025-02-28,18.2331,10.3803,7.8528,20.1884
2025-03-04,18.3045,10.4531,7.8514,20.2355
2025-03-05,18.3537,10.5632,7.7905,20.3039
2025-03-06,18.1969,10.5124,7.6845,20.2161
2025-03-07,18.206,10.5123,7.6937,20.1367
2025-03-10,18.2412,10.5045,7.7367,20.1747
2025-03-11,18.1447,10.4634,7.6812,20.2127
2025-03-12,18.1728,10.5061,7.6667,20.2313
2025-03-13,18.1467,10.5063,7.6404,20.1993
2025-03-14,18.099,10.4534,7.6456,20.1874
2025-03-17,18.1604,10.4642,7.6962,20.1907
2025-03-18,18.1981,10.5093,7.6888,20.1912
2025-03-19,18.2157,10.4564,7.7593,20.1887
2025-03-20,18.2842,10.4805,7.8036,20.2154
2025-03-21,18.2857,10.4512,7.8345,20.2208
2025-03-24,18.1524,10.3661,7.7863,20.2031
2025-03-25,17.9627,10.2674,7.6953,20.1589
2025-03-26,17.9526,10.2788,7.6737,20.1313
2025-03-27,17.8423,10.2176,7.6246,20.1356
2025-03-28,17.6951,10.1317,7.5634,19.9594
2025-03-31,17.5939,10.0826,7.5113,20.0724
2025-04-01,17.379,9.9766,7.4024,20.0362
2025-04-02,17.1102,9.8564,7.2539,19.9199
2025-04-03,16.972,9.7859,7.1861,19.7896
2025-04-04,17.0404,9.8343,7.2061,19.9068
2025-04-07,16.9577,9.8078,7.1499,19.9283
2025-04-08,16.9616,9.8417,7.12,19.8734
2025-04-09,16.7908,9.7937,6.997,19.9044
2025-04-10,16.5467,9.659,6.8877,19.7803
2025-04-11,16.4464,9.6252,6.8212,19.7645
2025-04-14,16.3045,9.4849,6.8197,19.6467
2025-04-15,16.576,9.6812,6.8949,19.7033
2025-04-16,16.7842,9.8024,6.9817,19.7019
2025-04-17,16.8987,9.8358,7.063,19.6877
2025-04-18,17.019,9.887,7.132,19.7355
2025-04-21,17.075,9.9308,7.1441,19.6986
2025-04-22,17.1736,9.972,7.2016,19.7057
2025-04-23,17.2743,10.0208,7.2535,19.7464
2025-04-24,17.4282,10.1283,7.2999,19.8073
2025-04-25,17.3927,10.0771,7.3156,19.8259
2025-04-28,17.512,10.1794,7.3326,19.9502
2025-04-29,17.5224,10.1541,7.3682,22.2047
2025-04-30,17.558,10.1609,7.3971,22.2563
2025-05-02,17.533,10.1611,7.3718,22.166
2025-05-07,17.6156,10.2269,7.3887,22.1783
2025-05-08,17.5153,10.1567,7.3586,22.1286
2025-05-09,17.5279,10.1462,7.3817,22.1497
2025-05-12,17.6626,10.2475,7.415,22.4247
2025-05-13,17.7872,10.2898,7.4974,22.3565
2025-05-14,17.73,10.2244,7.5056,22.3747
2025-05-15,17.8053,10.2755,7.5298,22.3076
2025-05-16,17.7802,10.2368,7.5435,22.2342
2025-05-19,17.9217,10.3145,7.6072,22.294
2025-05-20,17.9439,10.3209,7.623,22.3137
2025-05-21,17.9735,10.3492,7.6243,22.3327
2025-05-22,17.9765,10.3838,7.5928,22.3267
2025-05-23,17.9977,10.394,7.6038,22.3183
2025-05-26,18.146,10.5251,7.6209,22.3741
2025-05-27,18.1754,10.549,7.6264,22.3003
2025-05-28,18.164,10.5389,7.6251,22.2735
2025-05-29,18.341,10.6674,7.6737,22.3279
2025-05-30,18.2739,10.6135,7.6604,22.36
2025-06-02,18.3463,10.6577,7.6887,22.3723
2025-06-04,18.5144,10.7924,7.722,22.5007
2025-06-05,18.553,10.8403,7.7127,22.4246
2025-06-09,18.5331,10.82,7.713,22.4154
2025-06-10,18.5169,10.7782,7.7387,22.477
2025-06-11,18.7242,10.9468,7.7774,22.4671
2025-06-12,18.85,11.0038,7.8462,22.5522
2025-06-13,18.9888,11.119,7.8698,22.6902
2025-06-16,19.2118,11.253,7.9588,22.7464
2025-06-17,19.3856,11.3718,8.0138,22.92
2025-06-18,19.5603,11.5342,8.0261,22.8727
2025-06-19,19.6084,11.5881,8.0204,22.8869
2025-06-20,19.8198,11.8011,8.0187,22.9705
2025-06-23,20.0966,12.0226,8.074,23.1054
2025-06-24,20.1393,12.0493,8.09,23.2035
2025-06-25,20.5726,12.4203,8.1524,23.3618
2025-06-26,20.5352,12.413,8.1222,23.3313
2025-06-27,20.6831,12.5238,8.1592,23.3798
2025-06-30,20.7868,12.6561,8.1307,23.6064
2025-07-01,20.8798,12.7605,8.1193,23.4638
2025-07-02,20.8795,12.7796,8.0999,23.3364
2025-07-03,20.7797,12.6712,8.1084,23.3744
2025-07-04,20.8074,12.6993,8.1081,23.4747
2025-07-07,20.7988,12.6798,8.119,23.3651
2025-07-08,20.8281,12.6785,8.1497,23.3818
2025-07-09,20.8601,12.731,8.1291,23.2984
2025-07-10,21.015,12.8712,8.1438,23.3452
2025-07-11,21.267,13.0888,8.1781,23.4184
2025-07-14,21.3352,13.1147,8.2205,23.4749
2025-07-15,21.4009,13.1714,8.2295,23.5257
2025-07-16,21.4718,13.2068,8.265,23.6962
2025-07-17,21.5881,13.2773,8.3108,23.5695
2025-07-18,21.7479,13.3721,8.3758,23.5133
2025-07-21,21.7554,13.3399,8.4155,23.5989
2025-07-22,21.7273,13.303,8.4243,23.5541
2025-07-23,21.7249,13.2744,8.4505,24.0448
2025-07-24,21.8278,13.3544,8.4734,24.1214
2025-07-25,21.8309,13.3442,8.4868,23.7328
2025-07-28,21.7836,13.2925,8.4911,23.6867
2025-07-29,21.7883,13.2983,8.49,23.5693
2025-07-30,21.8581,13.3535,8.5046,23.5974
2025-07-31,21.7918,13.2925,8.4994,23.564
2025-08-01,21.77,13.2731,8.4969,23.5261
2025-08-04,21.7802,13.2996,8.4806,23.5338
2025-08-05,21.6512,13.262,8.3892,23.6098
2025-08-06,21.5003,13.1392,8.3611,23.7313
2025-08-07,21.5753,13.1742,8.401,23.6926
2025-08-08,21.7879,13.3512,8.4367,23.4652
2025-08-11,22.0362,13.5282,8.5081,23.5127
2025-08-12,22.1892,13.6392,8.55,23.628
2025-08-13,22.2031,13.6238,8.5793,23.6486
2025-08-14,22.2112,13.6168,8.5944,23.4404
2025-08-18,22.2388,13.5999,8.6389,23.3993
2025-08-19,22.0852,13.5126,8.5726,23.3149
2025-08-20,22.2873,13.6351,8.6523,23.3587
2025-08-21,22.151,13.5525,8.5985,23.3515
2025-08-22,21.939,13.4037,8.5353,23.3296
2025-08-25,21.94,13.4069,8.5331,23.2677
2025-08-26,21.8501,13.3186,8.5315,23.1908
2025-08-27,21.8873,13.3479,8.5394,23.145
2025-08-28,22.0712,13.5052,8.566,23.2949
2025-08-29,22.1551,13.5702,8.5848,23.3767
2025-09-01,22.2227,13.617,8.6056,23.3735
2025-09-02,22.2603,13.6492,8.6111,23.4028
2025-09-03,22.186,13.609,8.577,23.377
2025-09-04,22.1512,13.5789,8.5723,23.3361
2025-09-05,22.221,13.6232,8.5977,23.4401
2025-09-08,22.2537,13.6196,8.6341,23.4181
2025-09-09,22.3424,13.6781,8.6643,23.486
2025-09-10,22.381,13.6715,8.7095,23.507
2025-09-11,22.4362,13.6788,8.7575,23.5396
2025-09-12,22.4072,13.62,8.7872,23.5443
2025-09-15,22.5013,13.6436,8.8577,23.6103
2025-09-16,22.5279,13.6483,8.8796,23.6888
2025-09-17,22.7797,13.8002,8.9795,23.9171
2025-09-18,22.8815,13.8419,9.0396,23.9135
2025-09-19,23.037,13.9592,9.0778,24.3753
2025-09-22,23.161,14.0469,9.1141,24.4193
2025-09-23,23.2867,14.134,9.1527,24.1
2025-09-24,23.3643,14.1511,9.2132,24.2019
2025-09-25,23.5199,14.226,9.2939,24.2741
2025-09-26,23.5378,14.2233,9.3145,24.3318
2025-09-29,23.4632,14.1645,9.2987,24.3726
2025-09-30,23.4928,14.2447,9.2481,24.5521
2025-10-01,23.3458,14.1218,9.224,24.0771
2025-10-02,23.3413,14.079,9.2623,24.1916
2025-10-10,23.2437,13.986,9.2577,24.3848
2025-10-13,23.2677,14.0035,9.2643,24.4406
2025-10-14,23.5586,14.2434,9.3152,24.4633
2025-10-15,23.8288,14.4838,9.345,24.5618
2025-10-16,23.7758,14.415,9.3608,24.7764
2025-10-17,23.88,14.479,9.4009,24.9468
2025-10-20,24.0552,14.6044,9.4507,24.9248
2025-10-21,23.9263,14.4913,9.4351,25.1274
2025-10-22,24.242,14.767,9.475,25.0101
2025-10-23,24.42,14.8906,9.5294,25.1612
2025-10-24,24.6518,15.0834,9.5685,25.3192
2025-10-27,24.7767,15.187,9.5897,25.4241
2025-10-28,24.823,15.2067,9.6164,25.4966
2025-10-29,25.0968,15.46,9.6368,25.3978
2025-10-30,25.2726,15.6052,9.6674,25.6559
2025-10-31,25.5269,15.8172,9.7096,25.8058
2025-11-03,25.4619,15.782,9.6799,25.9468
2025-11-04,25.5118,15.7972,9.7145,25.9918
2025-11-05,25.8225,16.0627,9.7598,24.7154
2025-11-06,25.8782,16.0934,9.7848,24.5329
2025-11-07,26.2165,16.3465,9.87,24.7854
2025-11-10,26.1198,16.2911,9.8287,24.4874
2025-11-11,25.9918,16.2259,9.7659,24.7231
2025-11-12,26.0098,16.255,9.7547,24.3875
2025-11-13,26.2515,16.4813,9.7701,24.0149
2025-11-14,26.4033,16.6317,9.7716,24.1161
2025-11-17,26.6029,16.7432,9.8598,24.0918
2025-11-18,26.7966,16.947,9.8496,24.4214
2025-11-19,26.8358,17.0158,9.82,24.2113
2025-11-20,26.8471,17.0582,9.7889,24.3857
2025-11-21,26.7612,17.0285,9.7328,24.3368
2025-11-24,26.7617,17.0341,9.7276,24.3722
2025-11-25,26.667,16.9893,9.6777,24.6001
2025-11-26,26.4921,16.861,9.6311,24.152
2025-11-27,26.4441,16.8556,9.5885,24.1427
2025-11-28,26.4451,16.8537,9.5914,24.0882
2025-12-01,26.5824,16.942,9.6404,24.0728
2025-12-02,26.799,17.1634,9.6357,24.2686
2025-12-03,26.831,17.1146,9.7164,24.3225
2025-12-04,26.8959,17.0946,9.8013,24.5102
2025-12-05,27.0763,17.1843,9.892,24.6291
2025-12-08,27.3555,17.433,9.9225,24.5882
2025-12-09,27.3335,17.4149,9.9186,24.6911
2025-12-10,27.4065,17.4518,9.9547,24.9064
2025-12-11,27.3912,17.3894,10.0019,24.8986
2025-12-12,27.3796,17.3409,10.0387,24.7423
2025-12-15,27.4188,17.3532,10.0656,24.7992
2025-12-16,27.3377,17.2716,10.0661,24.8191
2025-12-17,27.5288,17.389,10.1398,24.8006
2025-12-18,27.3445,17.2647,10.0799,24.8094
2025-12-19,27.266,17.2137,10.0524,24.8044
2025-12-22,27.2439,17.2078,10.0361,24.748
2025-12-23,27.2651,17.2314,10.0337,24.8219
2025-12-24,27.2701,17.1975,10.0726,24.8942
2025-12-26,27.2476,17.1315,10.1161,24.8724
2025-12-29,27.2945,17.1678,10.1267,24.8668
2025-12-30,27.2995,17.1361,10.1635,24.9384
2025-12-31,27.2865,17.1261,10.1604,24.0511
2026-01-02,27.4207,17.2354,10.1853,24.8062
2026-01-05,27.6224,17.4197,10.2027,25.0611
2026-01-06,27.7963,17.5901,10.2061,25.1402
2026-01-07,27.8708,17.5932,10.2775,25.2464
2026-01-08,28.1903,17.8646,10.3257,25.4712
2026-01-09,28.3497,17.9411,10.4086,25.4052
2026-01-12,28.5224,18.1168,10.4056,25.4898
2026-01-13,28.6574,18.2663,10.3911,25.6914
2026-01-14,28.5993,18.199,10.4003,25.5725
2026-01-15,28.7456,18.2906,10.4549,25.759
2026-01-16,28.9338,18.4474,10.4864,25.8035
2026-01-19,28.995,18.4722,10.5228,25.9083
2026-01-20,29.0586,18.552,10.5066,26.1149
2026-01-21,29.0821,18.5091,10.573,26.1115
2026-01-22,28.9257,18.4524,10.4734,26.148
2026-01-23,29.0554,18.5992,10.4562,25.934
2026-01-26,29.3467,18.8629,10.4838,26.0741
2026-01-27,29.245,18.7847,10.4602,26.2171
2026-01-28,29.5962,19.151,10.4451,26.0968
2026-01-29,30.0925,19.5923,10.5002,26.1248
2026-01-30,30.2779,19.8549,10.423,26.1243
2026-02-02,30.4731,20.0982,10.3749,26.2153
2026-02-03,30.5398,20.2681,10.2717,26.4577
2026-02-04,30.9352,20.6239,10.3113,26.6385
2026-02-05,30.7868,20.4668,10.32,26.0383
2026-02-06,31.0995,20.668,10.4315,26.2239
2026-02-09,31.6077,21.1829,10.4248,26.6783
2026-02-10,31.5607,21.1854,10.3753,26.4382
2026-02-11,31.318,20.9184,10.3996,25.7902
2026-02-12,31.4664,20.9604,10.506,25.8072
2026-02-13,31.4767,20.9422,10.5345,25.8386
2026-02-19,31.5932,20.9444,10.6488,25.7022
2026-02-20,31.6384,20.9771,10.6613,25.9227
2026-02-23,31.7123,21.1214,10.5909,25.7399
2026-02-24,31.9602,21.2795,10.6807,26.4261
2026-02-25,32.134,21.3991,10.7349,26.2494
2026-02-26,32.3685,21.4968,10.8717,26.362
2026-02-27,32.669,21.6728,10.9962,26.3284
2026-03-03,32.8041,21.7781,11.026,26.6036
2026-03-04,33.1978,22.2312,10.9666,27.1627
2026-03-05,33.6945,22.8153,10.8792,28.0845
2026-03-06,32.7899,22.3484,10.4415,27.6741
2026-03-09,31.6905,21.5623,10.1282,25.6796
2026-03-10,31.8033,21.6316,10.1718,25.9464
2026-03-11,31.7584,21.609,10.1494,26.2522
2026-03-12,32.1419,21.8213,10.3207,25.9227
2026-03-13,32.6834,22.1856,10.4977,25.9854
2026-03-16,33.2191,22.6208,10.5984,25.8821
2026-03-17,33.3316,22.7065,10.6251,26.0447
2026-03-18,33.4876,22.846,10.6416,26.1886
2026-03-19,33.3076,22.6914,10.6162,25.8376
2026-03-20,33.255,22.6164,10.6386,25.9074
2026-03-23,33.3486,22.725,10.6236,26.108
2026-03-24,33.4219,22.8456,10.5762,26.2473
2026-03-25,33.0285,22.6347,10.3939,26.2689
2026-03-26,32.7524,22.4479,10.3045,25.775
2026-03-27,32.7845,22.4561,10.3284,25.7488
2026-03-30,32.6018,22.2847,10.317,25.5949
2026-03-31,32.9226,22.5597,10.3629,25.6769
2026-04-01,32.981,22.6094,10.3716,25.9667
2026-04-02,32.7255,22.5064,10.2191,26.2245
2026-04-03,32.444,22.2789,10.1651,25.2968
2026-04-06,32.8459,22.6436,10.2023,25.523
2026-04-07,32.6577,22.4686,10.189,25.3919
2026-04-08,32.73,22.5735,10.1565,25.4353
2026-04-09,32.72,22.6361,10.0839,25.8569
2026-04-10,32.9014,22.7506,10.1508,25.7219
2026-04-13,33.2168,22.9866,10.2302,24.9942
2026-04-14,33.2824,23.0406,10.2418,24.912
2026-04-15,33.3567,23.097,10.2597,25.1856
2026-04-16,33.8723,23.4259,10.4464,25.0437
2026-04-17,34.0279,23.5096,10.5183,24.932
2026-04-20,34.2592,23.6256,10.6336,24.851
2026-04-21,34.6946,23.995,10.6997,25.0484
2026-04-22,34.8107,24.0585,10.7522,25.1072
2026-04-23,35.0799,24.2431,10.8368,25.3116
2026-04-24,35.463,24.5793,10.8837,25.2873
2026-04-27,35.5378,24.6527,10.885,25.4157
2026-04-28,35.6897,24.8116,10.878,25.4349
2026-04-29,36.0682,25.0177,11.0506,25.172
2026-04-30,35.7131,24.6836,11.0295,25.292
2026-05-04,35.8389,24.8169,11.022,25.5075
2026-05-06,35.4298,24.5009,10.9289,25.6367
2026-05-07,35.5072,24.5531,10.9541,25.4196
2026-05-08,35.95,24.9427,11.0073,25.6859
2026-05-11,35.9985,25.0461,10.9524,25.8575
2026-05-12,36.2677,25.4038,10.8639,26.4803
2026-05-13,36.074,25.3135,10.7605,25.9199
2026-05-14,36.4698,25.8268,10.643,26.33
2026-05-15,36.5675,25.9876,10.5799,26.3645
2026-05-18,36.3967,25.8995,10.4972,25.9297
2026-05-19,35.8561,25.5234,10.3327,26.5342
2026-05-20,36.237,26.0036,10.2334,26.0529
2026-05-21,36.4724,26.3644,10.1079,26.3266
2026-05-22,36.3555,26.4199,9.9356,25.7298
2026-05-26,36.2548,26.3993,9.8555,25.2817
2026-05-27,36.69,26.8337,9.8563,25.8032
2026-05-28,37.0687,27.1841,9.8846,26.1901
2026-05-29,38.0227,28.0245,9.9982,26.3178
2026-06-01,37.6812,27.8456,9.8355,26.2116
2026-06-02,37.7091,27.9242,9.7849,26.2162
2026-06-04,37.7376,28.0317,9.7059,26.4025
2026-06-05,37.8384,28.2735,9.5649,26.2433
2026-06-08,37.7904,28.3265,9.4639,26.551
2026-06-09,37.929,28.5732,9.3558,26.2923
2026-06-10,36.7736,27.8078,8.9658,26.0487
2026-06-11,36.6565,27.8744,8.7821,24.6729
2026-06-12,36.8793,28.1108,8.7684,25.4206
2026-06-15,37.077,28.2961,8.7809,25.0979
2026-06-16,37.3856,28.5311,8.8545,25.2901
2026-06-17,37.8005,28.8433,8.9572,25.2801
2026-06-18,37.9797,28.9275,9.0522,25.5707
2026-06-19,38.4787,29.3977,9.081,26.0262
2026-06-22,38.5312,29.4707,9.0605,25.9501
2026-06-23,38.0936,29.1332,8.9604,26.0533
2026-06-24,38.6328,29.7543,8.8786,26.3462
2026-06-25,38.0484,29.3894,8.659,26.1629
2026-06-26,37.7616,29.3296,8.4319,25.4599
2026-06-29,37.807,29.4254,8.3816,25.1811
2026-06-30,37.3282,29.2346,8.0937,25.4948
2026-07-01,37.3393,29.3388,8.0005,25.042
2026-07-02,37.7187,29.6344,8.0843,25.0045
