date,투자자예탁금,장내파생예수금,대고객RP매도잔고,위탁매매미수금,반대매매금액,반대매매비중
2021-07-05,67.8765,11.3073,94.2279,0.2825,0.0146,5.5
2021-07-06,66.7359,11.6102,95.456,0.2753,0.0161,5.7
2021-07-07,67.9002,11.692,95.4381,0.2857,0.0172,6.3
2021-07-08,69.442,11.6463,95.0195,0.3084,0.0186,6.5
2021-07-09,66.5405,11.5636,90.3967,0.3287,0.0182,5.9
2021-07-12,65.0938,11.5118,89.4102,0.3468,0.0236,7.2
2021-07-13,68.4155,11.4153,94.0049,0.3792,0.0224,6.5
2021-07-14,66.4974,11.3529,93.1457,0.329,0.0204,5.4
2021-07-15,69.3184,11.3841,93.2081,0.3744,0.0154,4.7
2021-07-16,68.9025,11.3838,95.1095,0.3924,0.0199,5.3
2021-07-19,68.142,11.4038,94.1389,0.415,0.0169,4.3
2021-07-20,67.7966,11.4673,94.376,0.3011,0.0254,6.1
2021-07-21,67.943,11.6268,94.733,0.3355,0.0181,6.0
2021-07-22,68.0734,11.6409,94.9825,0.3378,0.02,6.0
2021-07-23,67.7974,11.4891,94.5994,0.3572,0.0198,5.9
2021-07-26,71.6646,11.4919,93.1463,0.2989,0.0182,5.1
2021-07-27,63.0709,11.3404,87.8656,0.2735,0.0173,5.8
2021-07-28,66.0127,11.2385,84.9746,0.3245,0.0202,7.4
2021-07-29,75.1675,11.0729,89.8923,0.3073,0.0211,6.5
2021-07-30,67.2561,10.9972,88.0045,0.3149,0.0193,6.3
2021-08-02,69.6504,10.9832,88.6233,0.2954,0.0154,4.9
2021-08-03,69.8797,11.0144,90.8784,0.2962,0.0195,6.6
2021-08-04,70.0499,11.06,92.0419,0.2936,0.0151,5.1
2021-08-05,69.9771,11.1561,92.8514,0.2939,0.0197,6.7
2021-08-06,68.8074,11.0614,93.0075,0.2706,0.0187,6.4
2021-08-09,71.5824,11.0126,92.9499,0.2434,0.0149,5.5
2021-08-10,66.7997,11.0474,89.6295,0.2506,0.018,7.4
2021-08-11,66.6872,11.1021,88.0646,0.3463,0.0225,9.0
2021-08-12,74.2016,10.9727,92.1294,0.435,0.0238,6.9
2021-08-13,71.9869,10.9527,91.7674,0.3903,0.0337,7.7
2021-08-17,70.1231,10.9533,90.9452,0.3987,0.0319,8.2
2021-08-18,70.8378,10.8973,92.4877,0.3914,0.037,9.3
2021-08-19,69.8762,11.1412,93.1308,0.4442,0.0422,10.8
2021-08-20,69.65,10.97,93.4225,0.3592,0.0289,6.5
2021-08-23,69.3895,11.1146,93.4551,0.4265,0.0377,10.5
2021-08-24,68.8438,11.0692,92.4616,0.4609,0.0228,5.3
2021-08-25,63.5856,10.7984,87.3716,0.3772,0.0173,3.7
2021-08-26,64.195,10.7981,86.1568,0.2823,0.0162,4.3
2021-08-27,71.2843,10.7573,91.4821,0.2543,0.0159,5.6
2021-08-30,70.7269,10.8302,92.7077,0.2817,0.016,6.3
2021-08-31,69.5953,10.6374,92.1116,0.2667,0.0153,5.4
2021-09-01,67.4163,10.6387,89.2751,0.2785,0.0126,4.7
2021-09-02,69.6379,10.7864,88.8503,0.263,0.0113,4.0
2021-09-03,69.7502,10.7266,92.0614,0.2553,0.0135,5.1
2021-09-06,69.5906,10.7431,93.1072,0.2785,0.0169,6.6
2021-09-07,69.3871,10.783,92.8096,0.2456,0.0176,6.3
2021-09-08,61.0932,10.8389,86.5964,0.2625,0.0143,5.8
2021-09-09,61.0028,10.8316,84.3081,0.2752,0.0144,5.5
2021-09-10,73.3419,10.6416,90.7534,0.3071,0.0226,8.2
2021-09-13,70.4114,10.9425,93.4143,0.3221,0.0164,5.4
2021-09-14,68.5559,10.9645,92.1942,0.2612,0.0178,5.5
2021-09-15,65.6237,10.9755,90.4917,0.2816,0.0161,6.1
2021-09-16,68.9174,10.851,90.8827,0.2588,0.0143,5.1
2021-09-17,69.3626,10.81,93.5288,0.229,0.0142,5.5
2021-09-23,69.4882,10.7,93.8293,0.2356,0.0142,6.2
2021-09-24,67.8228,10.3632,92.99,0.2108,0.0162,6.9
2021-09-27,68.6219,10.1061,92.5764,0.2687,0.0154,7.3
2021-09-28,68.4443,10.085,90.3592,0.3299,0.0209,7.8
2021-09-29,66.9528,10.006,87.4346,0.3452,0.0256,7.8
2021-09-30,68.3463,10.215,87.5047,0.3907,0.0316,9.2
2021-10-01,69.7746,10.3646,91.8257,0.3906,0.0248,6.3
2021-10-05,70.8794,11.2015,92.7463,0.3476,0.0233,6.0
2021-10-06,70.0842,11.615,92.3171,0.3628,0.0394,11.3
2021-10-07,67.6605,11.922,93.2796,0.425,0.0344,9.5
2021-10-08,66.2217,11.7858,93.7662,0.4986,0.0263,6.2
2021-10-12,67.0659,11.9247,93.3923,0.3898,0.024,4.8
2021-10-13,65.1386,11.8593,91.0626,0.3208,0.0221,5.7
2021-10-14,65.5498,11.7753,90.6413,0.3126,0.0184,5.7
2021-10-15,67.8426,11.2197,93.428,0.2533,0.0166,5.3
2021-10-18,66.9819,11.1042,93.6986,0.2156,0.0111,4.4
2021-10-19,67.8587,11.1174,93.6273,0.2184,0.0136,6.3
2021-10-20,65.6169,11.0917,92.5721,0.2436,0.0132,6.1
2021-10-21,66.553,11.1708,92.7431,0.2365,0.0156,6.4
2021-10-22,64.339,11.0346,91.5486,0.2522,0.0173,7.3
2021-10-25,63.4563,11.1376,89.8374,0.2448,0.016,6.3
2021-10-26,64.9928,11.2143,91.4947,0.1995,0.0144,5.9
2021-10-27,67.6554,11.2386,92.3498,0.2061,0.0098,4.9
2021-10-28,67.9471,11.2489,92.6987,0.2035,0.0106,5.1
2021-10-29,66.7305,11.1549,92.3909,0.2311,0.0131,6.4
2021-11-01,66.8482,11.152,92.274,0.2573,0.0152,6.6
2021-11-02,63.4361,11.1232,89.4201,0.284,0.0175,6.8
2021-11-03,63.9407,11.0657,87.9577,0.2715,0.0129,4.5
2021-11-04,67.1204,10.8049,89.8347,0.2586,0.0161,5.9
2021-11-05,65.01,10.8265,90.4206,0.2863,0.0166,6.4
2021-11-08,65.8337,11.0255,90.359,0.308,0.0191,6.7
2021-11-09,65.4578,11.1465,90.7866,0.2914,0.0187,6.1
2021-11-10,64.6563,11.2531,90.4373,0.2849,0.0156,5.4
2021-11-11,67.0751,11.2554,91.8971,0.2913,0.0204,7.2
2021-11-12,63.5313,11.1843,90.016,0.2987,0.0223,7.7
2021-11-15,64.1912,11.185,89.4295,0.646,0.013,4.3
2021-11-16,66.382,11.0919,91.8913,0.6445,0.0169,2.6
2021-11-17,66.8143,11.2206,92.6308,0.2735,0.0128,2.0
2021-11-18,66.3547,11.2464,92.3409,0.2747,0.0159,5.8
2021-11-19,66.0808,11.2482,92.5012,0.316,0.0169,6.2
2021-11-22,65.0964,11.4033,92.153,0.2971,0.0142,4.5
2021-11-23,65.2454,11.4126,91.959,0.2684,0.0187,6.3
2021-11-24,64.67,11.0802,90.4035,0.3212,0.0195,7.3
2021-11-25,64.1765,11.0874,89.7458,0.3162,0.0195,6.1
2021-11-26,64.9045,11.1242,90.8051,0.2742,0.0174,5.5
2021-11-29,67.0108,11.1756,90.6739,0.2747,0.0162,5.9
2021-11-30,65.9824,11.4048,90.6968,0.3233,0.0196,7.1
2021-12-01,67.3933,11.5453,91.397,0.3057,0.0266,8.2
2021-12-02,67.2797,11.6703,92.0337,0.3394,0.0219,7.2
2021-12-03,64.2444,11.4926,91.3223,0.2662,0.0189,5.6
2021-12-06,64.2789,11.599,92.4167,0.2438,0.0147,5.5
2021-12-07,64.4556,11.8586,91.6878,0.1946,0.0178,7.3
2021-12-08,63.0393,11.9362,91.6691,0.2106,0.012,6.2
2021-12-09,63.5484,11.8102,92.2654,0.2153,0.0109,5.2
2021-12-10,63.5284,11.7354,91.452,0.2182,0.0111,5.1
2021-12-13,64.4773,11.2553,91.7368,0.1899,0.0105,4.8
2021-12-14,64.0625,11.2552,91.9291,0.2028,0.0148,7.8
2021-12-15,63.5622,10.9973,91.5585,0.2289,0.0181,8.9
2021-12-16,63.5959,10.8317,91.6939,0.2326,0.0143,6.2
2021-12-17,62.8408,10.8187,92.6543,0.2316,0.0134,5.7
2021-12-20,63.519,10.835,92.3914,0.236,0.0132,5.7
2021-12-21,63.4766,10.694,92.0933,0.2284,0.0182,7.7
2021-12-22,62.2037,10.9263,91.9211,0.2677,0.0147,6.4
2021-12-23,63.3463,11.0181,92.2769,0.2484,0.0182,6.8
2021-12-24,62.7758,10.7413,92.4599,0.2356,0.0153,6.2
2021-12-27,64.4713,10.8444,91.8371,0.2293,0.0122,5.2
2021-12-28,66.201,10.9022,91.4322,0.2176,0.0159,6.9
2021-12-29,68.0015,10.8746,90.5815,0.2392,0.0138,6.3
2021-12-30,69.6535,10.8082,88.4378,0.3241,0.0062,2.6
2021-12-31,67.5307,10.7855,83.3962,0.321,0.0079,2.4
2022-01-03,71.7328,10.757,87.5156,0.2717,0.0169,5.3
2022-01-04,66.5702,11.0253,89.8707,0.2243,0.0211,7.8
2022-01-05,68.9861,11.1343,90.0182,0.2589,0.0174,7.8
2022-01-06,67.3564,11.6327,90.3622,0.2731,0.0196,7.6
2022-01-07,65.2047,11.5326,90.606,0.3914,0.0232,8.5
2022-01-10,64.4325,11.4486,90.6008,0.4352,0.0241,6.2
2022-01-11,64.6643,11.3647,90.393,0.3132,0.0314,7.2
2022-01-12,64.6033,11.7668,89.9634,0.2977,0.0186,5.9
2022-01-13,64.0954,11.6913,89.9211,0.2832,0.0147,4.9
2022-01-14,65.3401,11.3181,90.6401,0.2314,0.0133,4.7
2022-01-17,74.2589,11.2569,91.0904,0.2501,0.0173,7.5
2022-01-18,70.3863,11.2276,86.8467,0.2734,0.0221,8.8
2022-01-19,54.02,11.2048,78.8168,0.2958,0.0243,8.9
2022-01-20,53.8056,11.264,75.9336,0.2974,0.0224,7.6
2022-01-21,74.041,11.2694,86.7591,0.274,0.018,6.1
2022-01-24,71.3963,11.3522,89.1455,0.2292,0.0132,4.8
2022-01-25,69.5456,11.5432,89.1854,0.2468,0.0215,9.4
2022-01-26,71.4673,11.4648,89.4493,0.2731,0.0289,11.7
2022-01-27,75.1073,11.8385,89.547,0.3319,0.0225,8.2
2022-01-28,70.3447,11.8081,89.5506,0.3024,0.0218,6.6
2022-02-03,68.7099,11.7743,90.4015,0.3577,0.0208,6.9
2022-02-04,66.6658,11.6295,91.017,0.2847,0.0156,4.3
2022-02-07,66.8097,11.7854,91.4981,0.2595,0.0144,5.1
2022-02-08,66.6303,11.7236,92.213,0.235,0.0218,8.4
2022-02-09,64.0015,11.7188,90.9443,0.2601,0.0152,6.5
2022-02-10,63.6959,11.6837,90.8239,0.2555,0.0152,5.8
2022-02-11,64.1011,11.5336,91.1754,0.2305,0.015,5.9
2022-02-14,65.4623,11.6071,91.0924,0.2534,0.0183,8.0
2022-02-15,64.5584,11.5764,90.4055,0.2456,0.027,10.7
2022-02-16,63.4851,11.5812,89.3252,0.242,0.0189,7.7
2022-02-17,63.3948,11.5201,89.905,0.2398,0.0136,5.6
2022-02-18,62.5005,11.4112,89.409,0.1908,0.011,4.6
2022-02-21,62.4731,11.4329,89.3827,0.19,0.0125,6.6
2022-02-22,63.7032,11.3905,89.4241,0.1766,0.0135,7.1
2022-02-23,63.1427,11.282,89.4883,0.1742,0.0111,6.3
2022-02-24,65.2733,11.5031,90.654,0.2014,0.0094,5.4
2022-02-25,64.993,11.3803,90.4807,0.2007,0.0122,6.0
2022-02-28,63.4254,11.3359,89.977,0.248,0.0125,6.2
2022-03-02,64.3628,11.4135,90.1944,0.2192,0.0134,5.4
2022-03-03,64.2629,11.4854,89.3816,0.2117,0.0124,5.6
2022-03-04,63.0369,11.6702,89.5498,0.2024,0.0123,5.8
2022-03-07,65.8629,11.9962,90.1487,0.1989,0.0127,6.3
2022-03-08,64.3832,11.9474,88.9707,0.217,0.0168,8.5
2022-03-10,63.1372,12.0888,89.0475,0.23,0.0189,8.7
2022-03-11,62.5009,11.8695,89.988,0.2433,0.0125,5.4
2022-03-14,63.014,11.8752,89.8678,0.2222,0.0256,10.5
2022-03-15,62.7119,11.9314,89.4036,0.2429,0.018,8.1
2022-03-16,60.9717,12.0706,88.6949,0.2868,0.0175,7.2
2022-03-17,61.0639,12.0075,88.8531,0.2936,0.0147,5.1
2022-03-18,61.4492,11.8708,90.4816,0.2333,0.0113,3.9
2022-03-21,62.7866,11.6841,90.0901,0.2163,0.0113,4.8
2022-03-22,62.3286,11.5923,88.9255,0.2137,0.0116,5.4
2022-03-23,61.5851,11.3684,88.4496,0.2294,0.0148,6.9
2022-03-24,63.3422,11.3188,89.3542,0.2068,0.0096,4.2
2022-03-25,62.9772,11.1302,88.6765,0.2276,0.0121,5.9
2022-03-28,63.8564,11.2068,88.4096,0.2593,0.0161,7.1
2022-03-29,63.1911,11.2516,88.1706,0.2718,0.0178,6.9
2022-03-30,62.8207,11.2559,86.9541,0.2341,0.0155,5.7
2022-03-31,63.2826,11.1677,83.0723,0.2173,0.0156,6.7
2022-04-01,66.8051,11.1452,87.7807,0.2205,0.0167,7.7
2022-04-04,65.8503,11.1419,88.3353,0.206,0.0137,6.2
2022-04-05,62.245,11.1646,88.2515,0.1948,0.0142,6.9
2022-04-06,62.4825,11.3063,89.0334,0.191,0.0121,6.2
2022-04-07,63.6668,11.6301,89.0204,0.203,0.0142,7.5
2022-04-08,61.8928,11.7225,88.6959,0.2299,0.0153,7.5
2022-04-11,61.636,12.1692,89.1009,0.2668,0.0161,7.0
2022-04-12,62.0682,12.2494,88.797,0.2449,0.0179,6.7
2022-04-13,61.5778,12.317,88.6349,0.2379,0.0185,7.6
2022-04-14,62.714,12.0616,88.9359,0.218,0.0155,6.5
2022-04-15,61.7973,12.0061,88.9572,0.1904,0.0119,5.5
2022-04-18,62.4719,11.8829,89.1038,0.2034,0.013,6.8
2022-04-19,61.0687,11.917,88.824,0.2011,0.016,7.9
2022-04-20,60.4011,11.9228,86.9614,0.2114,0.0126,6.3
2022-04-21,61.7487,11.9274,87.2288,0.2002,0.0116,5.5
2022-04-22,62.8601,11.9977,89.3803,0.212,0.0134,6.7
2022-04-25,63.8614,12.1389,88.7811,0.2077,0.0162,7.6
2022-04-26,65.5737,12.154,88.8937,0.2164,0.0207,10.0
2022-04-27,64.856,12.3494,88.9134,0.2773,0.0205,9.5
2022-04-28,62.9229,12.3206,88.8777,0.3028,0.0195,7.0
2022-04-29,61.4062,12.1919,88.7371,0.2659,0.0176,5.8
2022-05-02,61.799,12.1795,88.3824,0.2986,0.0167,6.3
2022-05-03,62.1648,12.1754,88.4648,0.2274,0.0141,4.7
2022-05-04,63.3274,12.0626,88.4913,0.2113,0.0168,7.4
2022-05-06,60.3908,12.1642,88.1965,0.205,0.0148,7.0
2022-05-09,61.8063,12.2107,88.2492,0.2122,0.0182,8.9
2022-05-10,61.5856,12.2935,87.7271,0.2348,0.0238,11.2
2022-05-11,59.9038,12.342,87.9537,0.264,0.0235,10.0
2022-05-12,60.3248,12.4354,87.0251,0.2518,0.0208,7.9
2022-05-13,59.9665,12.3088,85.8491,0.2199,0.0178,7.1
2022-05-16,59.089,12.2139,86.6591,0.2607,0.0194,8.8
2022-05-17,60.5077,12.2392,88.0587,0.2246,0.0174,6.7
2022-05-18,59.1905,12.262,87.8846,0.2258,0.0129,5.7
2022-05-19,59.7638,12.2727,87.6336,0.1974,0.0138,6.1
2022-05-20,59.6016,12.2436,87.8233,0.1904,0.017,8.6
2022-05-23,58.6646,12.2152,87.7242,0.1926,0.0121,6.4
2022-05-24,59.3602,12.2854,87.6913,0.1751,0.0147,7.7
2022-05-25,59.2138,12.2497,87.5247,0.2057,0.0146,8.3
2022-05-26,58.8535,12.2212,87.2496,0.2462,0.0192,9.3
2022-05-27,58.4834,12.2011,87.5496,0.2297,0.0144,5.8
2022-05-30,58.348,12.2185,87.4328,0.2353,0.0122,5.3
2022-05-31,57.5671,12.0792,86.8896,0.1842,0.012,5.1
2022-06-02,61.6321,12.2675,87.5271,0.1846,0.0128,6.9
2022-06-03,58.6526,12.1071,87.9468,0.1861,0.0135,7.3
2022-06-07,57.7866,12.0896,88.111,0.1907,0.0136,7.3
2022-06-08,57.5174,12.0965,87.5277,0.2018,0.0169,8.9
2022-06-09,56.9971,12.0149,86.8071,0.2335,0.0172,8.5
2022-06-10,57.3044,12.0692,86.2826,0.2462,0.0174,7.5
2022-06-13,59.081,12.3075,86.8234,0.2552,0.0166,6.7
2022-06-14,58.7366,12.2464,86.4396,0.2402,0.026,10.2
2022-06-15,57.9763,12.4243,85.629,0.3032,0.0316,13.1
2022-06-16,57.0207,12.2536,84.785,0.2871,0.0303,10.0
2022-06-17,57.1736,11.9862,85.8234,0.3085,0.0264,9.2
2022-06-20,57.2056,12.0177,85.6353,0.2539,0.0256,8.3
2022-06-21,56.9621,11.9121,85.7197,0.2282,0.0261,10.3
2022-06-22,56.3946,11.6813,84.3897,0.2649,0.0229,10.0
2022-06-23,56.9889,11.6441,84.0338,0.2298,0.0178,6.7
2022-06-24,57.546,11.6014,84.8613,0.2535,0.029,12.6
2022-06-27,57.4337,11.3025,83.8265,0.3021,0.0205,8.1
2022-06-28,58.3175,10.9195,81.6722,0.2165,0.0176,5.8
2022-06-29,57.3576,10.8977,80.7416,0.1955,0.0206,9.5
2022-06-30,57.3649,10.8796,77.6252,0.1835,0.0149,7.6
2022-07-01,58.7383,10.7984,81.5275,0.1953,0.0154,8.4
2022-07-04,57.6693,11.3322,81.8064,0.2296,0.0188,9.6
2022-07-05,54.9244,11.9147,81.3421,0.2371,0.0222,9.7
2022-07-06,55.4765,12.1531,81.1194,0.2397,0.0142,6.0
2022-07-07,55.0084,12.3101,80.8108,0.2024,0.014,5.8
2022-07-08,54.4137,12.1553,80.1148,0.2126,0.0116,5.7
2022-07-11,55.2323,12.2394,81.0853,0.1977,0.0117,5.5
2022-07-12,55.2016,12.3379,82.1213,0.189,0.0113,5.7
2022-07-13,55.7944,12.2511,82.0108,0.1895,0.0129,6.8
2022-07-14,55.7767,12.1166,82.3149,0.2143,0.0126,6.7
2022-07-15,54.4787,11.849,82.6487,0.203,0.014,6.5
2022-07-18,54.8543,11.9536,82.3155,0.1928,0.0137,6.8
2022-07-19,53.4959,11.9106,80.2461,0.1938,0.012,6.2
2022-07-20,53.4922,11.9807,80.5552,0.1836,0.01,5.2
2022-07-21,56.0724,11.9128,81.9759,0.187,0.0112,6.1
2022-07-22,55.2406,11.8773,81.9228,0.2116,0.0125,6.7
2022-07-25,54.7329,11.9195,81.6296,0.1984,0.0123,5.8
2022-07-26,54.8367,11.9668,81.5825,0.2049,0.0129,6.5
2022-07-27,54.6644,11.9962,80.687,0.2005,0.0138,6.8
2022-07-28,53.8785,11.8038,80.4738,0.1961,0.0122,6.1
2022-07-29,54.259,11.693,80.6575,0.1988,0.0109,5.6
2022-08-01,55.7664,11.8671,80.7797,0.2287,0.0117,5.9
2022-08-02,55.1099,11.9379,81.1452,0.2059,0.0127,5.6
2022-08-03,56.0393,12.1904,81.3278,0.2205,0.013,6.3
2022-08-04,55.1727,12.1699,81.5137,0.2027,0.0112,5.1
2022-08-05,53.7629,12.1094,81.4556,0.177,0.0107,5.3
2022-08-08,54.2344,12.2034,81.299,0.1891,0.0096,5.4
2022-08-09,54.3155,12.2669,81.306,0.1752,0.0133,7.0
2022-08-10,55.4939,12.3606,80.2173,0.2021,0.0117,6.7
2022-08-11,54.7873,12.3542,80.4046,0.2099,0.0153,7.6
2022-08-12,55.3138,12.1433,81.0097,0.2227,0.0143,6.8
2022-08-16,56.9498,12.1865,81.258,0.2016,0.0121,5.4
2022-08-17,56.0036,12.3102,80.9899,0.1893,0.0108,5.4
2022-08-18,55.2252,12.2942,81.1222,0.1761,0.0111,5.8
2022-08-19,55.2274,12.278,81.4809,0.1945,0.0118,6.7
2022-08-22,54.8323,12.3414,81.2594,0.1991,0.014,7.2
2022-08-23,54.8351,12.3274,80.9694,0.2053,0.0153,7.7
2022-08-24,54.6814,12.3002,80.5971,0.2173,0.0125,6.1
2022-08-25,54.2994,12.1595,80.2817,0.2095,0.0116,5.3
2022-08-26,54.265,12.007,80.3267,0.1929,0.0113,5.4
2022-08-29,55.1706,12.1921,80.0027,0.1667,0.0104,5.4
2022-08-30,54.1642,12.1649,79.7611,0.185,0.0114,6.9
2022-08-31,53.0633,11.9491,79.4099,0.2053,0.0155,8.4
2022-09-01,55.5022,12.0912,79.6374,0.194,0.011,5.3
2022-09-02,54.7126,11.9172,79.8889,0.1753,0.0118,6.1
2022-09-05,52.2912,11.8853,79.9897,0.2196,0.0203,11.6
2022-09-06,52.0425,11.9017,79.9264,0.2251,0.019,8.6
2022-09-07,51.8803,12.0615,79.7372,0.2225,0.0149,6.6
2022-09-08,51.7043,11.7741,79.5296,0.1948,0.0162,7.3
2022-09-13,51.3434,11.85,79.3115,0.2075,0.0164,8.4
2022-09-14,52.2293,11.7828,79.2234,0.1856,0.0143,6.9
2022-09-15,52.5658,11.7135,79.4734,0.1818,0.013,7.0
2022-09-16,52.0966,11.759,79.7606,0.1854,0.0141,7.7
2022-09-19,51.5545,11.6903,79.4761,0.2044,0.0154,8.3
2022-09-20,50.8301,11.7086,78.9737,0.2273,0.0226,11.1
2022-09-21,50.7793,11.6635,78.4116,0.2433,0.0203,8.9
2022-09-22,51.526,11.5393,78.0789,0.2095,0.0153,6.3
2022-09-23,51.702,11.4202,78.105,0.1955,0.0179,8.6
2022-09-26,52.0437,11.5924,76.9434,0.19,0.019,9.7
2022-09-27,51.4712,11.5095,75.8729,0.2268,0.0383,20.1
2022-09-28,52.5678,11.4636,75.2963,0.2857,0.0294,13.0
2022-09-29,51.8539,11.1166,74.839,0.3802,0.0298,10.4
2022-09-30,50.8523,11.2042,73.3331,0.2887,0.0324,8.5
2022-10-04,51.2195,11.5104,75.0175,0.2265,0.0259,9.0
2022-10-05,51.191,11.3472,74.5483,0.1915,0.0208,9.2
2022-10-06,51.7942,12.0389,75.2227,0.182,0.014,7.3
2022-10-07,49.3041,12.5581,75.6447,0.2119,0.0132,7.2
2022-10-11,51.2531,12.661,75.779,0.1749,0.0174,8.2
2022-10-12,49.6471,12.6108,75.9424,0.1792,0.0201,11.5
2022-10-13,50.3347,12.6107,76.3347,0.1936,0.0165,9.2
2022-10-14,50.3882,12.47,76.0257,0.1848,0.0173,8.9
2022-10-17,49.0423,12.3158,75.6332,0.2117,0.015,8.1
2022-10-18,49.0695,12.3499,74.8483,0.1717,0.0138,6.5
2022-10-19,48.7409,12.2738,74.8131,0.1603,0.0107,6.2
2022-10-20,49.1588,12.3355,75.2036,0.1682,0.0102,6.4
2022-10-21,48.6638,12.3129,75.3899,0.1781,0.0161,9.6
2022-10-24,48.2913,12.3452,74.6101,0.1846,0.0152,8.5
2022-10-25,47.6967,12.2856,73.552,0.1677,0.0164,8.9
2022-10-26,48.4651,12.3806,73.3437,0.2341,0.0107,6.4
2022-10-27,50.9418,12.4554,72.7182,0.1842,0.0125,5.4
2022-10-28,47.6727,12.3897,73.5913,0.1793,0.0104,5.6
2022-10-31,48.6191,12.4118,72.6697,0.1654,0.0113,6.3
2022-11-01,49.8469,12.3401,72.4824,0.1678,0.0111,6.7
2022-11-02,50.0036,12.3777,72.8036,0.1643,0.0109,6.5
2022-11-03,48.8176,12.4439,72.7725,0.1539,0.0101,6.2
2022-11-04,48.3225,12.4398,72.6046,0.1642,0.0112,7.3
2022-11-07,47.456,12.487,72.2933,0.1757,0.0122,7.4
2022-11-08,46.9386,12.5619,71.8684,0.1745,0.0123,7.0
2022-11-09,47.5354,12.6468,71.9234,0.171,0.0094,5.4
2022-11-10,49.3589,12.6071,72.2873,0.1524,0.0105,6.1
2022-11-11,49.0088,12.8296,71.8968,0.155,0.01,6.5
2022-11-14,49.9262,12.7911,71.7707,0.174,0.009,5.8
2022-11-15,51.0322,12.7202,72.0033,0.1757,0.0108,6.2
2022-11-16,50.1139,12.6922,72.0146,0.1923,0.0132,7.5
2022-11-17,49.7517,12.7853,72.0354,0.1682,0.011,5.7
2022-11-18,49.6964,12.7033,72.2253,0.1813,0.0148,8.8
2022-11-21,48.4257,12.791,71.9925,0.2029,0.0144,7.9
2022-11-22,47.8622,12.8253,71.8695,0.1863,0.0158,7.8
2022-11-23,48.4154,12.8358,71.9282,0.2097,0.0125,6.7
2022-11-24,47.731,12.7781,71.5851,0.2203,0.0112,5.3
2022-11-25,47.8268,12.7741,71.2733,0.1805,0.0108,4.9
2022-11-28,49.2612,12.9072,71.3099,0.1549,0.0111,6.2
2022-11-29,48.2378,12.9179,70.8474,0.1539,0.0133,8.6
2022-11-30,46.6746,12.8535,70.4906,0.1742,0.0101,6.6
2022-12-01,49.6547,12.8356,70.6512,0.1593,0.0107,6.1
2022-12-02,48.18,12.8086,70.4493,0.1514,0.0099,6.2
2022-12-05,47.3535,12.7427,70.5611,0.1691,0.0104,6.8
2022-12-06,46.7283,12.8347,70.4865,0.1967,0.0166,9.8
2022-12-07,46.0095,12.8122,70.5387,0.2052,0.0163,8.3
2022-12-08,46.6786,12.4465,70.5621,0.1949,0.0188,9.2
2022-12-09,45.7452,12.2708,70.2269,0.1775,0.0135,6.9
2022-12-12,46.3305,12.1108,69.9125,0.1763,0.0138,7.8
2022-12-13,45.9637,11.9799,69.901,0.1722,0.0142,8.0
2022-12-14,46.3296,11.7681,69.6095,0.171,0.0133,7.7
2022-12-15,45.2138,11.5798,69.3997,0.1678,0.0113,6.6
2022-12-16,46.1188,11.5806,69.0901,0.1568,0.0108,6.4
2022-12-19,45.1317,11.6298,69.0394,0.1667,0.0134,8.5
2022-12-20,45.3634,11.5741,68.9064,0.1593,0.014,8.4
2022-12-21,45.3189,11.2931,68.4348,0.1577,0.0139,8.7
2022-12-22,44.3092,11.352,67.6904,0.1724,0.0143,9.1
2022-12-23,43.9025,11.3653,66.2652,0.1713,0.0116,6.7
2022-12-26,47.5426,11.3724,64.7756,0.1546,0.0123,7.2
2022-12-27,45.7182,11.3976,64.1742,0.1753,0.0177,11.4
2022-12-28,46.9844,11.4235,62.4522,0.1727,0.0164,9.4
2022-12-29,47.0465,11.2699,62.1113,0.1767,0.0108,6.2
2022-12-30,46.4484,11.154,59.0532,0.1762,0.0097,5.5
2023-01-02,50.8339,11.1701,64.0194,0.193,0.0194,11.0
2023-01-03,48.4811,11.1909,65.6637,0.212,0.025,13.0
2023-01-04,46.3682,12.0004,66.3543,0.221,0.021,9.9
2023-01-05,44.9766,12.3325,67.1286,0.2054,0.013,5.9
2023-01-06,44.1478,12.2772,67.7442,0.1617,0.0192,9.3
2023-01-09,43.8864,12.4232,67.4772,0.1673,0.0124,7.7
2023-01-10,43.6928,12.3045,67.4298,0.1623,0.0102,6.1
2023-01-11,44.3526,12.2716,67.6884,0.1446,0.0092,5.7
2023-01-12,45.2457,12.1102,67.9372,0.1672,0.0093,6.4
2023-01-13,45.6009,11.8821,68.2145,0.1471,0.0092,5.5
2023-01-16,45.6117,12.0591,68.3489,0.1551,0.0096,6.5
2023-01-17,45.2456,11.9375,68.2569,0.1426,0.011,7.1
2023-01-18,45.6533,11.9928,68.3993,0.1614,0.0105,7.3
2023-01-19,44.5667,12.1293,68.7665,0.1788,0.0116,7.2
2023-01-20,44.1599,12.1966,68.9047,0.1883,0.014,7.8
2023-01-25,45.0264,12.3467,68.5709,0.1691,0.0111,5.9
2023-01-26,45.7675,12.5017,68.4555,0.1548,0.0095,5.6
2023-01-27,47.2292,12.4599,68.21,0.162,0.0081,5.3
2023-01-30,47.1236,12.4378,68.5407,0.1836,0.0091,5.6
2023-01-31,49.2749,12.4804,68.9324,0.1837,0.0113,6.2
2023-02-01,51.5218,12.4413,69.8637,0.2123,0.0141,7.7
2023-02-02,46.4596,12.4927,70.1666,0.2178,0.0102,4.8
2023-02-03,47.7468,12.4341,70.6885,0.2104,0.0114,5.2
2023-02-06,47.3802,12.6059,70.6669,0.1815,0.0106,5.0
2023-02-07,48.161,12.4631,70.105,0.1623,0.0116,6.4
2023-02-08,46.7273,12.5223,70.2863,0.1858,0.0092,5.7
2023-02-09,47.8623,12.2587,70.3305,0.1828,0.0109,5.9
2023-02-10,47.0842,12.1166,70.1016,0.1778,0.0101,5.5
2023-02-13,47.6254,12.1073,70.3022,0.1854,0.0129,7.3
2023-02-14,48.0195,11.9811,70.2116,0.2001,0.0136,7.3
2023-02-15,47.437,12.0925,70.2676,0.2034,0.0129,6.5
2023-02-16,47.7332,12.0994,70.3082,0.1703,0.0118,5.8
2023-02-17,45.8866,11.9402,70.642,0.2174,0.0121,7.1
2023-02-20,46.8601,11.9094,70.755,0.185,0.0121,5.5
2023-02-21,46.1998,11.8119,70.2198,0.1827,0.0127,6.9
2023-02-22,47.6434,11.8526,70.0381,0.169,0.0108,5.9
2023-02-23,46.8779,11.7852,70.6412,0.1697,0.0189,11.2
2023-02-24,46.665,11.7448,70.8577,0.1902,0.011,6.5
2023-02-27,47.3826,11.9081,70.7986,0.1898,0.0107,5.6
2023-02-28,47.7398,11.8002,70.8373,0.1637,0.0125,6.6
2023-03-02,48.5262,11.8051,71.4798,0.1696,0.0224,13.7
2023-03-03,45.6465,11.7875,71.6346,0.174,0.0175,10.3
2023-03-06,48.3278,11.8587,71.6683,0.1866,0.0181,10.4
2023-03-07,49.5885,11.8622,72.2288,0.1822,0.0266,14.3
2023-03-08,48.9119,12.0323,72.5264,0.1847,0.0189,10.4
2023-03-09,49.8808,11.9693,73.4431,0.2049,0.0229,12.4
2023-03-10,48.3254,11.9462,73.8205,0.2402,0.0232,11.3
2023-03-13,47.5085,12.1154,73.9095,0.2966,0.0301,12.5
2023-03-14,48.0767,12.1797,73.7005,0.2667,0.0268,9.0
2023-03-15,48.7352,12.2431,73.7859,0.2086,0.0251,9.4
2023-03-16,46.3924,11.8193,73.9328,0.2403,0.0239,11.5
2023-03-17,46.3255,11.7138,74.064,0.1987,0.0223,9.3
2023-03-20,46.2527,11.5132,73.9007,0.1947,0.0191,9.6
2023-03-21,47.2245,11.5718,73.6464,0.2065,0.0237,12.2
2023-03-22,46.3326,11.3813,73.8158,0.2388,0.0209,10.1
2023-03-23,47.4308,11.1004,74.2085,0.1945,0.0217,9.1
2023-03-24,48.64,10.9279,72.575,0.1888,0.0208,10.7
2023-03-27,50.5446,10.822,72.1496,0.232,0.0242,12.8
2023-03-28,49.2302,10.7868,72.0722,0.2086,0.0259,11.2
2023-03-29,48.3148,10.7017,72.2481,0.211,0.0242,11.6
2023-03-30,48.6871,10.6205,71.5884,0.2016,0.0266,12.6
2023-03-31,50.6018,10.6359,68.4077,0.1851,0.0308,15.3
2023-04-03,53.0505,10.8632,72.4197,0.196,0.0133,7.2
2023-04-04,50.5307,11.4858,73.5424,0.2115,0.0186,9.5
2023-04-05,49.1181,11.6209,73.6248,0.206,0.0137,6.5
2023-04-06,50.3331,11.8421,74.422,0.2102,0.0128,6.2
2023-04-07,51.0225,11.8778,74.7775,0.2054,0.0194,9.2
2023-04-10,49.6819,11.9231,74.6392,0.2433,0.0124,6.0
2023-04-11,53.1579,12.091,74.7883,0.1958,0.014,5.7
2023-04-12,52.4009,12.2004,75.1177,0.2033,0.0122,6.2
2023-04-13,53.6101,12.0684,75.4568,0.2197,0.017,8.3
2023-04-14,52.3987,12.0186,75.8037,0.2543,0.0191,8.7
2023-04-17,52.8837,12.0651,76.426,0.229,0.012,4.7
2023-04-18,53.6304,12.0744,76.0866,0.1929,0.0116,5.1
2023-04-19,52.0933,12.1295,76.0794,0.2012,0.0116,6.0
2023-04-20,52.6479,12.0946,76.5465,0.2279,0.0143,7.1
2023-04-21,53.2008,12.208,76.9005,0.2274,0.0155,6.8
2023-04-24,53.3475,12.3001,77.05,0.2398,0.0161,7.1
2023-04-25,53.7717,12.1846,76.4357,0.2569,0.0194,8.1
2023-04-26,53.4879,12.0623,76.6055,0.2711,0.0351,13.7
2023-04-27,53.4928,12.0886,76.8396,0.3257,0.0263,9.7
2023-04-28,53.142,11.9302,76.5857,0.3433,0.039,12.0
2023-05-02,54.2422,11.9861,76.4221,0.4334,0.0563,16.4
2023-05-03,51.1502,11.9819,76.8728,0.5348,0.0597,13.8
2023-05-04,51.9978,11.9868,77.4285,0.5029,0.0539,10.1
2023-05-08,50.166,12.155,77.3225,0.511,0.048,9.6
2023-05-09,49.563,12.0763,76.7094,0.4884,0.0492,9.6
2023-05-10,50.2077,12.1045,76.7037,0.5082,0.0508,10.4
2023-05-11,50.1527,12.0415,77.0987,0.5128,0.0506,10.0
2023-05-12,50.0643,11.9606,77.1604,0.4906,0.0496,9.7
2023-05-15,52.1498,12.0137,77.5881,0.4711,0.0517,10.5
2023-05-16,49.9423,11.9372,76.6404,0.4683,0.0504,10.7
2023-05-17,48.9378,12.0051,76.7736,0.4727,0.0452,9.6
2023-05-18,49.7359,11.9754,77.6135,0.4922,0.0454,9.6
2023-05-19,49.7563,12.1242,77.8505,0.4509,0.0445,9.0
2023-05-22,49.7753,12.0478,77.9593,0.5026,0.0463,10.3
2023-05-23,50.5884,12.0766,77.5326,0.507,0.0446,8.9
2023-05-24,51.4246,12.0316,77.5003,0.5522,0.0437,8.6
2023-05-25,51.0266,11.7957,77.4483,0.5436,0.0436,7.9
2023-05-26,51.0303,11.7019,76.9896,0.4501,0.0474,8.7
2023-05-30,51.6588,11.7353,76.4301,0.4869,0.0506,11.2
2023-05-31,51.9553,11.6225,76.1819,0.465,0.0476,9.8
2023-06-01,52.7348,11.7372,76.7448,0.4571,0.0462,9.9
2023-06-02,50.3802,11.7665,77.0279,0.454,0.0443,9.7
2023-06-05,50.0273,11.768,77.1986,0.4511,0.0451,9.9
2023-06-07,50.7847,11.7672,77.182,0.4473,0.0481,10.7
2023-06-08,50.9238,11.7079,77.5091,0.4398,0.0437,9.8
2023-06-09,51.7582,11.5603,77.5771,0.4622,0.0456,10.4
2023-06-12,51.642,11.4775,77.3394,0.4581,0.0439,9.5
2023-06-13,52.5056,11.5527,77.4337,0.4458,0.0447,9.8
2023-06-14,52.8195,11.615,77.3439,0.4585,0.0455,10.2
2023-06-15,54.2211,11.5299,77.2823,0.4782,0.047,10.2
2023-06-16,51.9053,11.5216,77.5767,0.5288,0.0484,10.1
2023-06-19,51.9793,11.3827,77.4836,0.5659,0.0482,9.1
2023-06-20,51.8251,11.4102,77.2675,0.4615,0.0486,8.6
2023-06-21,51.0071,11.4805,76.7799,0.4868,0.0459,9.9
2023-06-22,50.5236,11.2977,76.1396,0.4946,0.0498,10.2
2023-06-23,50.6529,11.0043,76.6558,0.5053,0.048,9.7
2023-06-26,51.1236,10.8146,75.8569,0.4939,0.0517,10.2
2023-06-27,51.5192,10.678,75.2351,0.4055,0.0472,9.6
2023-06-28,50.9151,10.6245,74.8391,0.4717,0.046,11.4
2023-06-29,50.7558,10.6065,73.9508,0.4735,0.0463,9.8
2023-06-30,51.8442,10.5669,71.0876,0.4838,0.0468,9.9
2023-07-03,55.0226,10.5938,75.4027,0.466,0.0929,19.2
2023-07-04,51.3169,11.1173,76.3905,0.4381,0.0977,21.0
2023-07-05,51.5072,11.22,76.1443,0.4392,0.0441,10.1
2023-07-06,51.2463,11.5583,75.3056,0.5272,0.0494,11.2
2023-07-07,50.4775,11.5537,75.5966,0.5247,0.0684,13.0
2023-07-10,51.6655,11.5715,76.913,0.5263,0.0499,9.5
2023-07-11,50.3063,11.5764,76.0861,0.5143,0.0511,9.7
2023-07-12,50.4701,11.4539,76.2362,0.5644,0.0487,9.5
2023-07-13,53.4848,11.3472,77.5024,0.5404,0.049,8.7
2023-07-14,51.1124,11.2812,77.0523,0.5425,0.0495,9.2
2023-07-17,50.892,11.225,77.0415,0.5053,0.0492,9.1
2023-07-18,51.4133,11.3874,76.2955,0.5112,0.0492,9.7
2023-07-19,50.9551,11.3678,76.5488,0.538,0.0484,9.5
2023-07-20,53.2878,11.3525,77.8769,0.5556,0.05,9.3
2023-07-21,54.0024,11.438,78.2247,0.5479,0.0514,9.2
2023-07-24,54.1533,11.342,77.8407,0.531,0.0482,8.8
2023-07-25,55.4119,11.3308,76.9534,0.5242,0.0495,9.3
2023-07-26,57.7878,11.3652,76.9564,0.5656,0.0496,9.5
2023-07-27,58.1991,11.3441,76.8614,0.5926,0.0575,10.2
2023-07-28,55.7295,11.2552,76.7952,0.7734,0.0685,11.6
2023-07-31,55.9866,11.2121,76.4411,0.7291,0.0743,9.6
2023-08-01,57.1605,11.3379,77.1967,0.5863,0.0545,7.5
2023-08-02,55.2777,11.5767,77.1575,0.5403,0.05,8.5
2023-08-03,54.8628,11.5383,77.7435,0.5428,0.058,10.7
2023-08-04,54.1844,11.5497,78.2065,0.5956,0.0552,10.2
2023-08-07,54.351,11.6059,78.0755,0.581,0.0544,9.1
2023-08-08,53.349,11.6968,78.2093,0.5479,0.054,9.3
2023-08-09,52.7168,11.8113,78.1716,0.5664,0.0535,9.8
2023-08-10,52.8866,11.6254,78.2857,0.5546,0.0511,9.0
2023-08-11,53.2134,11.5548,78.0334,0.4914,0.0496,8.9
2023-08-14,53.5281,11.6294,78.0641,0.5112,0.0464,9.5
2023-08-16,55.6809,11.7468,78.0849,0.5151,0.0548,10.7
2023-08-17,53.9604,11.7904,78.3921,0.5162,0.0518,10.1
2023-08-18,52.594,11.7189,78.459,0.5503,0.052,10.1
2023-08-21,52.8099,11.7167,78.6004,0.5819,0.0573,10.4
2023-08-22,51.7512,11.6676,78.1654,0.6317,0.0522,9.0
2023-08-23,51.4887,11.6803,78.2742,0.5613,0.0476,7.5
2023-08-24,52.0677,11.7674,78.3006,0.5118,0.0485,8.6
2023-08-25,51.3913,11.6707,78.0275,0.5142,0.0472,9.2
2023-08-28,52.7437,11.5856,78.2162,0.5016,0.0507,9.9
2023-08-29,51.5898,11.5427,78.1113,0.5086,0.0482,9.6
2023-08-30,51.4899,11.5416,77.9698,0.495,0.0464,9.1
2023-08-31,51.5789,11.5235,77.3155,0.4911,0.048,9.7
2023-09-01,52.8468,11.6599,77.9336,0.5139,0.0479,9.8
2023-09-04,52.6732,11.7139,78.1453,0.5664,0.0475,9.2
2023-09-05,51.3013,11.6436,77.9674,0.5304,0.0508,9.0
2023-09-06,51.3067,11.6572,78.1319,0.5166,0.0492,9.3
2023-09-07,52.481,11.6884,78.6145,0.5131,0.0481,9.3
2023-09-08,51.0615,11.3469,78.5836,0.5236,0.0494,9.6
2023-09-11,52.0057,11.4049,78.6582,0.5353,0.0548,10.5
2023-09-12,51.005,11.402,78.1743,0.5249,0.0509,9.5
2023-09-13,52.1585,11.5283,78.2713,0.5278,0.052,9.9
2023-09-14,52.1925,11.4566,78.6697,0.5678,0.0504,9.5
2023-09-15,49.3067,11.2935,78.0442,0.5736,0.0514,9.1
2023-09-18,50.0014,11.2151,77.8749,0.5037,0.0473,8.2
2023-09-19,50.6815,11.2068,77.9342,0.486,0.0518,10.3
2023-09-20,50.85,11.0633,77.4519,0.4945,0.0497,10.2
2023-09-21,50.8591,11.0203,76.757,0.5018,0.0475,9.6
2023-09-22,48.0304,10.8808,73.8909,0.5002,0.0505,10.1
2023-09-25,48.1495,10.7526,71.3037,0.5875,0.0582,11.6
2023-09-26,52.6314,10.7347,73.8727,0.5215,0.0575,9.8
2023-09-27,49.99,10.4382,72.3764,0.5775,0.0543,10.4
2023-10-04,52.2467,11.0063,75.6681,0.6399,0.0499,8.6
2023-10-05,50.4918,11.3631,77.2442,0.5493,0.0547,8.6
2023-10-06,47.4452,11.285,76.568,0.5698,0.0564,10.3
2023-10-10,46.5389,11.364,76.7827,0.5705,0.0516,9.1
2023-10-11,46.7859,11.2678,76.3623,0.531,0.0545,9.5
2023-10-12,49.099,11.0613,76.9385,0.5411,0.0515,9.7
2023-10-13,49.492,11.0051,78.7817,0.5128,0.0457,8.4
2023-10-16,47.7628,11.0184,78.6947,0.5014,0.0471,9.2
2023-10-17,46.5956,11.0089,78.114,0.5174,0.0512,10.2
2023-10-18,46.6353,10.8592,78.2494,0.7623,0.2768,53.5
2023-10-19,47.2489,10.8152,77.9535,1.0014,0.5257,69.0
2023-10-20,47.8985,10.7952,77.782,1.0259,0.5497,54.9
2023-10-23,48.2288,10.8711,78.0857,1.032,0.5496,53.6
2023-10-24,47.034,10.848,77.7176,1.0486,0.5487,53.2
2023-10-25,46.5341,10.8355,77.5477,1.0376,0.0096,0.9
2023-10-26,48.5474,10.9857,77.9331,1.0028,0.0113,1.1
2023-10-27,48.446,10.8158,77.5472,1.0284,0.0127,1.3
2023-10-30,47.1945,10.7977,77.1738,1.1753,0.0122,1.2
2023-10-31,46.057,10.7328,76.9858,1.0125,0.0084,0.7
2023-11-01,46.012,10.7679,76.9944,0.9949,0.0104,1.0
2023-11-02,45.0215,10.6013,77.0794,0.9835,0.0219,2.2
2023-11-03,44.682,10.5511,76.9987,0.9546,0.0506,5.1
2023-11-06,47.4298,10.7847,76.6811,0.9259,0.0021,0.2
2023-11-07,47.8101,10.8778,77.3033,0.9065,0.0043,0.5
2023-11-08,47.8703,10.7661,77.7774,1.0286,0.0019,0.2
2023-11-09,47.2024,10.5746,77.6263,1.049,0.0059,0.6
2023-11-10,48.1744,10.5682,77.2001,0.981,0.0105,1.0
2023-11-13,47.9082,10.6106,77.9926,0.944,0.0052,0.5
2023-11-14,47.0073,10.6118,77.6781,0.9364,0.0073,0.8
2023-11-15,47.5854,10.7051,77.6371,0.9484,0.0035,0.4
2023-11-16,46.8237,10.6153,78.8792,0.9329,0.0029,0.3
2023-11-17,46.9611,10.6597,78.1088,0.9316,0.0024,0.3
2023-11-20,47.2611,10.6855,78.0534,0.9451,0.0052,0.6
2023-11-21,47.9826,10.6935,79.0667,0.9405,0.0098,1.0
2023-11-22,47.8282,10.7602,78.9018,0.9432,0.0025,0.3
2023-11-23,47.3439,10.7129,79.0888,0.9623,0.0029,0.3
2023-11-24,47.4975,10.7552,78.8245,0.9531,0.0042,0.4
2023-11-27,47.9885,10.7312,78.4594,0.9674,0.0032,0.3
2023-11-28,48.5387,10.699,78.5876,0.9377,0.0039,0.4
2023-11-29,47.8779,10.748,78.2034,0.9431,0.0028,0.3
2023-11-30,48.481,10.7085,78.116,0.9409,0.0056,0.6
2023-12-01,48.6681,10.9047,78.6399,0.9442,0.0036,0.4
2023-12-04,48.393,11.1758,77.4621,0.9477,0.0047,0.5
2023-12-05,47.545,11.2633,76.9599,0.973,0.0053,0.6
2023-12-06,48.9811,11.3037,78.2026,1.0002,0.0077,0.8
2023-12-07,50.3815,11.3761,78.8691,0.9982,0.0073,0.7
2023-12-08,48.2012,11.0356,79.018,0.9574,0.0077,0.8
2023-12-11,48.6087,11.1575,79.2195,0.9467,0.0035,0.4
2023-12-12,49.4831,10.8655,79.3383,0.9352,0.0056,0.6
2023-12-13,50.1611,10.8583,79.1211,0.9444,0.0037,0.4
2023-12-14,51.3328,10.8263,79.1493,0.9294,0.0064,0.7
2023-12-15,48.313,10.8716,77.9355,0.9496,0.0041,0.4
2023-12-18,49.587,10.8027,78.2368,0.9431,0.0027,0.3
2023-12-19,53.132,10.686,79.5097,0.9275,0.0049,0.5
2023-12-20,52.1172,10.8322,79.0198,0.9439,0.004,0.4
2023-12-21,51.8624,10.8727,78.6958,0.9426,0.0043,0.5
2023-12-22,52.6123,10.8326,78.2485,0.9565,0.0021,0.2
2023-12-26,53.6834,10.9075,77.1731,0.9662,0.0068,0.7
2023-12-27,56.4636,10.9729,76.4344,0.9707,0.0092,1.0
2023-12-28,53.8156,11.0586,74.5941,0.9729,0.0052,0.5
2023-12-29,52.7537,10.9409,71.619,0.9702,0.0,0.0
2024-01-02,59.4949,11.0515,76.5892,0.9713,0.0054,0.6
2024-01-03,56.9545,11.1669,78.7801,0.9506,0.0065,0.7
2024-01-04,54.2492,11.0654,80.3413,0.9716,0.0059,0.6
2024-01-05,52.0116,11.3889,80.695,1.0094,0.0073,0.7
2024-01-08,51.3975,11.4412,80.8843,1.0445,0.0089,0.9
2024-01-09,51.7323,11.3533,80.9808,1.0518,0.0075,0.7
2024-01-10,49.9594,11.4088,80.7917,1.045,0.0053,0.5
2024-01-11,52.7934,11.3585,81.1898,0.9672,0.0061,0.6
2024-01-12,50.8788,11.1883,81.4354,0.9772,0.0085,0.9
2024-01-15,51.9273,11.1852,81.2377,1.1387,0.0097,1.0
2024-01-16,50.3687,11.1984,80.8746,1.0677,0.0077,0.7
2024-01-17,49.9871,11.2391,80.4234,0.9763,0.008,0.7
2024-01-18,49.0592,11.2554,79.498,0.9884,0.0102,1.0
2024-01-19,49.5601,11.2643,80.1128,1.0199,0.0099,1.0
2024-01-22,50.2923,11.1544,81.2274,0.984,0.0059,0.6
2024-01-23,50.37,11.0761,81.0122,0.9595,0.0081,0.8
2024-01-24,49.7804,11.1594,79.8365,0.97,0.0065,0.7
2024-01-25,50.503,11.0858,79.1683,0.9461,0.0044,0.5
2024-01-26,49.0649,11.103,80.1071,0.9355,0.0054,0.6
2024-01-29,52.2041,11.1125,80.0487,0.9416,0.0033,0.4
2024-01-30,51.2334,11.0247,80.4972,0.9311,0.0073,0.8
2024-01-31,50.7434,11.0982,80.4081,0.9533,0.0048,0.5
2024-02-01,52.0476,11.0555,81.0327,0.9562,0.0073,0.8
2024-02-02,50.824,11.1244,81.2631,0.9549,0.006,0.6
2024-02-05,50.8406,10.9738,81.587,0.9378,0.0035,0.4
2024-02-06,52.8949,10.7947,81.8044,0.9277,0.0036,0.4
2024-02-07,51.6621,10.8677,82.2004,0.9457,0.0048,0.5
2024-02-08,50.8402,10.7087,82.5853,0.9445,0.005,0.5
2024-02-13,52.9755,10.7042,82.6242,0.9435,0.0031,0.3
2024-02-14,53.1595,10.7238,81.6636,0.9426,0.0035,0.4
2024-02-15,53.5695,10.5766,80.5552,1.0133,0.0032,0.3
2024-02-16,53.9281,10.5952,81.5299,1.0423,0.0064,0.6
2024-02-19,54.0247,10.6546,83.5329,1.0042,0.0078,0.7
2024-02-20,53.8157,10.8052,82.8389,0.9836,0.0066,0.7
2024-02-21,54.1567,10.7703,83.0033,0.9728,0.0059,0.6
2024-02-22,53.6264,10.8528,83.4858,0.9791,0.0057,0.6
2024-02-23,53.4207,10.8852,83.0659,0.9655,0.0067,0.7
2024-02-26,54.6234,10.9025,82.7745,0.9682,0.0066,0.7
2024-02-27,56.0115,10.8289,82.0982,0.9739,0.0074,0.8
2024-02-28,54.8684,10.8815,82.6765,0.9751,0.0115,1.2
2024-02-29,54.3356,10.8325,83.5552,0.9886,0.0073,0.7
2024-03-04,57.8852,10.9697,84.284,0.9618,0.0061,0.6
2024-03-05,55.023,11.1381,83.4174,0.9484,0.0056,0.6
2024-03-06,54.8909,11.2834,83.9303,0.9616,0.0042,0.4
2024-03-07,54.0683,11.2553,84.4542,0.9799,0.0066,0.7
2024-03-08,52.506,11.3977,84.3437,0.9656,0.0064,0.7
2024-03-11,53.3436,11.5118,84.1068,0.9683,0.0042,0.4
2024-03-12,53.8822,11.5218,84.4333,0.9563,0.0077,0.8
2024-03-13,52.9973,11.633,83.1341,0.9543,0.0067,0.7
2024-03-14,53.4824,11.5714,83.4428,0.9438,0.0031,0.3
2024-03-15,53.3662,11.6305,83.6984,0.9388,0.0034,0.4
2024-03-18,53.1122,11.2843,83.8673,0.9449,0.0058,0.6
2024-03-19,51.752,11.1408,84.5366,0.9612,0.0043,0.5
2024-03-20,52.8461,10.9588,84.6001,0.9503,0.0054,0.6
2024-03-21,52.6355,11.1247,84.7731,0.9837,0.005,0.5
2024-03-22,52.007,11.1539,84.9831,1.0072,0.0056,0.6
2024-03-25,55.2615,11.1377,84.8816,1.0375,0.0027,0.3
2024-03-26,55.1906,11.1389,83.3533,1.0342,0.0066,0.6
2024-03-27,55.323,11.243,82.9777,1.0496,0.0039,0.4
2024-03-28,56.0438,11.1165,83.4916,1.0979,0.007,0.7
2024-03-29,56.5229,11.0901,81.1668,0.9587,0.0066,0.6
2024-04-01,59.6299,11.2283,84.2069,1.0437,0.0076,0.8
2024-04-02,57.4227,11.3845,85.4747,0.9642,0.0084,0.8
2024-04-03,57.0475,11.8138,85.1512,0.9543,0.0057,0.6
2024-04-04,56.4905,11.8352,85.8838,0.9676,0.0072,0.8
2024-04-05,54.443,11.7978,86.6788,0.9811,0.0094,1.0
2024-04-08,55.9333,11.744,86.9923,0.9507,0.0061,0.6
2024-04-09,55.0239,11.7869,86.9525,0.954,0.0088,0.9
2024-04-11,55.3855,11.7661,87.0743,0.9675,0.0088,0.9
2024-04-12,54.9353,11.589,87.1606,0.9545,0.0089,0.9
2024-04-15,56.6682,11.6223,87.254,0.9376,0.0054,0.6
2024-04-16,57.5969,11.7697,86.8385,0.9583,0.006,0.6
2024-04-17,55.269,11.609,86.7849,0.9653,0.0172,1.8
2024-04-18,55.06,11.7144,87.3146,0.9932,0.0103,1.1
2024-04-19,55.4754,12.0723,86.491,0.9806,0.0072,0.7
2024-04-22,56.5797,12.0146,86.0342,0.9312,0.0074,0.8
2024-04-23,55.8653,11.8897,86.3152,0.9454,0.0056,0.6
2024-04-24,54.696,11.9264,85.7654,0.9503,0.0098,1.0
2024-04-25,55.6713,12.0334,85.6366,0.946,0.0065,0.7
2024-04-26,56.5102,11.5442,84.0768,0.9224,0.0043,0.5
2024-04-29,56.7872,11.5697,83.2967,0.977,0.0049,0.5
2024-04-30,57.2306,11.3928,85.3884,0.9289,0.0051,0.5
2024-05-02,58.7908,11.4002,86.6137,0.9504,0.0036,0.4
2024-05-03,55.945,11.4332,87.3343,0.9828,0.0054,0.6
2024-05-07,55.4821,11.5413,86.9229,0.9902,0.0071,0.7
2024-05-08,54.1089,11.6171,85.6902,0.9775,0.0051,0.5
2024-05-09,55.6651,11.5467,86.6126,0.9542,0.0041,0.4
2024-05-10,55.65,11.3325,87.7596,0.9578,0.0052,0.5
2024-05-13,55.3476,11.3673,87.904,0.9617,0.0057,0.6
2024-05-14,55.3939,11.344,87.3829,0.9556,0.0055,0.6
2024-05-16,56.2355,11.4485,87.473,0.9578,0.0058,0.6
2024-05-17,55.6564,11.6208,88.345,0.9358,0.0053,0.5
2024-05-20,56.1694,11.603,88.3694,0.9465,0.0061,0.7
2024-05-21,55.4229,11.6683,88.0289,0.9652,0.01,1.1
2024-05-22,54.882,11.5767,88.2201,0.9652,0.0059,0.6
2024-05-23,55.6636,11.558,88.4937,0.9582,0.007,0.7
2024-05-24,55.4409,11.6522,88.3946,0.9599,0.0067,0.7
2024-05-27,56.8481,11.4963,88.1339,0.9659,0.0051,0.5
2024-05-28,56.2698,11.5226,87.975,0.9459,0.0067,0.7
2024-05-29,55.1474,11.6822,87.9546,0.9534,0.004,0.4
2024-05-30,56.4101,11.7732,87.6763,0.9011,0.007,0.7
2024-05-31,54.3964,11.5066,87.6084,0.9815,0.0091,1.0
2024-06-03,54.2132,11.5232,88.0419,0.9518,0.017,1.7
2024-06-04,52.9686,11.6627,87.3395,0.9059,0.0059,0.6
2024-06-05,53.3924,11.6461,87.4145,0.9093,0.0059,0.6
2024-06-07,52.9539,11.6858,87.2954,0.8992,0.0067,0.7
2024-06-10,54.1289,11.7036,87.9831,0.8844,0.006,0.7
2024-06-11,54.2169,11.6195,88.0462,0.8943,0.0058,0.7
2024-06-12,54.1011,11.7209,88.4872,0.9176,0.006,0.7
2024-06-13,55.5935,11.6796,89.7629,0.9453,0.0049,0.5
2024-06-14,54.6883,11.3188,89.3134,0.9312,0.0049,0.5
2024-06-17,55.6991,11.2257,88.336,0.9003,0.005,0.5
2024-06-18,55.7806,11.1581,88.7241,0.8906,0.0103,1.1
2024-06-19,54.8,11.1574,88.9382,0.9309,0.0059,0.7
2024-06-20,54.8858,11.1821,88.8352,0.9587,0.0028,0.3
2024-06-21,55.2383,11.0934,88.5902,0.9339,0.0046,0.5
2024-06-24,55.9608,11.1082,88.477,0.9339,0.0068,0.7
2024-06-25,55.9725,11.083,87.9797,0.9494,0.0075,0.8
2024-06-26,55.0955,10.9323,87.5655,0.9625,0.0074,0.8
2024-06-27,56.4422,10.8114,87.478,0.9657,0.0079,0.8
2024-06-28,56.5087,10.7423,84.718,0.9566,0.0063,0.7
2024-07-01,58.3105,10.6159,88.1347,0.9349,0.0056,0.6
2024-07-02,56.1591,11.1887,89.2454,0.9304,0.0047,0.5
2024-07-03,54.399,11.2022,87.7228,0.9353,0.0065,0.7
2024-07-04,53.0449,11.1816,88.0776,0.9663,0.0072,0.8
2024-07-05,53.8549,11.4625,90.1827,0.954,0.0085,0.9
2024-07-08,55.6043,11.7037,90.9176,0.948,0.0071,0.7
2024-07-09,56.6026,11.6684,91.302,1.0709,0.0046,0.5
2024-07-10,56.1689,11.6666,91.2106,1.0542,0.0033,0.3
2024-07-11,57.2311,11.6252,91.6458,0.9091,0.0035,0.3
2024-07-12,56.5465,11.3933,91.6091,0.9154,0.0047,0.5
2024-07-15,57.8772,11.3828,91.5621,0.9381,0.0075,0.8
2024-07-16,56.9073,11.4177,91.4358,0.9601,0.0097,1.0
2024-07-17,56.3409,11.6102,91.2835,0.9561,0.0048,0.5
2024-07-18,57.4114,11.6,91.4174,0.9556,0.0079,0.8
2024-07-19,55.8603,11.6071,89.8222,1.0037,0.0095,1.0
2024-07-22,56.1047,11.389,89.7834,1.0314,0.0111,1.1
2024-07-23,55.5319,11.2785,91.3186,0.9879,0.0141,1.4
2024-07-24,54.8762,11.3216,91.3902,0.9929,0.0094,0.9
2024-07-25,56.3933,11.4634,91.4735,0.9607,0.0078,0.8
2024-07-26,55.4647,11.2309,90.703,0.9565,0.0084,0.9
2024-07-29,54.0731,11.297,90.8267,0.9801,0.0097,1.0
2024-07-30,55.0121,11.4465,91.3229,0.9438,0.009,0.9
2024-07-31,54.2994,11.4247,91.117,0.9215,0.0042,0.4
2024-08-01,54.6592,11.555,91.6421,0.925,0.0072,0.8
2024-08-02,53.8679,11.8577,90.902,0.9273,0.0044,0.5
2024-08-05,59.4876,12.1162,89.8862,0.9468,0.0077,0.8
2024-08-06,58.9618,12.7398,90.3746,1.0086,0.0433,4.6
2024-08-07,56.5838,12.6414,90.3379,1.1972,0.0214,2.1
2024-08-08,55.1217,12.4004,90.612,1.1014,0.013,1.1
2024-08-09,53.878,12.0761,89.7385,0.9858,0.0251,2.3
2024-08-12,53.0142,11.9757,88.9789,0.9605,0.0107,1.1
2024-08-13,53.8159,11.8493,89.842,0.914,0.004,0.4
2024-08-14,53.1464,11.8711,90.2444,0.9108,0.0056,0.6
2024-08-16,53.9375,12.0954,91.2217,0.9242,0.0033,0.4
2024-08-19,52.5882,12.1966,91.1695,0.9171,0.0047,0.5
2024-08-20,53.321,12.2336,91.3562,0.9157,0.0057,0.6
2024-08-21,53.5079,12.1194,91.6939,0.9303,0.0055,0.6
2024-08-22,53.5053,12.0135,91.716,0.9281,0.0054,0.6
2024-08-23,52.5859,12.0575,91.7591,0.9351,0.0078,0.8
2024-08-26,53.4169,12.0469,91.716,0.943,0.0055,0.6
2024-08-27,53.7295,12.0295,91.6372,0.951,0.0061,0.6
2024-08-28,53.2514,12.0144,91.6239,0.9788,0.0082,0.9
2024-08-29,53.0605,12.0609,91.5409,1.015,0.0107,1.1
2024-08-30,52.1293,12.2583,90.9767,0.945,0.0045,0.4
2024-09-02,52.051,12.3988,90.8528,0.9696,0.0057,0.6
2024-09-03,51.4272,12.5335,89.92,0.9466,0.0087,0.9
2024-09-04,53.2412,12.6548,89.8669,0.9452,0.0055,0.6
2024-09-05,53.3814,12.5128,90.582,0.955,0.0073,0.8
2024-09-06,51.4526,12.5443,90.9568,0.9922,0.0148,1.5
2024-09-09,51.2598,12.7052,90.8204,0.9846,0.0152,1.5
2024-09-10,51.4943,12.6861,90.4099,0.971,0.0126,1.3
2024-09-11,51.9933,12.8183,90.3055,0.9443,0.0116,1.2
2024-09-12,51.1531,12.6488,91.3839,0.9489,0.0062,0.7
2024-09-13,51.4007,12.2608,91.6937,0.9356,0.0067,0.7
2024-09-19,51.6094,12.1553,91.5564,0.9392,0.003,0.3
2024-09-20,50.8296,12.0304,91.1096,0.9507,0.0064,0.7
2024-09-23,51.6793,12.1082,91.1104,0.9376,0.0061,0.6
2024-09-24,51.756,12.2289,91.191,0.9384,0.0045,0.5
2024-09-25,52.0443,12.2731,90.9694,0.9233,0.0057,0.6
2024-09-26,54.0471,12.2399,90.3954,0.9131,0.0059,0.6
2024-09-27,52.019,12.3844,89.626,0.9424,0.0031,0.3
2024-09-30,56.8329,12.3257,86.4781,0.9389,0.0073,0.8
2024-10-02,56.3313,12.809,90.8201,0.9351,0.0156,1.7
2024-10-04,52.7043,12.694,91.8273,0.9587,0.0133,1.4
2024-10-07,51.51,12.6522,91.7449,0.9659,0.0078,0.8
2024-10-08,50.6952,12.5882,90.2336,0.968,0.0047,0.5
2024-10-10,52.3489,12.4975,90.0426,0.9535,0.0066,0.7
2024-10-11,52.2127,12.1592,91.3578,0.9533,0.0058,0.6
2024-10-14,52.5789,12.2462,91.3984,0.9538,0.0055,0.6
2024-10-15,52.9407,12.1498,91.9571,0.9396,0.0118,1.2
2024-10-16,53.36,12.2572,91.5074,0.9287,0.0057,0.6
2024-10-17,52.3678,12.092,91.0529,0.9337,0.0091,1.0
2024-10-18,51.2525,12.0648,91.3381,0.9482,0.0177,1.9
2024-10-21,54.4339,12.0565,92.1021,0.932,0.0075,0.8
2024-10-22,54.71,12.1361,91.3204,0.9306,0.0077,0.8
2024-10-23,55.6771,11.9905,91.2181,0.9183,0.0064,0.7
2024-10-24,54.0338,12.0581,91.1335,0.9636,0.0048,0.5
2024-10-25,53.5942,12.0552,90.5977,0.9182,0.0043,0.4
2024-10-28,50.7325,12.0705,91.317,0.9452,0.0052,0.6
2024-10-29,50.4815,12.0575,90.3892,0.9804,0.0051,0.5
2024-10-30,49.5973,12.1609,90.1033,0.9209,0.0058,0.6
2024-10-31,50.5866,12.1277,90.8951,0.9195,0.005,0.5
2024-11-01,51.4318,12.0764,91.4602,0.9224,0.0053,0.6
2024-11-04,50.4328,11.8734,91.6096,0.9211,0.0083,0.9
2024-11-05,50.0639,11.8714,91.6987,0.8681,0.0087,0.9
2024-11-06,49.89,11.9715,91.7717,0.8943,0.0039,0.4
2024-11-07,50.0844,11.9689,91.8105,0.8931,0.0029,0.3
2024-11-08,49.9023,11.9856,91.8157,0.9241,0.0049,0.5
2024-11-11,51.1952,12.1544,91.7618,0.9372,0.0081,0.9
2024-11-12,52.7336,12.1663,91.6148,0.9313,0.0053,0.6
2024-11-13,51.4995,12.1953,91.6218,0.9671,0.0096,1.0
2024-11-14,52.9552,11.9786,91.7136,1.0039,0.0131,1.4
2024-11-15,50.6129,11.8446,91.6558,1.0428,0.0165,1.6
2024-11-18,50.9183,11.8214,91.8952,1.0133,0.0117,1.1
2024-11-19,49.9928,11.8256,91.827,0.9657,0.0085,0.8
2024-11-20,49.8128,11.8147,91.9984,0.9769,0.0102,1.1
2024-11-21,50.3096,11.8011,92.2387,0.9455,0.0112,1.1
2024-11-22,49.919,11.9274,92.058,0.924,0.0051,0.5
2024-11-25,50.4244,11.9346,91.872,0.9164,0.0038,0.4
2024-11-26,52.2408,12.0081,91.9534,0.9013,0.0032,0.4
2024-11-27,50.8958,12.0199,91.7928,0.8916,0.0025,0.3
2024-11-28,51.6005,12.0285,91.9376,0.918,0.0043,0.5
2024-11-29,52.2969,12.1828,92.5618,0.9257,0.0048,0.5
2024-12-02,52.3359,12.0331,92.4752,0.9189,0.0089,1.0
2024-12-03,49.8987,12.0521,91.9439,0.9285,0.0108,1.2
2024-12-04,51.4552,12.2477,92.0083,0.951,0.0064,0.7
2024-12-05,52.4692,12.1749,91.975,0.9229,0.0053,0.6
2024-12-06,51.7408,12.0538,92.2763,0.9269,0.0069,0.8
2024-12-09,51.9064,12.1296,92.2651,0.9453,0.0084,0.9
2024-12-10,52.5129,11.914,92.2639,0.9322,0.01,1.1
2024-12-11,52.9228,12.0025,92.6631,0.9448,0.0076,0.8
2024-12-12,52.6622,11.8447,92.8588,0.9014,0.0036,0.4
2024-12-13,53.5728,11.8052,93.0706,0.8853,0.0059,0.7
2024-12-16,52.7079,11.6769,92.9853,0.884,0.0021,0.2
2024-12-17,52.5522,11.6126,92.8768,0.8925,0.0033,0.4
2024-12-18,51.5604,11.3305,92.9384,0.9904,0.0032,0.4
2024-12-19,51.3514,11.4736,92.7977,0.9018,0.0059,0.6
2024-12-20,52.0159,11.186,92.4266,0.8833,0.0062,0.7
2024-12-23,52.0845,11.0175,92.4602,0.8885,0.0059,0.7
2024-12-24,50.6265,10.9755,91.9653,0.9117,0.007,0.8
2024-12-26,52.596,11.0588,90.79,0.8905,0.0039,0.4
2024-12-27,54.4475,11.0585,90.0634,0.881,0.004,0.4
2024-12-30,54.5555,10.9497,87.5851,0.9103,0.0085,1.0
2024-12-31,54.2427,10.8979,83.4102,0.8728,0.0,0.0
2025-01-02,57.0583,10.8921,90.5241,0.8927,0.0054,0.6
2025-01-03,54.5508,11.5378,92.1695,0.873,0.0043,0.5
2025-01-06,53.7958,11.7655,92.3577,0.8599,0.0055,0.6
2025-01-07,52.336,11.8941,92.5116,0.8394,0.0027,0.3
2025-01-08,51.94,11.9828,92.7471,0.8958,0.002,0.2
2025-01-09,52.7553,11.8512,93.2426,0.9225,0.0036,0.4
2025-01-10,52.2794,11.8342,93.3097,0.9066,0.0048,0.5
2025-01-13,53.7479,12.0064,93.4351,0.887,0.0046,0.5
2025-01-14,53.769,11.7314,93.0923,0.8963,0.0059,0.7
2025-01-15,52.7877,11.7615,92.5333,0.9125,0.0051,0.6
2025-01-16,51.869,11.8267,92.9834,0.8939,0.0055,0.6
2025-01-17,51.2701,11.8927,93.0083,0.8969,0.0049,0.6
2025-01-20,53.2259,11.8907,93.0771,0.8866,0.004,0.4
2025-01-21,52.7981,11.8889,93.479,0.897,0.0046,0.5
2025-01-22,52.1026,11.9466,90.8193,0.898,0.0059,0.7
2025-01-23,52.1126,12.0043,90.4614,0.8923,0.0046,0.5
2025-01-24,54.1443,11.7723,93.3078,0.8725,0.006,0.7
2025-01-31,55.5786,11.9262,92.3114,0.8869,0.0031,0.4
2025-02-03,58.2317,12.0282,92.5575,0.87,0.0074,0.8
2025-02-04,57.7532,11.8114,92.5593,0.9094,0.0085,1.0
2025-02-05,53.333,11.8026,92.8209,0.9903,0.0065,0.7
2025-02-06,54.6734,11.8267,93.1447,0.9456,0.0041,0.4
2025-02-07,52.824,11.8545,93.1007,0.8996,0.0045,0.5
2025-02-10,53.1076,11.8196,92.8934,0.8821,0.0029,0.3
2025-02-11,53.3649,11.7827,93.0483,0.8916,0.0049,0.6
2025-02-12,52.8929,11.8628,92.4977,0.9279,0.0046,0.5
2025-02-13,53.9225,11.7671,92.9282,0.9294,0.0039,0.4
2025-02-14,54.5106,11.7785,92.5273,0.9327,0.0037,0.4
2025-02-17,53.5086,11.8437,92.638,0.9022,0.0036,0.4
2025-02-18,53.9145,11.8592,93.4178,0.8919,0.0038,0.4
2025-02-19,55.1173,12.0877,93.4266,0.8919,0.003,0.3
2025-02-20,54.6224,12.2137,93.3931,0.891,0.0023,0.3
2025-02-21,54.9588,12.1482,93.0642,0.8975,0.0052,0.6
2025-02-24,54.0298,12.2207,92.9963,0.9363,0.0069,0.8
2025-02-25,54.8987,12.1658,93.2057,0.9189,0.0086,0.9
2025-02-26,54.4219,12.2206,93.3265,0.9119,0.0061,0.7
2025-02-27,55.2185,12.1181,93.4031,0.9129,0.0069,0.8
2025-02-28,56.0529,12.2902,93.0632,0.9049,0.0078,0.9
2025-03-04,57.2328,11.9458,93.3588,0.903,0.0109,1.2
2025-03-05,53.5487,11.8979,92.3584,0.9369,0.0105,1.2
2025-03-06,52.8772,11.8652,92.5826,0.9174,0.0072,0.8
2025-03-07,51.3507,11.94,92.4866,0.8881,0.004,0.4
2025-03-10,53.7702,11.9757,92.7358,0.8956,0.0084,0.9
2025-03-11,53.3004,12.0264,92.9116,0.884,0.0071,0.8
2025-03-12,52.806,11.9899,92.5803,0.8953,0.0053,0.6
2025-03-13,52.2464,11.912,93.3493,0.9085,0.004,0.5
2025-03-14,51.3566,11.816,93.6979,0.8939,0.0036,0.4
2025-03-17,51.8614,11.7677,93.4521,0.908,0.0059,0.7
2025-03-18,50.9567,11.8938,93.5787,0.8918,0.0035,0.4
2025-03-19,51.9134,11.8465,93.7195,0.9044,0.003,0.3
2025-03-20,52.4973,11.9688,93.9823,0.917,0.0039,0.4
2025-03-21,53.6153,11.9164,94.2522,0.9182,0.0043,0.5
2025-03-24,53.2822,11.9251,94.3023,0.938,0.0066,0.7
2025-03-25,55.1622,11.8313,94.2374,0.9305,0.0086,0.9
2025-03-26,55.6714,11.7883,93.2847,0.9034,0.0057,0.6
2025-03-27,54.6936,11.7249,92.8703,0.9225,0.0041,0.5
2025-03-28,56.9328,11.7233,93.2721,0.8965,0.0076,0.8
2025-03-31,58.4743,11.8148,90.9859,0.8933,0.0115,1.3
2025-04-01,59.4967,11.5136,93.0401,0.9094,0.0139,1.6
2025-04-02,54.3577,11.8144,93.72,0.9334,0.0071,0.8
2025-04-03,55.32,11.9117,93.5939,0.9012,0.0069,0.7
2025-04-04,55.6077,11.8797,93.2998,0.893,0.008,0.9
2025-04-07,57.8434,12.6282,92.8056,0.889,0.0067,0.8
2025-04-08,55.9092,12.0213,93.0154,0.9138,0.008,0.9
2025-04-09,54.1604,12.1229,92.9147,0.976,0.0166,1.8
2025-04-10,54.6924,11.7641,93.2037,0.9467,0.0125,1.3
2025-04-11,53.6184,11.558,93.6536,0.937,0.0056,0.6
2025-04-14,54.8759,11.4802,93.6759,0.8959,0.006,0.6
2025-04-15,54.7542,11.34,93.9518,0.876,0.0037,0.4
2025-04-16,52.9773,11.3748,94.1187,0.8852,0.0016,0.2
2025-04-17,53.6331,11.359,94.3113,0.8802,0.0039,0.4
2025-04-18,53.8248,11.2204,94.7387,0.8901,0.0027,0.3
2025-04-21,53.8365,11.3054,94.9951,0.8982,0.0046,0.5
2025-04-22,53.9626,11.6157,95.1884,0.8931,0.004,0.4
2025-04-23,54.3974,11.6793,95.1753,0.8896,0.0029,0.3
2025-04-24,54.3076,11.7167,94.9901,0.8868,0.0061,0.7
2025-04-25,55.3103,11.6817,94.0069,0.8788,0.0046,0.5
2025-04-28,55.9417,11.7717,93.5076,0.9033,0.0035,0.4
2025-04-29,57.5615,11.6867,94.0762,0.8914,0.0052,0.6
2025-04-30,57.5476,11.6875,94.1329,0.9229,0.0058,0.6
2025-05-02,56.5309,11.7554,94.5233,0.9087,0.0088,1.0
2025-05-07,56.4494,11.8209,94.5433,0.9065,0.0048,0.5
2025-05-08,56.4364,11.6821,94.6909,0.8953,0.004,0.4
2025-05-09,54.2624,11.5503,94.5313,0.9118,0.0038,0.4
2025-05-12,56.1625,11.5793,93.0428,0.9205,0.0045,0.5
2025-05-13,55.2065,11.5991,93.7133,0.9505,0.0065,0.7
2025-05-14,57.4713,11.6744,93.7333,0.9554,0.0045,0.5
2025-05-15,56.5186,11.6204,93.9071,0.9189,0.0038,0.4
2025-05-16,56.2744,11.6767,95.5563,0.8968,0.0082,0.9
2025-05-19,56.185,11.786,95.7284,0.9072,0.0051,0.6
2025-05-20,56.5458,11.7192,95.6229,0.9037,0.0076,0.8
2025-05-21,56.1013,11.7185,95.6209,0.9123,0.0079,0.9
2025-05-22,56.213,11.7471,95.7908,0.911,0.0048,0.5
2025-05-23,56.75,11.646,94.8173,0.8865,0.0098,1.1
2025-05-26,56.7565,11.6864,94.6731,0.9023,0.0053,0.6
2025-05-27,57.5004,11.6487,95.6341,0.9049,0.0061,0.7
2025-05-28,56.4029,11.858,94.973,0.9103,0.0042,0.5
2025-05-29,58.0291,11.9937,94.9349,0.9139,0.0034,0.4
2025-05-30,57.2972,11.9733,95.1819,0.8991,0.0038,0.4
2025-06-02,60.1886,11.7238,95.5724,0.8874,0.0047,0.5
2025-06-04,60.0353,11.8717,95.9122,0.8919,0.0066,0.7
2025-06-05,58.3697,11.8696,95.9773,0.8814,0.0035,0.4
2025-06-09,59.6603,11.9123,95.981,0.8825,0.0016,0.2
2025-06-10,62.3498,11.9645,96.2012,0.8854,0.0032,0.4
2025-06-11,61.9822,12.0299,96.3335,0.9204,0.0035,0.4
2025-06-12,62.9445,12.0981,96.5297,0.9563,0.0046,0.5
2025-06-13,63.8196,11.9198,97.0194,0.9144,0.004,0.4
2025-06-16,64.9658,11.7664,96.6236,0.9257,0.0037,0.4
2025-06-17,65.0202,11.8668,96.7924,0.961,0.0056,0.6
2025-06-18,63.4989,11.9523,97.1131,0.9474,0.0052,0.5
2025-06-19,63.6048,11.9857,97.5049,0.9582,0.004,0.4
2025-06-20,64.2144,11.7351,97.0179,0.9423,0.0112,1.2
2025-06-23,65.0173,11.7559,96.6084,0.9246,0.0052,0.6
2025-06-24,66.4114,11.7825,95.701,0.9071,0.0076,0.8
2025-06-25,66.6769,11.9047,94.9237,0.9742,0.0046,0.5
2025-06-26,69.056,11.9496,95.2251,0.9855,0.0072,0.7
2025-06-27,67.7127,11.8959,95.329,1.0458,0.0129,1.3
2025-06-30,68.9724,11.8327,93.2121,1.0437,0.0128,1.2
2025-07-01,70.4133,11.7867,96.017,0.9863,0.0123,1.2
2025-07-02,66.0533,12.3353,96.4938,0.9812,0.0105,1.1
2025-07-03,66.2851,12.398,96.6568,0.964,0.0109,1.1
2025-07-04,65.384,12.4805,95.9955,0.9619,0.0182,1.9
2025-07-07,67.3378,12.3,96.0168,0.947,0.0078,0.8
2025-07-08,66.5038,12.4147,96.8981,0.9547,0.0091,1.0
2025-07-09,65.1958,12.5298,97.2431,0.9242,0.0072,0.8
2025-07-10,65.9371,12.4178,97.3012,0.8732,0.0035,0.4
2025-07-11,66.3692,12.3431,97.8845,0.8718,0.0023,0.3
2025-07-14,68.0815,12.437,97.8135,0.8731,0.0027,0.3
2025-07-15,66.8521,12.508,97.3546,0.8906,0.0029,0.3
2025-07-16,65.5959,12.6568,96.6216,0.8971,0.0089,1.0
2025-07-17,66.635,12.6074,97.0962,0.8889,0.0045,0.5
2025-07-18,65.3644,12.553,97.776,0.9261,0.0039,0.4
2025-07-21,65.2654,12.5526,97.2938,0.9481,0.0074,0.8
2025-07-22,65.6078,12.7501,97.4082,0.9171,0.0075,0.8
2025-07-23,66.4023,12.4661,96.1888,0.908,0.0047,0.5
2025-07-24,64.7666,12.5047,96.114,0.9462,0.0068,0.8
2025-07-25,65.1623,12.4797,96.9303,0.9212,0.0123,1.3
2025-07-28,67.7248,12.5151,96.9912,0.9263,0.0047,0.5
2025-07-29,67.3577,12.6043,96.7674,0.9006,0.0092,1.0
2025-07-30,68.2368,12.6706,97.0268,0.9247,0.0076,0.8
2025-07-31,68.6852,12.669,98.0292,0.9239,0.0053,0.6
2025-08-01,71.7777,12.7585,98.4521,0.9215,0.0057,0.6
2025-08-04,70.2943,12.6161,98.8494,0.951,0.0169,1.8
2025-08-05,67.0081,12.5183,98.8127,1.0277,0.0134,1.4
2025-08-06,66.2811,12.4412,97.0403,0.9348,0.0088,0.9
2025-08-07,66.8765,12.3914,97.5567,0.904,0.0043,0.5
2025-08-08,67.4906,12.4357,98.0614,0.906,0.0036,0.4
2025-08-11,67.9618,12.401,97.9917,0.9312,0.0059,0.6
2025-08-12,68.0836,12.4814,98.4447,0.949,0.0066,0.7
2025-08-13,67.8339,12.4469,98.1587,0.9752,0.0068,0.7
2025-08-14,69.3973,12.3278,99.7196,1.0008,0.0075,0.8
2025-08-18,67.6019,12.3649,99.3928,0.9266,0.0112,1.1
2025-08-19,67.493,12.3931,99.5806,0.8956,0.007,0.8
2025-08-20,68.5082,12.3966,99.7486,0.9144,0.0075,0.8
2025-08-21,67.4631,12.4286,99.8715,0.9296,0.0126,1.4
2025-08-22,66.6222,12.3624,100.2038,0.9232,0.0131,1.4
2025-08-25,66.1248,12.4101,99.5763,0.9057,0.005,0.5
2025-08-26,68.274,12.4784,99.8999,0.8807,0.0038,0.4
2025-08-27,66.8617,12.3656,99.9505,0.8945,0.0039,0.4
2025-08-28,67.359,12.3494,99.7686,0.9154,0.0057,0.6
2025-08-29,66.2992,12.2716,99.9598,0.9115,0.0071,0.8
2025-09-01,68.4773,12.3763,99.9812,0.8964,0.0087,1.0
2025-09-02,66.1858,12.2495,99.9756,0.8911,0.0061,0.7
2025-09-03,65.4596,12.2633,100.2704,0.9147,0.0047,0.5
2025-09-04,65.9403,12.2257,100.8444,0.8981,0.0039,0.4
2025-09-05,64.9796,12.236,100.7182,0.8928,0.0052,0.6
2025-09-08,65.8009,12.1268,100.8536,0.8835,0.0043,0.5
2025-09-09,68.3785,12.2108,100.7546,0.894,0.0043,0.5
2025-09-10,70.5907,12.3167,100.9457,0.875,0.0031,0.3
2025-09-11,71.0118,12.4443,100.4515,0.8833,0.0064,0.7
2025-09-12,72.8873,12.5264,100.2078,0.8902,0.0046,0.5
2025-09-15,74.7644,12.4515,100.8232,0.8958,0.0027,0.3
2025-09-16,74.9281,12.5356,100.7253,0.8972,0.0034,0.4
2025-09-17,73.0258,12.7496,100.9608,0.9296,0.006,0.7
2025-09-18,73.6065,12.6345,101.3263,0.9072,0.0079,0.9
2025-09-19,72.5519,12.7269,99.4488,0.9287,0.0072,0.8
2025-09-22,73.5608,12.623,99.3068,0.9383,0.0061,0.7
2025-09-23,74.9213,12.7227,101.0347,1.05,0.0065,0.7
2025-09-24,75.1971,12.8619,101.1029,0.9799,0.0055,0.5
2025-09-25,75.9952,12.8053,100.9967,1.0404,0.0054,0.6
2025-09-26,75.6179,12.9901,100.7966,0.9435,0.0117,1.1
2025-09-29,76.8085,12.3223,99.6865,0.94,0.0197,2.1
2025-09-30,76.4474,12.3892,98.7532,1.1059,0.0145,1.5
2025-10-01,76.5301,12.4251,100.8788,0.9197,0.0127,1.1
2025-10-02,73.1359,12.9215,101.1437,0.9102,0.0043,0.5
2025-10-10,76.3225,13.1686,101.1849,0.9081,0.0081,0.9
2025-10-13,80.1901,13.5504,101.4932,0.9137,0.0039,0.4
2025-10-14,79.9749,13.4494,102.0907,0.9578,0.0057,0.6
2025-10-15,78.6514,13.2854,102.0487,1.0329,0.0099,1.0
2025-10-16,76.5374,13.6163,102.5143,1.0913,0.0099,1.0
2025-10-17,78.3145,13.7815,102.5069,1.0775,0.0109,1.0
2025-10-20,80.6257,13.9916,102.814,0.9418,0.0055,0.5
2025-10-21,80.3298,14.3805,103.0304,0.9645,0.0092,1.0
2025-10-22,80.4803,14.1513,102.7632,0.9094,0.0054,0.6
2025-10-23,80.1684,14.3409,102.9255,0.9536,0.0052,0.6
2025-10-24,79.4825,13.9863,102.0163,0.9501,0.0149,1.6
2025-10-27,81.0911,14.423,101.4442,0.9748,0.0037,0.4
2025-10-28,83.8731,15.0398,101.8119,0.9225,0.004,0.4
2025-10-29,85.9159,14.9382,101.8429,0.9795,0.0038,0.4
2025-10-30,85.7136,15.034,102.3265,1.0261,0.011,1.1
2025-10-31,85.4569,15.3308,102.5311,1.0362,0.0072,0.7
2025-11-03,86.7704,15.9815,103.0514,1.1013,0.0134,1.3
2025-11-04,86.8326,17.016,102.8799,0.996,0.0163,1.5
2025-11-05,88.2709,17.0378,101.2127,0.9705,0.008,0.8
2025-11-06,86.9557,16.7629,101.8656,1.1248,0.0219,2.3
2025-11-07,85.7222,16.7887,101.7958,1.1788,0.038,3.4
2025-11-10,83.1097,16.6782,101.6938,1.1015,0.019,1.6
2025-11-11,83.0304,16.7449,102.0145,1.0383,0.0196,1.8
2025-11-12,82.4686,16.9209,102.1576,0.9104,0.0065,0.6
2025-11-13,82.5845,16.8044,104.3484,0.9189,0.005,0.6
2025-11-14,82.7246,16.9255,104.1471,0.8978,0.0103,1.1
2025-11-17,85.9448,16.2291,103.7614,0.9133,0.0037,0.4
2025-11-18,79.6615,16.6806,103.9134,1.0147,0.0332,3.6
2025-11-19,80.0276,16.2029,102.9156,1.0073,0.0106,1.0
2025-11-20,78.2121,16.0313,102.8454,1.0157,0.0128,1.3
2025-11-21,78.8263,16.2705,104.0181,1.0218,0.0168,1.7
2025-11-24,80.1953,15.5599,101.4364,0.9822,0.0114,1.1
2025-11-25,75.6223,15.5477,101.4068,1.03,0.0373,3.8
2025-11-26,77.9546,15.6164,103.4668,0.9937,0.007,0.7
2025-11-27,77.4712,15.6132,103.8709,0.9751,0.0041,0.4
2025-11-28,77.912,15.8446,103.9313,0.9094,0.0041,0.4
2025-12-01,80.1767,16.0514,103.8463,0.907,0.0044,0.5
2025-12-02,77.0673,16.4124,103.4026,0.9225,0.0089,1.0
2025-12-03,76.9644,16.6309,102.8747,0.9449,0.0035,0.4
2025-12-04,77.407,16.6224,102.1531,0.9112,0.006,0.6
2025-12-05,78.1371,16.5954,102.4837,0.9014,0.0051,0.6
2025-12-08,79.386,16.8254,104.1687,0.9347,0.0078,0.9
2025-12-09,80.5754,16.9973,104.9683,0.9514,0.0073,0.8
2025-12-10,80.5665,17.0608,102.8246,1.0482,0.0077,0.8
2025-12-11,81.6415,17.2523,103.2482,1.0146,0.0079,0.8
2025-12-12,83.9419,16.6941,103.4386,1.051,0.0084,0.8
2025-12-15,82.8647,17.0531,102.647,1.0466,0.0073,0.7
2025-12-16,84.3528,16.7392,102.5071,0.9134,0.0107,1.0
2025-12-17,83.5263,16.4851,103.4818,0.9405,0.0071,0.8
2025-12-18,81.7107,16.6169,104.5018,1.0103,0.0152,1.6
2025-12-19,81.0344,16.1394,102.4052,0.9543,0.0093,0.9
2025-12-22,81.7196,16.2226,104.2331,0.9325,0.0092,1.0
2025-12-23,81.0769,16.6973,103.7681,0.9396,0.0051,0.5
2025-12-24,83.304,16.7501,103.0114,0.915,0.004,0.4
2025-12-26,85.4251,16.9279,102.4979,0.8972,0.0045,0.5
2025-12-29,86.4758,17.1692,103.0556,0.9148,0.0079,0.9
2025-12-30,87.3986,17.4258,102.4844,0.9413,0.0068,0.7
2025-12-31,87.8291,17.3712,100.2728,0.9602,0.0024,0.3
2026-01-02,89.5211,18.3987,103.3445,0.9273,0.0081,0.8
2026-01-05,89.1304,18.9012,101.8639,0.921,0.0082,0.9
2026-01-06,88.6339,19.3246,102.2567,0.9379,0.0052,0.6
2026-01-07,89.765,19.7929,102.7036,0.9902,0.0072,0.8
2026-01-08,92.8537,19.6023,102.983,1.0396,0.0074,0.7
2026-01-09,88.872,19.3112,103.6282,1.0914,0.0118,1.1
2026-01-12,88.988,19.4379,103.9249,1.1092,0.0131,1.2
2026-01-13,88.0489,19.3594,103.4035,1.0301,0.0122,1.1
2026-01-14,89.3099,19.1782,103.8834,1.0153,0.0115,1.1
2026-01-15,92.603,19.3603,105.0248,1.0183,0.009,0.9
2026-01-16,91.2182,19.6967,104.9013,1.0269,0.015,1.5
2026-01-19,93.8623,19.9492,104.8763,1.0511,0.0087,0.8
2026-01-20,95.526,20.2962,104.1045,0.9918,0.0094,0.9
2026-01-21,96.3317,20.1045,102.7149,0.9835,0.0083,0.8
2026-01-22,95.7276,20.1035,102.3518,1.0595,0.0069,0.7
2026-01-23,93.8095,20.0301,104.6861,1.052,0.0142,1.3
2026-01-26,97.5405,20.6849,104.336,1.1108,0.0119,1.1
2026-01-27,100.2826,20.8924,104.5048,1.0383,0.0193,1.7
2026-01-28,103.3623,22.0089,104.4337,1.0218,0.0087,0.8
2026-01-29,103.7072,22.6733,104.795,0.9735,0.0085,0.8
2026-01-30,106.0325,23.5806,104.9849,1.021,0.0097,1.0
2026-02-02,111.2965,24.8829,104.8301,1.0299,0.012,1.2
2026-02-03,105.5845,23.1548,105.4773,1.0779,0.0159,1.5
2026-02-04,100.8172,24.0394,105.9193,1.26,0.0133,1.2
2026-02-05,104.8667,24.412,105.9887,1.0094,0.0128,1.0
2026-02-06,109.0099,23.7877,106.0417,0.9922,0.0093,0.9
2026-02-09,98.5905,23.7664,107.3337,1.1238,0.036,3.6
2026-02-10,95.2996,23.8834,107.2579,1.126,0.0169,1.5
2026-02-11,98.1634,23.7167,107.8706,1.0331,0.008,0.7
2026-02-12,103.0184,23.5609,108.3528,1.0238,0.012,1.2
2026-02-13,99.2736,24.2856,109.3409,1.0001,0.0063,0.6
2026-02-19,106.57,23.9607,109.5631,0.985,0.0094,0.9
2026-02-20,104.1291,24.7008,110.2786,0.9868,0.0087,0.9
2026-02-23,108.2901,25.3261,108.7133,1.0132,0.0071,0.7
2026-02-24,107.9032,25.1664,107.6529,1.0439,0.0097,1.0
2026-02-25,109.4677,26.2557,108.8038,1.1483,0.0291,2.8
2026-02-26,119.4832,26.5583,110.8477,1.0962,0.0154,1.3
2026-02-27,118.7488,29.2137,111.007,1.0526,0.0077,0.7
2026-03-03,129.8188,30.1132,109.793,1.0606,0.0092,0.9
2026-03-04,132.0682,29.4032,108.3696,1.2041,0.0225,2.1
2026-03-05,130.8873,26.6747,109.5653,2.1488,0.0777,6.5
2026-03-06,129.9574,27.5958,110.2592,2.0983,0.0824,3.8
2026-03-09,127.4218,28.172,110.4896,1.3304,0.0354,1.7
2026-03-10,125.5844,26.6388,111.9838,1.1779,0.0446,3.4
2026-03-11,119.028,26.9695,112.3507,1.2453,0.0223,1.9
2026-03-12,120.1462,26.602,112.1226,1.0664,0.0194,1.6
2026-03-13,119.696,26.3433,112.7181,1.1118,0.0134,1.3
2026-03-16,117.8012,26.3089,113.6072,1.0275,0.0316,2.8
2026-03-17,114.7783,26.675,112.0087,1.024,0.0098,1.0
2026-03-18,112.2807,26.7444,111.8211,1.0063,0.0139,1.4
2026-03-19,115.6443,28.1135,113.6019,1.0486,0.0068,0.7
2026-03-20,120.6968,27.3267,113.4322,0.9824,0.0081,0.8
2026-03-23,121.8992,28.4881,112.0975,1.0107,0.0153,1.6
2026-03-24,119.7599,27.1851,111.8652,1.0061,0.0235,2.3
2026-03-25,108.8498,27.3394,111.8115,1.2218,0.0236,2.3
2026-03-26,111.579,27.5903,112.8244,1.1774,0.0118,1.0
2026-03-27,112.8372,26.7215,112.901,1.0069,0.0189,1.6
2026-03-30,111.0742,26.8615,111.9155,1.1004,0.0237,2.4
2026-03-31,110.2889,26.845,109.7007,1.039,0.0368,3.3
2026-04-01,111.6766,26.3992,111.4319,1.053,0.0306,2.9
2026-04-02,108.574,27.8411,111.8083,1.2356,0.0091,0.9
2026-04-03,109.0165,26.7912,112.9189,1.0251,0.0159,1.3
2026-04-06,107.4674,27.5517,112.8254,1.1976,0.0081,0.8
2026-04-07,108.9214,27.6743,112.9355,1.0085,0.0196,1.6
2026-04-08,109.8332,28.3671,112.3075,1.0284,0.0083,0.8
2026-04-09,112.807,30.6613,112.5158,1.0639,0.0074,0.7
2026-04-10,115.3642,29.1038,114.4397,1.0598,0.0081,0.8
2026-04-13,116.1075,29.196,114.4428,1.0856,0.012,1.1
2026-04-14,117.6725,28.9224,114.1819,0.9972,0.0149,1.4
2026-04-15,117.1651,29.7316,113.2846,1.0148,0.0124,1.2
2026-04-16,119.0743,30.0017,114.6536,0.9981,0.0085,0.8
2026-04-17,120.5855,30.3809,116.4807,1.0409,0.0082,0.8
2026-04-20,121.8173,30.0907,116.5374,1.0209,0.0086,0.8
2026-04-21,121.2861,30.3671,115.322,1.0329,0.0161,1.6
2026-04-22,122.5381,30.9229,115.3653,1.0279,0.0098,1.0
2026-04-23,126.0351,30.8218,116.5188,0.9967,0.0069,0.7
2026-04-24,125.6869,31.2176,116.8383,1.1249,0.0116,1.2
2026-04-27,125.9503,31.3145,116.2616,1.1315,0.0078,0.7
2026-04-28,127.4134,31.9075,115.3077,1.0849,0.0176,1.6
2026-04-29,129.7321,32.035,114.6901,1.0242,0.0079,0.7
2026-04-30,124.7591,32.2335,115.347,1.1152,0.0147,1.4
2026-05-04,124.8406,33.0876,115.493,1.0183,0.0198,1.8
2026-05-06,130.7433,35.9052,113.1959,1.1611,0.0072,0.7
2026-05-07,136.989,38.2567,114.1912,1.1314,0.0114,1.0
2026-05-08,135.2991,39.5092,116.5103,1.2869,0.021,1.9
2026-05-11,134.0987,40.1063,115.8784,1.4124,0.0694,5.4
2026-05-12,137.4174,42.4441,113.1207,1.2786,0.0369,2.6
2026-05-13,137.1201,41.8828,113.1405,1.3271,0.0236,1.8
2026-05-14,133.5088,43.0969,115.5589,1.7035,0.0245,1.8
2026-05-15,132.8597,44.2312,114.4015,1.5374,0.0375,2.2
2026-05-18,132.9853,41.7855,113.8873,1.4606,0.0917,6.0
2026-05-19,126.9599,41.9283,114.3963,1.9241,0.0677,4.6
2026-05-20,125.644,40.3941,114.338,1.6421,0.1458,7.6
2026-05-21,122.3819,41.2277,113.9049,1.6598,0.0625,3.8
2026-05-22,121.2452,42.788,114.8329,1.4805,0.0524,3.2
2026-05-26,124.5769,43.8553,113.989,1.1492,0.0052,0.3
2026-05-27,128.575,46.5358,112.7097,1.1541,0.008,0.7
2026-05-28,131.1318,47.5505,112.8707,1.2534,0.0078,0.7
2026-05-29,131.5856,48.0248,114.6567,1.3492,0.0154,1.2
2026-06-01,132.5992,52.2917,114.6729,1.3597,0.0332,2.5
2026-06-02,136.8111,53.4509,114.8531,1.3305,0.0168,1.2
2026-06-04,139.6948,53.5185,115.1912,1.8293,0.0243,1.8
2026-06-05,134.2344,52.7046,115.6637,1.6885,0.1662,9.1
2026-06-08,136.3847,49.636,114.3805,1.6246,0.1391,8.2
2026-06-09,130.1189,46.812,114.1768,1.5954,0.1698,10.5
2026-06-10,127.6066,52.164,112.6294,1.6918,0.0397,2.5
2026-06-11,127.3718,48.5396,113.8095,1.2072,0.0306,1.8
2026-06-12,121.0566,49.0411,114.1844,1.3764,0.0477,4.0
2026-06-15,120.5817,48.9553,113.4748,1.2245,0.0101,0.7
2026-06-16,124.5516,50.8131,114.29,1.1545,0.0051,0.4
2026-06-17,124.632,52.9563,114.3042,1.2303,0.012,1.0
2026-06-18,128.4086,56.6206,114.5246,1.2294,0.0142,1.2
2026-06-19,129.3535,57.5026,112.8453,1.2058,0.0235,1.9
2026-06-22,132.1857,58.8261,112.4793,1.2976,0.0199,1.6
2026-06-23,136.8314,64.2204,111.8995,1.4792,0.0424,3.3
2026-06-24,136.5527,53.3367,110.5898,1.3769,0.1108,7.5
2026-06-25,126.9924,56.8578,110.507,2.0688,0.0477,3.5
2026-06-26,126.6049,62.2662,110.5621,1.5632,0.051,2.5
2026-06-29,132.4697,56.5244,110.2251,1.2423,0.0494,3.2
2026-06-30,121.634,53.3735,108.7752,1.2983,0.0694,5.6
2026-07-01,120.0837,56.2577,110.3978,1.2591,0.0257,2.0
2026-07-02,119.9264,57.4723,109.2188,1.0685,0.0196,1.6
