,WTI,Brent,천연가스
2021-07-06,73.37000274658203,74.52999877929688,3.63700008392334
2021-07-07,72.19999694824219,73.43000030517578,3.5959999561309814
2021-07-08,72.94000244140625,74.12000274658203,3.687999963760376
2021-07-09,74.55999755859375,75.55000305175781,3.6740000247955322
2021-07-12,74.0999984741211,75.16000366210938,3.749000072479248
2021-07-13,75.25,76.48999786376953,3.696000099182129
2021-07-14,73.12999725341797,74.76000213623047,3.6600000858306885
2021-07-15,71.6500015258789,73.47000122070312,3.614000082015991
2021-07-16,71.80999755859375,73.58999633789062,3.6740000247955322
2021-07-19,66.41999816894531,68.62000274658203,3.7790000438690186
2021-07-20,67.41999816894531,69.3499984741211,3.875999927520752
2021-07-21,70.30000305175781,72.2300033569336,3.9590001106262207
2021-07-22,71.91000366210938,73.79000091552734,4.002999782562256
2021-07-23,72.06999969482422,74.0999984741211,4.059999942779541
2021-07-26,71.91000366210938,74.5,4.1020002365112305
2021-07-27,71.6500015258789,74.4800033569336,3.9709999561309814
2021-07-28,72.38999938964844,74.73999786376953,4.044000148773193
2021-07-29,73.62000274658203,76.05000305175781,4.059000015258789
2021-07-30,73.94999694824219,76.33000183105469,3.9140000343322754
2021-08-02,71.26000213623047,72.88999938964844,3.934999942779541
2021-08-03,70.55999755859375,72.41000366210938,4.0269999504089355
2021-08-04,68.1500015258789,70.37999725341797,4.1579999923706055
2021-08-05,69.08999633789062,71.29000091552734,4.139999866485596
2021-08-06,68.27999877929688,70.69999694824219,4.139999866485596
2021-08-09,66.4800033569336,69.04000091552734,4.059999942779541
2021-08-10,68.29000091552734,70.62999725341797,4.089000225067139
2021-08-11,69.25,71.44000244140625,4.059000015258789
2021-08-12,69.08999633789062,71.30999755859375,3.933000087738037
2021-08-13,68.44000244140625,70.58999633789062,3.8610000610351562
2021-08-16,67.29000091552734,69.51000213623047,3.946000099182129
2021-08-17,66.58999633789062,69.02999877929688,3.8369998931884766
2021-08-18,65.45999908447266,68.2300033569336,3.8519999980926514
2021-08-19,63.689998626708984,66.44999694824219,3.8299999237060547
2021-08-20,62.31999969482422,65.18000030517578,3.8510000705718994
2021-08-23,65.63999938964844,68.75,3.944999933242798
2021-08-24,67.54000091552734,71.05000305175781,3.8959999084472656
2021-08-25,68.36000061035156,72.25,3.8970000743865967
2021-08-26,67.41999816894531,71.06999969482422,4.184000015258789
2021-08-27,68.73999786376953,72.69999694824219,4.369999885559082
2021-08-30,69.20999908447266,73.41000366210938,4.304999828338623
2021-08-31,68.5,72.98999786376953,4.376999855041504
2021-09-01,68.58999633789062,71.58999633789062,4.614999771118164
2021-09-02,69.98999786376953,73.02999877929688,4.640999794006348
2021-09-03,69.29000091552734,72.61000061035156,4.711999893188477
2021-09-07,68.3499984741211,71.69000244140625,4.567999839782715
2021-09-08,69.30000305175781,72.5999984741211,4.914000034332275
2021-09-09,68.13999938964844,71.44999694824219,5.031000137329102
2021-09-10,69.72000122070312,72.91999816894531,4.938000202178955
2021-09-13,70.44999694824219,73.51000213623047,5.230999946594238
2021-09-14,70.45999908447266,73.5999984741211,5.260000228881836
2021-09-15,72.61000061035156,75.45999908447266,5.460000038146973
2021-09-16,72.61000061035156,75.66999816894531,5.335000038146973
2021-09-17,71.97000122070312,75.33999633789062,5.105000019073486
2021-09-20,70.29000091552734,73.91999816894531,4.985000133514404
2021-09-21,70.55999755859375,74.36000061035156,4.804999828338623
2021-09-22,72.2300033569336,76.19000244140625,4.804999828338623
2021-09-23,73.30000305175781,77.25,4.97599983215332
2021-09-24,73.9800033569336,78.08999633789062,5.139999866485596
2021-09-27,75.44999694824219,79.52999877929688,5.705999851226807
2021-09-28,75.29000091552734,79.08999633789062,5.841000080108643
2021-09-29,74.83000183105469,78.63999938964844,5.4770002365112305
2021-09-30,75.02999877929688,78.5199966430664,5.867000102996826
2021-10-01,75.87999725341797,79.27999877929688,5.61899995803833
2021-10-04,77.62000274658203,81.26000213623047,5.765999794006348
2021-10-05,78.93000030517578,82.55999755859375,6.311999797821045
2021-10-06,77.43000030517578,81.08000183105469,5.675000190734863
2021-10-07,78.30000305175781,81.94999694824219,5.677000045776367
2021-10-08,79.3499984741211,82.38999938964844,5.565000057220459
2021-10-11,80.5199966430664,83.6500015258789,5.34499979019165
2021-10-12,80.63999938964844,83.41999816894531,5.505000114440918
2021-10-13,80.44000244140625,83.18000030517578,5.590000152587891
2021-10-14,81.30999755859375,84.0,5.686999797821045
2021-10-15,82.27999877929688,84.86000061035156,5.409999847412109
2021-10-18,82.44000244140625,84.33000183105469,4.988999843597412
2021-10-19,82.95999908447266,85.08000183105469,5.0879998207092285
2021-10-20,83.87000274658203,85.81999969482422,5.170000076293945
2021-10-21,82.5,84.61000061035156,5.114999771118164
2021-10-22,83.76000213623047,85.52999877929688,5.28000020980835
2021-10-25,83.76000213623047,85.98999786376953,5.8979997634887695
2021-10-26,84.6500015258789,86.4000015258789,5.881999969482422
2021-10-27,82.66000366210938,84.58000183105469,6.202000141143799
2021-10-28,82.80999755859375,84.31999969482422,5.7820000648498535
2021-10-29,83.56999969482422,84.37999725341797,5.426000118255615
2021-11-01,84.05000305175781,84.70999908447266,5.185999870300293
2021-11-02,83.91000366210938,84.72000122070312,5.541999816894531
2021-11-03,80.86000061035156,81.98999786376953,5.670000076293945
2021-11-04,78.80999755859375,80.54000091552734,5.716000080108643
2021-11-05,81.2699966430664,82.73999786376953,5.515999794006348
2021-11-08,81.93000030517578,83.43000030517578,5.427000045776367
2021-11-09,84.1500015258789,84.77999877929688,4.979000091552734
2021-11-10,81.33999633789062,82.63999938964844,4.880000114440918
2021-11-11,81.58999633789062,82.87000274658203,5.14900016784668
2021-11-12,80.79000091552734,82.16999816894531,4.790999889373779
2021-11-15,80.87999725341797,82.05000305175781,5.017000198364258
2021-11-16,80.76000213623047,82.43000030517578,5.177000045776367
2021-11-17,78.36000061035156,80.27999877929688,4.815999984741211
2021-11-18,79.01000213623047,81.23999786376953,4.9019999504089355
2021-11-19,76.0999984741211,78.88999938964844,5.065000057220459
2021-11-22,76.75,79.69999694824219,4.789000034332275
2021-11-23,78.5,82.30999755859375,4.9670000076293945
2021-11-24,78.38999938964844,82.25,5.067999839782715
2021-11-26,68.1500015258789,72.72000122070312,5.447000026702881
2021-11-29,69.94999694824219,73.44000244140625,4.854000091552734
2021-11-30,66.18000030517578,70.56999969482422,4.566999912261963
2021-12-01,65.56999969482422,68.87000274658203,4.257999897003174
2021-12-02,66.5,69.66999816894531,4.056000232696533
2021-12-03,66.26000213623047,69.87999725341797,4.131999969482422
2021-12-06,69.48999786376953,73.08000183105469,3.6570000648498535
2021-12-07,72.05000305175781,75.44000244140625,3.7079999446868896
2021-12-08,72.36000061035156,75.81999969482422,3.815000057220459
2021-12-09,70.94000244140625,74.41999816894531,3.813999891281128
2021-12-10,71.66999816894531,75.1500015258789,3.924999952316284
2021-12-13,71.29000091552734,74.38999938964844,3.7939999103546143
2021-12-14,70.7300033569336,73.69999694824219,3.746999979019165
2021-12-15,70.87000274658203,73.87999725341797,3.802000045776367
2021-12-16,72.37999725341797,75.0199966430664,3.7660000324249268
2021-12-17,70.86000061035156,73.5199966430664,3.690000057220459
2021-12-20,68.2300033569336,71.5199966430664,3.8340001106262207
2021-12-21,71.12000274658203,73.9800033569336,3.86899995803833
2021-12-22,72.76000213623047,75.29000091552734,3.9760000705718994
2021-12-23,73.79000091552734,76.8499984741211,3.7309999465942383
2021-12-27,75.56999969482422,78.5999984741211,4.059999942779541
2021-12-28,75.9800033569336,78.94000244140625,4.054999828338623
2021-12-29,76.55999755859375,79.2300033569336,4.02400016784668
2021-12-30,76.98999786376953,79.31999969482422,3.561000108718872
2021-12-31,75.20999908447266,77.77999877929688,3.7300000190734863
2022-01-03,76.08000183105469,78.9800033569336,3.815000057220459
2022-01-04,76.98999786376953,80.0,3.7170000076293945
2022-01-05,77.8499984741211,80.80000305175781,3.881999969482422
2022-01-06,79.45999908447266,81.98999786376953,3.812000036239624
2022-01-07,78.9000015258789,81.75,3.9159998893737793
2022-01-10,78.2300033569336,80.87000274658203,4.078999996185303
2022-01-11,81.22000122070312,83.72000122070312,4.249000072479248
2022-01-12,82.63999938964844,84.66999816894531,4.85699987411499
2022-01-13,82.12000274658203,84.47000122070312,4.269999980926514
2022-01-14,83.81999969482422,86.05999755859375,4.26200008392334
2022-01-18,85.43000030517578,87.51000213623047,4.2829999923706055
2022-01-19,86.95999908447266,88.44000244140625,4.031000137329102
2022-01-20,86.9000015258789,88.37999725341797,3.802000045776367
2022-01-21,85.13999938964844,87.88999938964844,3.999000072479248
2022-01-24,83.30999755859375,86.2699966430664,4.0269999504089355
2022-01-25,85.5999984741211,88.19999694824219,4.052999973297119
2022-01-26,87.3499984741211,89.95999908447266,4.2769999504089355
2022-01-27,86.61000061035156,89.33999633789062,6.264999866485596
2022-01-28,86.81999969482422,90.02999877929688,4.638999938964844
2022-01-31,88.1500015258789,91.20999908447266,4.874000072479248
2022-02-01,88.19999694824219,89.16000366210938,4.750999927520752
2022-02-02,88.26000213623047,89.47000122070312,5.500999927520752
2022-02-03,90.2699966430664,91.11000061035156,4.888000011444092
2022-02-04,92.30999755859375,93.2699966430664,4.572000026702881
2022-02-07,91.31999969482422,92.69000244140625,4.23199987411499
2022-02-08,89.36000061035156,90.77999877929688,4.248000144958496
2022-02-09,89.66000366210938,91.55000305175781,4.008999824523926
2022-02-10,89.87999725341797,91.41000366210938,3.9590001106262207
2022-02-11,93.0999984741211,94.44000244140625,3.940999984741211
2022-02-14,95.45999908447266,96.4800033569336,4.195000171661377
2022-02-15,92.06999969482422,93.27999877929688,4.306000232696533
2022-02-16,93.66000366210938,94.80999755859375,4.7170000076293945
2022-02-17,91.76000213623047,92.97000122070312,4.486000061035156
2022-02-18,91.06999969482422,93.54000091552734,4.431000232696533
2022-02-22,92.3499984741211,96.83999633789062,4.498000144958496
2022-02-23,92.0999984741211,96.83999633789062,4.623000144958496
2022-02-24,92.80999755859375,99.08000183105469,4.567999839782715
2022-02-25,91.58999633789062,97.93000030517578,4.46999979019165
2022-02-28,95.72000122070312,100.98999786376953,4.4019999504089355
2022-03-01,103.41000366210938,104.97000122070312,4.572999954223633
2022-03-02,110.5999984741211,112.93000030517578,4.76200008392334
2022-03-03,107.66999816894531,110.45999908447266,4.7220001220703125
2022-03-04,115.68000030517578,118.11000061035156,5.015999794006348
2022-03-07,119.4000015258789,123.20999908447266,4.833000183105469
2022-03-08,123.69999694824219,127.9800033569336,4.5269999504089355
2022-03-09,108.69999694824219,111.13999938964844,4.526000022888184
2022-03-10,106.0199966430664,109.33000183105469,4.63100004196167
2022-03-11,109.33000183105469,112.66999816894531,4.724999904632568
2022-03-14,103.01000213623047,106.9000015258789,4.6579999923706055
2022-03-15,96.44000244140625,99.91000366210938,4.567999839782715
2022-03-16,95.04000091552734,98.0199966430664,4.748000144958496
2022-03-17,102.9800033569336,106.63999938964844,4.989999771118164
2022-03-18,104.69999694824219,107.93000030517578,4.86299991607666
2022-03-21,112.12000274658203,115.62000274658203,4.900000095367432
2022-03-22,111.76000213623047,115.4800033569336,5.186999797821045
2022-03-23,114.93000030517578,121.5999984741211,5.23199987411499
2022-03-24,112.33999633789062,119.02999877929688,5.401000022888184
2022-03-25,113.9000015258789,120.6500015258789,5.571000099182129
2022-03-28,105.95999908447266,112.4800033569336,5.507999897003174
2022-03-29,104.23999786376953,110.2300033569336,5.335999965667725
2022-03-30,107.81999969482422,113.44999694824219,5.605000019073486
2022-03-31,100.27999877929688,107.91000366210938,5.642000198364258
2022-04-01,99.2699966430664,104.38999938964844,5.71999979019165
2022-04-04,103.27999877929688,107.52999877929688,5.711999893188477
2022-04-05,101.95999908447266,106.63999938964844,6.0320000648498535
2022-04-06,96.2300033569336,101.06999969482422,6.0289998054504395
2022-04-07,96.02999877929688,100.58000183105469,6.359000205993652
2022-04-08,98.26000213623047,102.77999877929688,6.2779998779296875
2022-04-11,94.29000091552734,98.4800033569336,6.64300012588501
2022-04-12,100.5999984741211,104.63999938964844,6.679999828338623
2022-04-13,104.25,108.77999877929688,6.997000217437744
2022-04-14,106.94999694824219,111.69999694824219,7.300000190734863
2022-04-18,108.20999908447266,113.16000366210938,7.820000171661377
2022-04-19,102.55999755859375,107.25,7.176000118255615
2022-04-20,102.75,106.80000305175781,6.936999797821045
2022-04-21,103.79000091552734,108.33000183105469,6.956999778747559
2022-04-22,102.06999969482422,106.6500015258789,6.533999919891357
2022-04-25,98.54000091552734,102.31999969482422,6.669000148773193
2022-04-26,101.69999694824219,104.98999786376953,6.849999904632568
2022-04-27,102.0199966430664,105.31999969482422,7.267000198364258
2022-04-28,105.36000061035156,107.58999633789062,6.888000011444092
2022-04-29,104.69000244140625,109.33999633789062,7.24399995803833
2022-05-02,105.16999816894531,107.58000183105469,7.474999904632568
2022-05-03,102.41000366210938,104.97000122070312,7.953999996185303
2022-05-04,107.80999755859375,110.13999938964844,8.414999961853027
2022-05-05,108.26000213623047,110.9000015258789,8.782999992370605
2022-05-06,109.7699966430664,112.38999938964844,8.043000221252441
2022-05-09,103.08999633789062,105.94000244140625,7.026000022888184
2022-05-10,99.76000213623047,102.45999908447266,7.385000228881836
2022-05-11,105.70999908447266,107.51000213623047,7.639999866485596
2022-05-12,106.12999725341797,107.44999694824219,7.738999843597412
2022-05-13,110.48999786376953,111.55000305175781,7.663000106811523
2022-05-16,114.19999694824219,114.23999786376953,7.955999851226807
2022-05-17,112.4000015258789,111.93000030517578,8.303999900817871
2022-05-18,109.58999633789062,109.11000061035156,8.368000030517578
2022-05-19,112.20999908447266,112.04000091552734,8.307999610900879
2022-05-20,113.2300033569336,112.55000305175781,8.083000183105469
2022-05-23,110.29000091552734,113.41999816894531,8.744000434875488
2022-05-24,109.7699966430664,113.55999755859375,8.795999526977539
2022-05-25,110.33000183105469,114.02999877929688,8.970999717712402
2022-05-26,114.08999633789062,117.4000015258789,8.907999992370605
2022-05-27,115.06999969482422,119.43000030517578,8.72700023651123
2022-05-31,114.66999816894531,122.83999633789062,8.145000457763672
2022-06-01,115.26000213623047,116.29000091552734,8.696000099182129
2022-06-02,116.87000274658203,117.61000061035156,8.484999656677246
2022-06-03,118.87000274658203,119.72000122070312,8.52299976348877
2022-06-06,118.5,119.51000213623047,9.321999549865723
2022-06-07,119.41000366210938,120.56999969482422,9.293000221252441
2022-06-08,122.11000061035156,123.58000183105469,8.699000358581543
2022-06-09,121.51000213623047,123.06999969482422,8.963000297546387
2022-06-10,120.66999816894531,122.01000213623047,8.850000381469727
2022-06-13,120.93000030517578,122.2699966430664,8.609000205993652
2022-06-14,118.93000030517578,121.16999816894531,7.189000129699707
2022-06-15,115.30999755859375,118.51000213623047,7.420000076293945
2022-06-16,117.58999633789062,119.80999755859375,7.464000225067139
2022-06-17,109.55999755859375,113.12000274658203,6.943999767303467
2022-06-21,110.6500015258789,114.6500015258789,6.808000087738037
2022-06-22,106.19000244140625,111.73999786376953,6.857999801635742
2022-06-23,104.2699966430664,110.05000305175781,6.238999843597412
2022-06-24,107.62000274658203,113.12000274658203,6.21999979019165
2022-06-27,109.56999969482422,115.08999633789062,6.500999927520752
2022-06-28,111.76000213623047,117.9800033569336,6.551000118255615
2022-06-29,109.77999877929688,116.26000213623047,6.498000144958496
2022-06-30,105.76000213623047,114.80999755859375,5.423999786376953
2022-07-01,108.43000030517578,111.62999725341797,5.730000019073486
2022-07-05,99.5,102.7699966430664,5.5229997634887695
2022-07-06,98.52999877929688,100.69000244140625,5.510000228881836
2022-07-07,102.7300033569336,104.6500015258789,6.296999931335449
2022-07-08,104.79000091552734,107.0199966430664,6.033999919891357
2022-07-11,104.08999633789062,107.0999984741211,6.426000118255615
2022-07-12,95.83999633789062,99.48999786376953,6.163000106811523
2022-07-13,96.30000305175781,99.56999969482422,6.689000129699707
2022-07-14,95.77999877929688,99.0999984741211,6.599999904632568
2022-07-15,97.58999633789062,101.16000366210938,7.015999794006348
2022-07-18,102.5999984741211,106.2699966430664,7.479000091552734
2022-07-19,104.22000122070312,107.3499984741211,7.263999938964844
2022-07-20,102.26000213623047,106.91999816894531,8.006999969482422
2022-07-21,96.3499984741211,103.86000061035156,7.932000160217285
2022-07-22,94.69999694824219,103.19999694824219,8.298999786376953
2022-07-25,96.69999694824219,105.1500015258789,8.72700023651123
2022-07-26,94.9800033569336,104.4000015258789,8.993000030517578
2022-07-27,97.26000213623047,106.62000274658203,8.687000274658203
2022-07-28,96.41999816894531,107.13999938964844,8.133999824523926
2022-07-29,98.62000274658203,110.01000213623047,8.229000091552734
2022-08-01,93.88999938964844,100.02999877929688,8.282999992370605
2022-08-02,94.41999816894531,100.54000091552734,7.705999851226807
2022-08-03,90.66000366210938,96.77999877929688,8.265999794006348
2022-08-04,88.54000091552734,94.12000274658203,8.121999740600586
2022-08-05,89.01000213623047,94.91999816894531,8.064000129699707
2022-08-08,90.76000213623047,96.6500015258789,7.589000225067139
2022-08-09,90.5,96.30999755859375,7.833000183105469
2022-08-10,91.93000030517578,97.4000015258789,8.20199966430664
2022-08-11,94.33999633789062,99.5999984741211,8.87399959564209
2022-08-12,92.08999633789062,98.1500015258789,8.767999649047852
2022-08-15,89.41000366210938,95.0999984741211,8.727999687194824
2022-08-16,86.52999877929688,92.33999633789062,9.329000473022461
2022-08-17,88.11000061035156,93.6500015258789,9.244000434875488
2022-08-18,90.5,96.58999633789062,9.187999725341797
2022-08-19,90.7699966430664,96.72000122070312,9.336000442504883
2022-08-22,90.2300033569336,96.4800033569336,9.680000305175781
2022-08-23,93.73999786376953,100.22000122070312,9.192999839782715
2022-08-24,94.88999938964844,101.22000122070312,9.329999923706055
2022-08-25,92.5199966430664,99.33999633789062,9.375
2022-08-26,93.05999755859375,100.98999786376953,9.295999526977539
2022-08-29,97.01000213623047,105.08999633789062,9.352999687194824
2022-08-30,91.63999938964844,99.30999755859375,9.041999816894531
2022-08-31,89.55000305175781,96.48999786376953,9.126999855041504
2022-09-01,86.61000061035156,92.36000061035156,9.26200008392334
2022-09-02,86.87000274658203,93.0199966430664,8.78600025177002
2022-09-06,86.87999725341797,92.83000183105469,8.145000457763672
2022-09-07,81.94000244140625,88.0,7.8420000076293945
2022-09-08,83.54000091552734,89.1500015258789,7.914999961853027
2022-09-09,86.79000091552734,92.83999633789062,7.995999813079834
2022-09-12,87.77999877929688,94.0,8.24899959564209
2022-09-13,87.30999755859375,93.16999816894531,8.284000396728516
2022-09-14,88.4800033569336,94.0999984741211,9.11400032043457
2022-09-15,85.0999984741211,90.83999633789062,8.324000358581543
2022-09-16,85.11000061035156,91.3499984741211,7.763999938964844
2022-09-19,85.7300033569336,92.0,7.751999855041504
2022-09-20,84.44999694824219,90.62000274658203,7.7170000076293945
2022-09-21,82.94000244140625,89.83000183105469,7.7789998054504395
2022-09-22,83.48999786376953,90.45999908447266,7.089000225067139
2022-09-23,78.73999786376953,86.1500015258789,6.828000068664551
2022-09-26,76.70999908447266,84.05999755859375,6.9029998779296875
2022-09-27,78.5,86.2699966430664,6.651000022888184
2022-09-28,82.1500015258789,89.31999969482422,6.868000030517578
2022-09-29,81.2300033569336,88.48999786376953,6.874000072479248
2022-09-30,79.48999786376953,87.95999908447266,6.765999794006348
2022-10-03,83.62999725341797,88.86000061035156,6.46999979019165
2022-10-04,86.5199966430664,91.80000305175781,6.836999893188477
2022-10-05,87.76000213623047,93.37000274658203,6.929999828338623
2022-10-06,88.44999694824219,94.41999816894531,6.9720001220703125
2022-10-07,92.63999938964844,97.91999816894531,6.748000144958496
2022-10-10,91.12999725341797,96.19000244140625,6.434999942779541
2022-10-11,89.3499984741211,94.29000091552734,6.5960001945495605
2022-10-12,87.2699966430664,92.44999694824219,6.434999942779541
2022-10-13,89.11000061035156,94.56999969482422,6.741000175476074
2022-10-14,85.61000061035156,91.62999725341797,6.453000068664551
2022-10-17,85.45999908447266,91.62000274658203,5.999000072479248
2022-10-18,82.81999969482422,90.02999877929688,5.744999885559082
2022-10-19,85.55000305175781,92.41000366210938,5.461999893188477
2022-10-20,85.9800033569336,92.37999725341797,5.357999801635742
2022-10-21,85.05000305175781,93.5,4.959000110626221
2022-10-24,84.58000183105469,93.26000213623047,5.198999881744385
2022-10-25,85.31999969482422,93.5199966430664,5.61299991607666
2022-10-26,87.91000366210938,95.69000244140625,5.605999946594238
2022-10-27,89.08000183105469,96.95999908447266,5.185999870300293
2022-10-28,87.9000015258789,95.7699966430664,5.684000015258789
2022-10-31,86.52999877929688,94.83000183105469,6.355000019073486
2022-11-01,88.37000274658203,94.6500015258789,5.714000225067139
2022-11-02,90.0,96.16000366210938,6.26800012588501
2022-11-03,88.16999816894531,94.66999816894531,5.974999904632568
2022-11-04,92.61000061035156,98.56999969482422,6.400000095367432
2022-11-07,91.79000091552734,97.91999816894531,6.943999767303467
2022-11-08,88.91000366210938,95.36000061035156,6.138000011444092
2022-11-09,85.83000183105469,92.6500015258789,5.864999771118164
2022-11-10,86.47000122070312,93.66999816894531,6.238999843597412
2022-11-11,88.95999908447266,95.98999786376953,5.879000186920166
2022-11-14,85.87000274658203,93.13999938964844,5.933000087738037
2022-11-15,86.91999816894531,93.86000061035156,6.033999919891357
2022-11-16,85.58999633789062,92.86000061035156,6.199999809265137
2022-11-17,81.63999938964844,89.77999877929688,6.36899995803833
2022-11-18,80.08000183105469,87.62000274658203,6.302999973297119
2022-11-21,79.7300033569336,87.44999694824219,6.776000022888184
2022-11-22,80.94999694824219,88.36000061035156,6.7789998054504395
2022-11-23,77.94000244140625,85.41000366210938,7.308000087738037
2022-11-25,76.27999877929688,83.62999725341797,7.02400016784668
2022-11-28,77.23999786376953,83.19000244140625,6.711999893188477
2022-11-29,78.19999694824219,83.02999877929688,7.235000133514404
2022-11-30,80.55000305175781,85.43000030517578,6.929999828338623
2022-12-01,81.22000122070312,86.87999725341797,6.73799991607666
2022-12-02,79.9800033569336,85.56999969482422,6.281000137329102
2022-12-05,76.93000030517578,82.68000030517578,5.577000141143799
2022-12-06,74.25,79.3499984741211,5.468999862670898
2022-12-07,72.01000213623047,77.16999816894531,5.7230000495910645
2022-12-08,71.45999908447266,76.1500015258789,5.961999893188477
2022-12-09,71.0199966430664,76.0999984741211,6.244999885559082
2022-12-12,73.16999816894531,77.98999786376953,6.586999893188477
2022-12-13,75.38999938964844,80.68000030517578,6.934999942779541
2022-12-14,77.27999877929688,82.69999694824219,6.429999828338623
2022-12-15,76.11000061035156,81.20999908447266,6.96999979019165
2022-12-16,74.29000091552734,79.04000091552734,6.599999904632568
2022-12-19,75.19000244140625,79.80000305175781,5.85099983215332
2022-12-20,76.08999633789062,79.98999786376953,5.326000213623047
2022-12-21,78.29000091552734,82.19999694824219,5.331999778747559
2022-12-22,77.48999786376953,80.9800033569336,4.999000072479248
2022-12-23,79.55999755859375,83.91999816894531,5.078999996185303
2022-12-27,79.52999877929688,84.33000183105469,5.2820000648498535
2022-12-28,78.95999908447266,83.26000213623047,4.709000110626221
2022-12-29,78.4000015258789,82.26000213623047,4.559000015258789
2022-12-30,80.26000213623047,85.91000366210938,4.474999904632568
2023-01-03,76.93000030517578,82.0999984741211,3.98799991607666
2023-01-04,72.83999633789062,77.83999633789062,4.171999931335449
2023-01-05,73.66999816894531,78.69000244140625,3.7200000286102295
2023-01-06,73.7699966430664,78.56999969482422,3.7100000381469727
2023-01-09,74.62999725341797,79.6500015258789,3.9100000858306885
2023-01-10,75.12000274658203,80.0999984741211,3.6389999389648438
2023-01-11,77.41000366210938,82.66999816894531,3.6710000038146973
2023-01-12,78.38999938964844,84.02999877929688,3.694999933242798
2023-01-13,79.86000061035156,85.27999877929688,3.4189999103546143
2023-01-17,80.18000030517578,85.91999816894531,3.5859999656677246
2023-01-18,79.4800033569336,84.9800033569336,3.311000108718872
2023-01-19,80.33000183105469,86.16000366210938,3.2750000953674316
2023-01-20,81.30999755859375,87.62999725341797,3.1740000247955322
2023-01-23,81.62000274658203,88.19000244140625,3.447000026702881
2023-01-24,80.12999725341797,86.12999725341797,3.257999897003174
2023-01-25,80.1500015258789,86.12000274658203,3.066999912261963
2023-01-26,81.01000213623047,87.47000122070312,2.944000005722046
2023-01-27,79.68000030517578,86.66000366210938,3.1089999675750732
2023-01-30,77.9000015258789,84.9000015258789,2.677000045776367
2023-01-31,78.87000274658203,84.48999786376953,2.684000015258789
2023-02-01,76.41000366210938,82.83999633789062,2.4679999351501465
2023-02-02,75.87999725341797,82.16999816894531,2.4560000896453857
2023-02-03,73.38999938964844,79.94000244140625,2.4100000858306885
2023-02-06,74.11000061035156,80.98999786376953,2.4570000171661377
2023-02-07,77.13999938964844,83.69000244140625,2.5840001106262207
2023-02-08,78.47000122070312,85.08999633789062,2.3959999084472656
2023-02-09,78.05999755859375,84.5,2.430000066757202
2023-02-10,79.72000122070312,86.38999938964844,2.5139999389648438
2023-02-13,80.13999938964844,86.61000061035156,2.4049999713897705
2023-02-14,79.05999755859375,85.58000183105469,2.566999912261963
2023-02-15,78.58999633789062,85.37999725341797,2.4709999561309814
2023-02-16,78.48999786376953,85.13999938964844,2.3889999389648438
2023-02-17,76.33999633789062,83.0,2.2750000953674316
2023-02-21,76.16000366210938,83.05000305175781,2.072999954223633
2023-02-22,73.94999694824219,80.5999984741211,2.1740000247955322
2023-02-23,75.38999938964844,82.20999908447266,2.313999891281128
2023-02-24,76.31999969482422,83.16000366210938,2.4509999752044678
2023-02-27,75.68000030517578,82.44999694824219,2.7309999465942383
2023-02-28,77.05000305175781,83.88999938964844,2.746999979019165
2023-03-01,77.69000244140625,84.30999755859375,2.811000108718872
2023-03-02,78.16000366210938,84.75,2.765000104904175
2023-03-03,79.68000030517578,85.83000183105469,3.009000062942505
2023-03-06,80.45999908447266,86.18000030517578,2.572000026702881
2023-03-07,77.58000183105469,83.29000091552734,2.687000036239624
2023-03-08,76.66000366210938,82.66000366210938,2.5510001182556152
2023-03-09,75.72000122070312,81.58999633789062,2.5429999828338623
2023-03-10,76.68000030517578,82.77999877929688,2.430000066757202
2023-03-13,74.80000305175781,80.7699966430664,2.6059999465942383
2023-03-14,71.33000183105469,77.44999694824219,2.572999954223633
2023-03-15,67.61000061035156,73.69000244140625,2.438999891281128
2023-03-16,68.3499984741211,74.69999694824219,2.5139999389648438
2023-03-17,66.73999786376953,72.97000122070312,2.3380000591278076
2023-03-20,67.63999938964844,73.79000091552734,2.2230000495910645
2023-03-21,69.33000183105469,75.31999969482422,2.3480000495910645
2023-03-22,70.9000015258789,76.69000244140625,2.1710000038146973
2023-03-23,69.95999908447266,75.91000366210938,2.1540000438690186
2023-03-24,69.26000213623047,74.98999786376953,2.2160000801086426
2023-03-27,72.80999755859375,78.12000274658203,2.0880000591278076
2023-03-28,73.19999694824219,78.6500015258789,2.0299999713897705
2023-03-29,72.97000122070312,78.27999877929688,1.9910000562667847
2023-03-30,74.37000274658203,79.2699966430664,2.1040000915527344
2023-03-31,75.66999816894531,79.7699966430664,2.2160000801086426
2023-04-03,80.41999816894531,84.93000030517578,2.0969998836517334
2023-04-04,80.70999908447266,84.94000244140625,2.1059999465942383
2023-04-05,80.61000061035156,84.98999786376953,2.1549999713897705
2023-04-06,80.69999694824219,85.12000274658203,2.010999917984009
2023-04-10,79.73999786376953,84.18000030517578,2.171999931335449
2023-04-11,81.52999877929688,85.61000061035156,2.186000108718872
2023-04-12,83.26000213623047,87.33000183105469,2.0929999351501465
2023-04-13,82.16000366210938,86.08999633789062,2.006999969482422
2023-04-14,82.5199966430664,86.30999755859375,2.114000082015991
2023-04-17,80.83000183105469,84.76000213623047,2.2750000953674316
2023-04-18,80.86000061035156,84.7699966430664,2.365999937057495
2023-04-19,79.16000366210938,83.12000274658203,2.2219998836517334
2023-04-20,77.29000091552734,81.0999984741211,2.249000072479248
2023-04-21,77.87000274658203,81.66000366210938,2.2330000400543213
2023-04-24,78.76000213623047,82.7300033569336,2.2730000019073486
2023-04-25,77.06999969482422,80.7699966430664,2.306999921798706
2023-04-26,74.30000305175781,77.69000244140625,2.117000102996826
2023-04-27,74.76000213623047,78.37000274658203,2.3550000190734863
2023-04-28,76.77999877929688,79.54000091552734,2.4100000858306885
2023-05-01,75.66000366210938,79.30999755859375,2.318000078201294
2023-05-02,71.66000366210938,75.31999969482422,2.2139999866485596
2023-05-03,68.5999984741211,72.33000183105469,2.1700000762939453
2023-05-04,68.55999755859375,72.5,2.1010000705718994
2023-05-05,71.33999633789062,75.30000305175781,2.13700008392334
2023-05-08,73.16000366210938,77.01000213623047,2.23799991607666
2023-05-09,73.70999908447266,77.44000244140625,2.2669999599456787
2023-05-10,72.55999755859375,76.41000366210938,2.190999984741211
2023-05-11,70.87000274658203,74.9800033569336,2.190000057220459
2023-05-12,70.04000091552734,74.16999816894531,2.2660000324249268
2023-05-15,71.11000061035156,75.2300033569336,2.375
2023-05-16,70.86000061035156,74.91000366210938,2.375999927520752
2023-05-17,72.83000183105469,76.95999908447266,2.365000009536743
2023-05-18,71.86000061035156,75.86000061035156,2.5920000076293945
2023-05-19,71.55000305175781,75.58000183105469,2.5850000381469727
2023-05-22,71.98999786376953,75.98999786376953,2.4000000953674316
2023-05-23,72.91000366210938,76.83999633789062,2.321000099182129
2023-05-24,74.33999633789062,78.36000061035156,2.3980000019073486
2023-05-25,71.83000183105469,76.26000213623047,2.306999921798706
2023-05-26,72.66999816894531,76.94999694824219,2.180999994277954
2023-05-30,69.45999908447266,73.54000091552734,2.3269999027252197
2023-05-31,68.08999633789062,72.66000366210938,2.2660000324249268
2023-06-01,70.0999984741211,74.27999877929688,2.1579999923706055
2023-06-02,71.73999786376953,76.12999725341797,2.171999931335449
2023-06-05,72.1500015258789,76.70999908447266,2.244999885559082
2023-06-06,71.73999786376953,76.29000091552734,2.26200008392334
2023-06-07,72.52999877929688,76.94999694824219,2.3289999961853027
2023-06-08,71.29000091552734,75.95999908447266,2.3519999980926514
2023-06-09,70.16999816894531,74.79000091552734,2.253999948501587
2023-06-12,67.12000274658203,71.83999633789062,2.2660000324249268
2023-06-13,69.41999816894531,74.29000091552734,2.3399999141693115
2023-06-14,68.2699966430664,73.19999694824219,2.3420000076293945
2023-06-15,70.62000274658203,75.66999816894531,2.5329999923706055
2023-06-16,71.77999877929688,76.61000061035156,2.631999969482422
2023-06-20,70.5,75.9000015258789,2.492000102996826
2023-06-21,72.52999877929688,77.12000274658203,2.5969998836517334
2023-06-22,69.51000213623047,74.13999938964844,2.6080000400543213
2023-06-23,69.16000366210938,73.8499984741211,2.7290000915527344
2023-06-26,69.37000274658203,74.18000030517578,2.7909998893737793
2023-06-27,67.69999694824219,72.26000213623047,2.763000011444092
2023-06-28,69.55999755859375,74.02999877929688,2.6029999256134033
2023-06-29,69.86000061035156,74.33999633789062,2.7009999752044678
2023-06-30,70.63999938964844,74.9000015258789,2.7980000972747803
2023-07-03,69.79000091552734,74.6500015258789,2.7090001106262207
2023-07-05,71.79000091552734,76.6500015258789,2.6570000648498535
2023-07-06,71.80000305175781,76.5199966430664,2.6089999675750732
2023-07-07,73.86000061035156,78.47000122070312,2.5820000171661377
2023-07-10,72.98999786376953,77.69000244140625,2.6689999103546143
2023-07-11,74.83000183105469,79.4000015258789,2.7309999465942383
2023-07-12,75.75,80.11000061035156,2.631999969482422
2023-07-13,76.88999938964844,81.36000061035156,2.5450000762939453
2023-07-14,75.41999816894531,79.87000274658203,2.5390000343322754
2023-07-17,74.1500015258789,78.5,2.51200008392334
2023-07-18,75.75,79.62999725341797,2.628999948501587
2023-07-19,75.3499984741211,79.45999908447266,2.6029999256134033
2023-07-20,75.62999725341797,79.63999938964844,2.756999969482422
2023-07-21,77.06999969482422,81.06999969482422,2.7130000591278076
2023-07-24,78.73999786376953,82.73999786376953,2.684999942779541
2023-07-25,79.62999725341797,83.63999938964844,2.7300000190734863
2023-07-26,78.77999877929688,82.91999816894531,2.6649999618530273
2023-07-27,80.08999633789062,84.23999786376953,2.492000102996826
2023-07-28,80.58000183105469,84.98999786376953,2.638000011444092
2023-07-31,81.80000305175781,85.55999755859375,2.634000062942505
2023-08-01,81.37000274658203,84.91000366210938,2.559999942779541
2023-08-02,79.48999786376953,83.19999694824219,2.4769999980926514
2023-08-03,81.55000305175781,85.13999938964844,2.565000057220459
2023-08-04,82.81999969482422,86.23999786376953,2.5769999027252197
2023-08-07,81.94000244140625,85.33999633789062,2.7249999046325684
2023-08-08,82.91999816894531,86.16999816894531,2.7769999504089355
2023-08-09,84.4000015258789,87.55000305175781,2.9590001106262207
2023-08-10,82.81999969482422,86.4000015258789,2.763000011444092
2023-08-11,83.19000244140625,86.80999755859375,2.7699999809265137
2023-08-14,82.51000213623047,86.20999908447266,2.7950000762939453
2023-08-15,80.98999786376953,84.88999938964844,2.6589999198913574
2023-08-16,79.37999725341797,83.44999694824219,2.5920000076293945
2023-08-17,80.38999938964844,84.12000274658203,2.621000051498413
2023-08-18,81.25,84.80000305175781,2.5510001182556152
2023-08-21,80.72000122070312,84.45999908447266,2.631999969482422
2023-08-22,80.3499984741211,84.02999877929688,2.559999942779541
2023-08-23,78.88999938964844,83.20999908447266,2.496999979019165
2023-08-24,79.05000305175781,83.36000061035156,2.5190000534057617
2023-08-25,79.83000183105469,84.4800033569336,2.5399999618530273
2023-08-28,80.0999984741211,84.41999816894531,2.5789999961853027
2023-08-29,81.16000366210938,85.48999786376953,2.555999994277954
2023-08-30,81.62999725341797,85.86000061035156,2.7960000038146973
2023-08-31,83.62999725341797,86.86000061035156,2.7679998874664307
2023-09-01,85.55000305175781,88.55000305175781,2.765000104904175
2023-09-05,86.69000244140625,90.04000091552734,2.5820000171661377
2023-09-06,87.54000091552734,90.5999984741211,2.509999990463257
2023-09-07,86.87000274658203,89.91999816894531,2.5789999961853027
2023-09-08,87.51000213623047,90.6500015258789,2.6050000190734863
2023-09-11,87.29000091552734,90.63999938964844,2.6080000400543213
2023-09-12,88.83999633789062,92.05999755859375,2.743000030517578
2023-09-13,88.5199966430664,91.87999725341797,2.680000066757202
2023-09-14,90.16000366210938,93.69999694824219,2.7079999446868896
2023-09-15,90.7699966430664,93.93000030517578,2.6440000534057617
2023-09-18,91.4800033569336,94.43000030517578,2.7279999256134033
2023-09-19,91.19999694824219,94.33999633789062,2.8480000495910645
2023-09-20,90.27999877929688,93.52999877929688,2.7330000400543213
2023-09-21,89.62999725341797,93.30000305175781,2.609999895095825
2023-09-22,90.02999877929688,93.2699966430664,2.63700008392334
2023-09-25,89.68000030517578,93.29000091552734,2.6389999389648438
2023-09-26,90.38999938964844,93.95999908447266,2.6559998989105225
2023-09-27,93.68000030517578,96.55000305175781,2.7639999389648438
2023-09-28,91.70999908447266,95.37999725341797,2.944999933242798
2023-09-29,90.79000091552734,95.30999755859375,2.928999900817871
2023-10-02,88.81999969482422,90.70999908447266,2.8399999141693115
2023-10-03,89.2300033569336,90.91999816894531,2.9489998817443848
2023-10-04,84.22000122070312,85.80999755859375,2.9619998931884766
2023-10-05,82.30999755859375,84.06999969482422,3.1659998893737793
2023-10-06,82.79000091552734,84.58000183105469,3.3380000591278076
2023-10-09,86.37999725341797,88.1500015258789,3.375999927520752
2023-10-10,85.97000122070312,87.6500015258789,3.381999969482422
2023-10-11,83.48999786376953,85.81999969482422,3.377000093460083
2023-10-12,82.91000366210938,86.0,3.3440001010894775
2023-10-13,87.69000244140625,90.88999938964844,3.2360000610351562
2023-10-16,86.66000366210938,89.6500015258789,3.1089999675750732
2023-10-17,86.66000366210938,89.9000015258789,3.0789999961853027
2023-10-18,88.31999969482422,91.5,3.055999994277954
2023-10-19,89.37000274658203,92.37999725341797,2.9570000171661377
2023-10-20,88.75,92.16000366210938,2.8989999294281006
2023-10-23,85.48999786376953,89.83000183105469,2.9260001182556152
2023-10-24,83.73999786376953,88.06999969482422,2.9709999561309814
2023-10-25,85.38999938964844,90.12999725341797,3.009999990463257
2023-10-26,83.20999908447266,87.93000030517578,3.2139999866485596
2023-10-27,85.54000091552734,90.4800033569336,3.1640000343322754
2023-10-30,82.30999755859375,87.44999694824219,3.3519999980926514
2023-10-31,81.0199966430664,87.41000366210938,3.575000047683716
2023-11-01,80.44000244140625,84.62999725341797,3.49399995803833
2023-11-02,82.45999908447266,86.8499984741211,3.4719998836517334
2023-11-03,80.51000213623047,84.88999938964844,3.515000104904175
2023-11-06,80.81999969482422,85.18000030517578,3.2639999389648438
2023-11-07,77.37000274658203,81.61000061035156,3.140000104904175
2023-11-08,75.33000183105469,79.54000091552734,3.1059999465942383
2023-11-09,75.73999786376953,80.01000213623047,3.0409998893737793
2023-11-10,77.16999816894531,81.43000030517578,3.0329999923706055
2023-11-13,78.26000213623047,82.5199966430664,3.197000026702881
2023-11-14,78.26000213623047,82.47000122070312,3.1059999465942383
2023-11-15,76.66000366210938,81.18000030517578,3.190000057220459
2023-11-16,72.9000015258789,77.41999816894531,3.062000036239624
2023-11-17,75.88999938964844,80.61000061035156,2.9600000381469727
2023-11-20,77.5999984741211,82.31999969482422,2.881999969482422
2023-11-21,77.7699966430664,82.44999694824219,2.8459999561309814
2023-11-22,77.0999984741211,81.95999908447266,2.8970000743865967
2023-11-23,,81.37000274658203,2.934000015258789
2023-11-24,75.54000091552734,80.58000183105469,2.8550000190734863
2023-11-27,74.86000061035156,79.9800033569336,2.7939999103546143
2023-11-28,76.41000366210938,81.68000030517578,2.7060000896453857
2023-11-29,77.86000061035156,83.0999984741211,2.803999900817871
2023-11-30,75.95999908447266,82.83000183105469,2.802000045776367
2023-12-01,74.06999969482422,78.87999725341797,2.813999891281128
2023-12-04,73.04000091552734,78.02999877929688,2.694000005722046
2023-12-05,72.31999969482422,77.19999694824219,2.7100000381469727
2023-12-06,69.37999725341797,74.30000305175781,2.569000005722046
2023-12-07,69.33999633789062,74.05000305175781,2.5850000381469727
2023-12-08,71.2300033569336,75.83999633789062,2.5810000896453857
2023-12-11,71.31999969482422,76.02999877929688,2.430999994277954
2023-12-12,68.61000061035156,73.23999786376953,2.311000108718872
2023-12-13,69.47000122070312,74.26000213623047,2.3350000381469727
2023-12-14,71.58000183105469,76.61000061035156,2.3919999599456787
2023-12-15,71.43000030517578,76.55000305175781,2.490999937057495
2023-12-18,72.47000122070312,77.94999694824219,2.503000020980835
2023-12-19,73.44000244140625,79.2300033569336,2.492000102996826
2023-12-20,74.22000122070312,79.69999694824219,2.447000026702881
2023-12-21,73.88999938964844,79.38999938964844,2.572000026702881
2023-12-22,73.55999755859375,79.06999969482422,2.609999895095825
2023-12-26,75.56999969482422,81.06999969482422,2.549999952316284
2023-12-27,74.11000061035156,79.6500015258789,2.61899995803833
2023-12-28,71.7699966430664,78.38999938964844,2.556999921798706
2023-12-29,71.6500015258789,77.04000091552734,2.5139999389648438
2024-01-02,70.37999725341797,75.88999938964844,2.568000078201294
2024-01-03,72.69999694824219,78.25,2.6679999828338623
2024-01-04,72.19000244140625,77.58999633789062,2.821000099182129
2024-01-05,73.80999755859375,78.76000213623047,2.8929998874664307
2024-01-08,70.7699966430664,76.12000274658203,2.9800000190734863
2024-01-09,72.23999786376953,77.58999633789062,3.190000057220459
2024-01-10,71.37000274658203,76.80000305175781,3.0390000343322754
2024-01-11,72.0199966430664,77.41000366210938,3.0969998836517334
2024-01-12,72.68000030517578,78.29000091552734,3.312999963760376
2024-01-16,72.4000015258789,78.29000091552734,2.9000000953674316
2024-01-17,72.55999755859375,77.87999725341797,2.869999885559082
2024-01-18,74.08000183105469,79.0999984741211,2.697000026702881
2024-01-19,73.41000366210938,78.55999755859375,2.5190000534057617
2024-01-22,75.19000244140625,80.05999755859375,2.4189999103546143
2024-01-23,74.37000274658203,79.55000305175781,2.450000047683716
2024-01-24,75.08999633789062,80.04000091552734,2.6410000324249268
2024-01-25,77.36000061035156,82.43000030517578,2.571000099182129
2024-01-26,78.01000213623047,83.55000305175781,2.7119998931884766
2024-01-29,76.77999877929688,82.4000015258789,2.490000009536743
2024-01-30,77.81999969482422,82.87000274658203,2.0769999027252197
2024-01-31,75.8499984741211,81.70999908447266,2.0999999046325684
2024-02-01,73.81999969482422,78.69999694824219,2.049999952316284
2024-02-02,72.27999877929688,77.33000183105469,2.0789999961853027
2024-02-05,72.77999877929688,77.98999786376953,2.0820000171661377
2024-02-06,73.30999755859375,78.58999633789062,2.009000062942505
2024-02-07,73.86000061035156,79.20999908447266,1.9670000076293945
2024-02-08,76.22000122070312,81.62999725341797,1.9170000553131104
2024-02-09,76.83999633789062,82.19000244140625,1.847000002861023
2024-02-12,76.91999816894531,82.0,1.7680000066757202
2024-02-13,77.87000274658203,82.7699966430664,1.6890000104904175
2024-02-14,76.63999938964844,81.5999984741211,1.6089999675750732
2024-02-15,78.02999877929688,82.86000061035156,1.5809999704360962
2024-02-16,79.19000244140625,83.47000122070312,1.6089999675750732
2024-02-20,78.18000030517578,82.33999633789062,1.5759999752044678
2024-02-21,77.91000366210938,83.02999877929688,1.7730000019073486
2024-02-22,78.61000061035156,83.66999816894531,1.7319999933242798
2024-02-23,76.48999786376953,81.62000274658203,1.6030000448226929
2024-02-26,77.58000183105469,82.52999877929688,1.659000039100647
2024-02-27,78.87000274658203,83.6500015258789,1.6150000095367432
2024-02-28,78.54000091552734,83.68000030517578,1.8849999904632568
2024-02-29,78.26000213623047,83.62000274658203,1.8600000143051147
2024-03-01,79.97000122070312,83.55000305175781,1.8350000381469727
2024-03-04,78.73999786376953,82.80000305175781,1.9160000085830688
2024-03-05,78.1500015258789,82.04000091552734,1.9570000171661377
2024-03-06,79.12999725341797,82.95999908447266,1.9290000200271606
2024-03-07,78.93000030517578,82.95999908447266,1.8179999589920044
2024-03-08,78.01000213623047,82.08000183105469,1.8049999475479126
2024-03-11,77.93000030517578,82.20999908447266,1.7589999437332153
2024-03-12,77.55999755859375,81.91999816894531,1.7139999866485596
2024-03-13,79.72000122070312,84.02999877929688,1.6579999923706055
2024-03-14,81.26000213623047,85.41999816894531,1.7410000562667847
2024-03-15,81.04000091552734,85.33999633789062,1.6549999713897705
2024-03-18,82.72000122070312,86.88999938964844,1.7029999494552612
2024-03-19,83.47000122070312,87.37999725341797,1.74399995803833
2024-03-20,81.68000030517578,85.94999694824219,1.6990000009536743
2024-03-21,81.06999969482422,85.77999877929688,1.6829999685287476
2024-03-22,80.62999725341797,85.43000030517578,1.659000039100647
2024-03-25,81.94999694824219,86.75,1.6150000095367432
2024-03-26,81.62000274658203,86.25,1.5750000476837158
2024-03-27,81.3499984741211,86.08999633789062,1.718000054359436
2024-03-28,83.16999816894531,87.4800033569336,1.7630000114440918
2024-04-01,83.70999908447266,87.41999816894531,1.8370000123977661
2024-04-02,85.1500015258789,88.91999816894531,1.8619999885559082
2024-04-03,85.43000030517578,89.3499984741211,1.840999960899353
2024-04-04,86.58999633789062,90.6500015258789,1.7740000486373901
2024-04-05,86.91000366210938,91.16999816894531,1.784999966621399
2024-04-08,86.43000030517578,90.37999725341797,1.843999981880188
2024-04-09,85.2300033569336,89.41999816894531,1.871999979019165
2024-04-10,86.20999908447266,90.4800033569336,1.8849999904632568
2024-04-11,85.0199966430664,89.73999786376953,1.7640000581741333
2024-04-12,85.66000366210938,90.44999694824219,1.7699999809265137
2024-04-15,85.41000366210938,90.0999984741211,1.690999984741211
2024-04-16,85.36000061035156,90.0199966430664,1.7319999933242798
2024-04-17,82.69000244140625,87.29000091552734,1.7120000123977661
2024-04-18,82.7300033569336,87.11000061035156,1.7569999694824219
2024-04-19,83.13999938964844,87.29000091552734,1.7519999742507935
2024-04-22,82.8499984741211,87.0,1.7910000085830688
2024-04-23,83.36000061035156,88.41999816894531,1.812000036239624
2024-04-24,82.80999755859375,88.0199966430664,1.652999997138977
2024-04-25,83.56999969482422,89.01000213623047,1.6380000114440918
2024-04-26,83.8499984741211,89.5,1.6139999628067017
2024-04-29,82.62999725341797,88.4000015258789,2.0299999713897705
2024-04-30,81.93000030517578,87.86000061035156,1.9910000562667847
2024-05-01,79.0,83.44000244140625,1.9320000410079956
2024-05-02,78.94999694824219,83.66999816894531,2.0350000858306885
2024-05-03,78.11000061035156,82.95999908447266,2.1419999599456787
2024-05-06,78.4800033569336,83.33000183105469,2.194999933242798
2024-05-07,78.37999725341797,83.16000366210938,2.2070000171661377
2024-05-08,78.98999786376953,83.58000183105469,2.187000036239624
2024-05-09,79.26000213623047,83.87999725341797,2.3010001182556152
2024-05-10,78.26000213623047,82.79000091552734,2.252000093460083
2024-05-13,79.12000274658203,83.36000061035156,2.38100004196167
2024-05-14,78.0199966430664,82.37999725341797,2.3440001010894775
2024-05-15,78.62999725341797,82.75,2.4159998893737793
2024-05-16,79.2300033569336,83.2699966430664,2.494999885559082
2024-05-17,80.05999755859375,83.9800033569336,2.625999927520752
2024-05-20,79.80000305175781,83.70999908447266,2.750999927520752
2024-05-21,79.26000213623047,82.87999725341797,2.6710000038146973
2024-05-22,77.56999969482422,81.9000015258789,2.8420000076293945
2024-05-23,76.87000274658203,81.36000061035156,2.6570000648498535
2024-05-24,77.72000122070312,82.12000274658203,2.5199999809265137
2024-05-28,79.83000183105469,84.22000122070312,2.5899999141693115
2024-05-29,79.2300033569336,83.5999984741211,2.493000030517578
2024-05-30,77.91000366210938,81.86000061035156,2.572000026702881
2024-05-31,76.98999786376953,81.62000274658203,2.5869998931884766
2024-06-03,74.22000122070312,78.36000061035156,2.75600004196167
2024-06-04,73.25,77.5199966430664,2.5859999656677246
2024-06-05,74.06999969482422,78.41000366210938,2.756999969482422
2024-06-06,75.55000305175781,79.87000274658203,2.821000099182129
2024-06-07,75.52999877929688,79.62000274658203,2.9179999828338623
2024-06-10,77.73999786376953,81.62999725341797,2.9059998989105225
2024-06-11,77.9000015258789,81.91999816894531,3.128999948501587
2024-06-12,78.5,82.5999984741211,3.0450000762939453
2024-06-13,78.62000274658203,82.75,2.9590001106262207
2024-06-14,78.44999694824219,82.62000274658203,2.88100004196167
2024-06-17,80.33000183105469,84.25,2.7880001068115234
2024-06-18,81.56999969482422,85.33000183105469,2.9089999198913574
2024-06-20,82.16999816894531,85.70999908447266,2.740999937057495
2024-06-21,80.7300033569336,85.23999786376953,2.7049999237060547
2024-06-24,81.62999725341797,86.01000213623047,2.811000108718872
2024-06-25,80.83000183105469,85.01000213623047,2.75600004196167
2024-06-26,80.9000015258789,85.25,2.628000020980835
2024-06-27,81.73999786376953,86.38999938964844,2.684999942779541
2024-06-28,81.54000091552734,86.41000366210938,2.6010000705718994
2024-07-01,83.37999725341797,86.5999984741211,2.4779999256134033
2024-07-02,82.80999755859375,86.23999786376953,2.434999942779541
2024-07-03,83.87999725341797,87.33999633789062,2.4179999828338623
2024-07-05,83.16000366210938,86.54000091552734,2.319000005722046
2024-07-08,82.33000183105469,85.75,2.365999937057495
2024-07-09,81.41000366210938,84.66000366210938,2.3440001010894775
2024-07-10,82.0999984741211,85.08000183105469,2.3289999961853027
2024-07-11,82.62000274658203,85.4000015258789,2.2679998874664307
2024-07-12,82.20999908447266,85.02999877929688,2.3289999961853027
2024-07-15,81.91000366210938,84.8499984741211,2.1579999923706055
2024-07-16,80.76000213623047,83.7300033569336,2.187999963760376
2024-07-17,82.8499984741211,85.08000183105469,2.0350000858306885
2024-07-18,82.81999969482422,85.11000061035156,2.125
2024-07-19,80.12999725341797,82.62999725341797,2.128000020980835
2024-07-22,79.77999877929688,82.4000015258789,2.250999927520752
2024-07-23,76.95999908447266,81.01000213623047,2.187000036239624
2024-07-24,77.58999633789062,81.70999908447266,2.117000102996826
2024-07-25,78.27999877929688,82.37000274658203,2.0409998893737793
2024-07-26,77.16000366210938,81.12999725341797,2.00600004196167
2024-07-29,75.80999755859375,79.77999877929688,1.906999945640564
2024-07-30,74.7300033569336,78.62999725341797,2.125999927520752
2024-07-31,77.91000366210938,80.72000122070312,2.0360000133514404
2024-08-01,76.30999755859375,79.5199966430664,1.968000054359436
2024-08-02,73.5199966430664,76.80999755859375,1.9670000076293945
2024-08-05,72.94000244140625,76.30000305175781,1.9420000314712524
2024-08-06,73.19999694824219,76.4800033569336,2.009999990463257
2024-08-07,75.2300033569336,78.33000183105469,2.111999988555908
2024-08-08,76.19000244140625,79.16000366210938,2.127000093460083
2024-08-09,76.83999633789062,79.66000366210938,2.1429998874664307
2024-08-12,80.05999755859375,82.30000305175781,2.188999891281128
2024-08-13,78.3499984741211,80.69000244140625,2.1480000019073486
2024-08-14,76.9800033569336,79.76000213623047,2.2190001010894775
2024-08-15,78.16000366210938,81.04000091552734,2.197000026702881
2024-08-16,76.6500015258789,79.68000030517578,2.122999906539917
2024-08-19,74.37000274658203,77.66000366210938,2.234999895095825
2024-08-20,74.04000091552734,77.19999694824219,2.197999954223633
2024-08-21,71.93000030517578,76.05000305175781,2.177000045776367
2024-08-22,73.01000213623047,77.22000122070312,2.052999973297119
2024-08-23,74.83000183105469,79.0199966430664,2.0220000743865967
2024-08-26,77.41999816894531,81.43000030517578,1.9559999704360962
2024-08-27,75.52999877929688,79.55000305175781,1.9040000438690186
2024-08-28,74.5199966430664,78.6500015258789,1.9299999475479126
2024-08-29,75.91000366210938,79.94000244140625,2.13700008392334
2024-08-30,73.55000305175781,78.80000305175781,2.127000093460083
2024-09-03,70.33999633789062,73.75,2.203000068664551
2024-09-04,69.19999694824219,72.69999694824219,2.1449999809265137
2024-09-05,69.1500015258789,72.69000244140625,2.253999948501587
2024-09-06,67.66999816894531,71.05999755859375,2.2750000953674316
2024-09-09,68.70999908447266,71.83999633789062,2.1700000762939453
2024-09-10,65.75,69.19000244140625,2.2320001125335693
2024-09-11,67.30999755859375,70.61000061035156,2.2699999809265137
2024-09-12,68.97000122070312,71.97000122070312,2.3570001125335693
2024-09-13,68.6500015258789,71.61000061035156,2.305000066757202
2024-09-16,70.08999633789062,72.75,2.372999906539917
2024-09-17,71.19000244140625,73.69999694824219,2.3239998817443848
2024-09-18,70.91000366210938,73.6500015258789,2.2839999198913574
2024-09-19,71.94999694824219,74.87999725341797,2.3480000495910645
2024-09-20,71.91999816894531,74.48999786376953,2.434000015258789
2024-09-23,70.37000274658203,73.9000015258789,2.61299991607666
2024-09-24,71.55999755859375,75.16999816894531,2.5510001182556152
2024-09-25,69.69000244140625,73.45999908447266,2.63700008392334
2024-09-26,67.66999816894531,71.5999984741211,2.5850000381469727
2024-09-27,68.18000030517578,71.9800033569336,2.9019999504089355
2024-09-30,68.16999816894531,71.7699966430664,2.9230000972747803
2024-10-01,69.83000183105469,73.55999755859375,2.8959999084472656
2024-10-02,70.0999984741211,73.9000015258789,2.885999917984009
2024-10-03,73.70999908447266,77.62000274658203,2.9700000286102295
2024-10-04,74.37999725341797,78.05000305175781,2.8540000915527344
2024-10-07,77.13999938964844,80.93000030517578,2.746000051498413
2024-10-08,73.56999969482422,77.18000030517578,2.7330000400543213
2024-10-09,73.23999786376953,76.58000183105469,2.6600000858306885
2024-10-10,75.8499984741211,79.4000015258789,2.674999952316284
2024-10-11,75.55999755859375,79.04000091552734,2.631999969482422
2024-10-14,73.83000183105469,77.45999908447266,2.49399995803833
2024-10-15,70.58000183105469,74.25,2.497999906539917
2024-10-16,70.38999938964844,74.22000122070312,2.367000102996826
2024-10-17,70.66999816894531,74.44999694824219,2.3469998836517334
2024-10-18,69.22000122070312,73.05999755859375,2.257999897003174
2024-10-21,70.55999755859375,74.29000091552734,2.312000036239624
2024-10-22,72.08999633789062,76.04000091552734,2.311000108718872
2024-10-23,70.7699966430664,74.95999908447266,2.3420000076293945
2024-10-24,70.19000244140625,74.37999725341797,2.5220000743865967
2024-10-25,71.77999877929688,76.05000305175781,2.559999942779541
2024-10-28,67.37999725341797,71.41999816894531,2.309000015258789
2024-10-29,67.20999908447266,71.12000274658203,2.3459999561309814
2024-10-30,68.61000061035156,72.55000305175781,2.8450000286102295
2024-10-31,69.26000213623047,73.16000366210938,2.7070000171661377
2024-11-01,69.48999786376953,73.0999984741211,2.6630001068115234
2024-11-04,71.47000122070312,75.08000183105469,2.7809998989105225
2024-11-05,71.98999786376953,75.52999877929688,2.6700000762939453
2024-11-06,71.69000244140625,74.91999816894531,2.746999979019165
2024-11-07,72.36000061035156,75.62999725341797,2.693000078201294
2024-11-08,70.37999725341797,73.87000274658203,2.6689999103546143
2024-11-11,68.04000091552734,71.83000183105469,2.9200000762939453
2024-11-12,68.12000274658203,71.88999938964844,2.9070000648498535
2024-11-13,68.43000030517578,72.27999877929688,2.9830000400543213
2024-11-14,68.69999694824219,72.55999755859375,2.7850000858306885
2024-11-15,67.0199966430664,71.04000091552734,2.822999954223633
2024-11-18,69.16000366210938,73.30000305175781,2.9730000495910645
2024-11-19,69.38999938964844,73.30999755859375,2.997999906539917
2024-11-20,68.87000274658203,72.80999755859375,3.193000078201294
2024-11-21,70.0999984741211,74.2300033569336,3.3389999866485596
2024-11-22,71.23999786376953,75.16999816894531,3.128999948501587
2024-11-25,68.94000244140625,73.01000213623047,3.36899995803833
2024-11-26,68.7699966430664,72.80999755859375,3.430999994277954
2024-11-27,68.72000122070312,72.83000183105469,3.2039999961853027
2024-11-29,68.0,72.94000244140625,3.36299991607666
2024-12-02,68.0999984741211,71.83000183105469,3.2130000591278076
2024-12-03,69.94000244140625,73.62000274658203,3.0420000553131104
2024-12-04,68.54000091552734,72.30999755859375,3.0429999828338623
2024-12-05,68.30000305175781,72.08999633789062,3.0789999961853027
2024-12-06,67.19999694824219,71.12000274658203,3.0759999752044678
2024-12-09,68.37000274658203,72.13999938964844,3.181999921798706
2024-12-10,68.58999633789062,72.19000244140625,3.1630001068115234
2024-12-11,70.29000091552734,73.5199966430664,3.378000020980835
2024-12-12,70.0199966430664,73.41000366210938,3.4549999237060547
2024-12-13,71.29000091552734,74.48999786376953,3.2799999713897705
2024-12-16,70.70999908447266,73.91000366210938,3.2139999866485596
2024-12-17,70.08000183105469,73.19000244140625,3.308000087738037
2024-12-18,70.58000183105469,73.38999938964844,3.374000072479248
2024-12-19,69.91000366210938,72.87999725341797,3.5840001106262207
2024-12-20,69.45999908447266,72.94000244140625,3.747999906539917
2024-12-23,69.23999786376953,72.62999725341797,3.6559998989105225
2024-12-24,70.0999984741211,73.58000183105469,3.946000099182129
2024-12-26,69.62000274658203,73.26000213623047,3.7149999141693115
2024-12-27,70.5999984741211,74.16999816894531,3.5139999389648438
2024-12-30,70.98999786376953,74.38999938964844,3.936000108718872
2024-12-31,71.72000122070312,74.63999938964844,3.632999897003174
2025-01-02,73.12999725341797,75.93000030517578,3.6600000858306885
2025-01-03,73.95999908447266,76.51000213623047,3.3540000915527344
2025-01-06,73.55999755859375,76.30000305175781,3.671999931335449
2025-01-07,74.25,77.05000305175781,3.4489998817443848
2025-01-08,73.31999969482422,76.16000366210938,3.6510000228881836
2025-01-09,73.91999816894531,76.91999816894531,3.7009999752044678
2025-01-10,76.56999969482422,79.76000213623047,3.989000082015991
2025-01-13,78.81999969482422,81.01000213623047,3.934000015258789
2025-01-14,77.5,79.91999816894531,3.9679999351501465
2025-01-15,80.04000091552734,82.02999877929688,4.083000183105469
2025-01-16,78.68000030517578,81.29000091552734,4.257999897003174
2025-01-17,77.87999725341797,80.79000091552734,3.947999954223633
2025-01-21,75.88999938964844,79.29000091552734,3.75600004196167
2025-01-22,75.44000244140625,79.0,3.9600000381469727
2025-01-23,74.62000274658203,78.29000091552734,3.944999933242798
2025-01-24,74.66000366210938,78.5,4.0269999504089355
2025-01-27,73.16999816894531,77.08000183105469,3.697000026702881
2025-01-28,73.7699966430664,77.48999786376953,3.4709999561309814
2025-01-29,72.62000274658203,76.58000183105469,3.5350000858306885
2025-01-30,72.7300033569336,76.87000274658203,3.046999931335449
2025-01-31,72.52999877929688,76.76000213623047,3.0439999103546143
2025-02-03,73.16000366210938,75.95999908447266,3.3519999980926514
2025-02-04,72.69999694824219,76.19999694824219,3.253000020980835
2025-02-05,71.02999877929688,74.61000061035156,3.359999895095825
2025-02-06,70.61000061035156,74.29000091552734,3.4079999923706055
2025-02-07,71.0,74.66000366210938,3.309000015258789
2025-02-10,72.31999969482422,75.87000274658203,3.444000005722046
2025-02-11,73.31999969482422,77.0,3.5190000534057617
2025-02-12,71.37000274658203,75.18000030517578,3.565000057220459
2025-02-13,71.29000091552734,75.0199966430664,3.628000020980835
2025-02-14,70.73999786376953,74.73999786376953,3.7249999046325684
2025-02-18,71.8499984741211,75.83999633789062,4.006999969482422
2025-02-19,72.25,76.04000091552734,4.28000020980835
2025-02-20,72.56999969482422,76.4800033569336,4.1519999504089355
2025-02-21,70.4000015258789,74.43000030517578,4.234000205993652
2025-02-24,70.69999694824219,74.77999877929688,3.99399995803833
2025-02-25,68.93000030517578,73.0199966430664,4.173999786376953
2025-02-26,68.62000274658203,72.52999877929688,3.9059998989105225
2025-02-27,70.3499984741211,74.04000091552734,3.934000015258789
2025-02-28,69.76000213623047,73.18000030517578,3.8340001106262207
2025-03-03,68.37000274658203,71.62000274658203,4.122000217437744
2025-03-04,68.26000213623047,71.04000091552734,4.349999904632568
2025-03-05,66.30999755859375,69.30000305175781,4.449999809265137
2025-03-06,66.36000061035156,69.45999908447266,4.302000045776367
2025-03-07,67.04000091552734,70.36000061035156,4.39900016784668
2025-03-10,66.02999877929688,69.27999877929688,4.491000175476074
2025-03-11,66.25,69.55999755859375,4.453000068664551
2025-03-12,67.68000030517578,70.94999694824219,4.084000110626221
2025-03-13,66.55000305175781,69.87999725341797,4.111000061035156
2025-03-14,67.18000030517578,70.58000183105469,4.104000091552734
2025-03-17,67.58000183105469,71.06999969482422,4.01800012588501
2025-03-18,66.9000015258789,70.55999755859375,4.052000045776367
2025-03-19,67.16000366210938,70.77999877929688,4.247000217437744
2025-03-20,68.26000213623047,72.0,3.9749999046325684
2025-03-21,68.27999877929688,72.16000366210938,3.9800000190734863
2025-03-24,69.11000061035156,73.0,3.9140000343322754
2025-03-25,69.0,73.0199966430664,3.8399999141693115
2025-03-26,69.6500015258789,73.79000091552734,3.8610000610351562
2025-03-27,69.91999816894531,74.02999877929688,3.950000047683716
2025-03-28,69.36000061035156,73.62999725341797,4.065000057220459
2025-03-31,71.4800033569336,74.73999786376953,4.11899995803833
2025-04-01,71.19999694824219,74.48999786376953,3.9509999752044678
2025-04-02,71.70999908447266,74.94999694824219,4.054999828338623
2025-04-03,66.94999694824219,70.13999938964844,4.138000011444092
2025-04-04,61.9900016784668,65.58000183105469,3.8369998931884766
2025-04-07,60.70000076293945,64.20999908447266,3.6549999713897705
2025-04-08,59.58000183105469,62.81999969482422,3.4649999141693115
2025-04-09,62.349998474121094,65.4800033569336,3.815999984741211
2025-04-10,60.06999969482422,63.33000183105469,3.556999921798706
2025-04-11,61.5,64.76000213623047,3.5269999504089355
2025-04-14,61.529998779296875,64.87999725341797,3.325000047683716
2025-04-15,61.33000183105469,64.66999816894531,3.3289999961853027
2025-04-16,62.470001220703125,65.8499984741211,3.246999979019165
2025-04-17,64.68000030517578,67.95999908447266,3.244999885559082
2025-04-21,63.08000183105469,66.26000213623047,3.0160000324249268
2025-04-22,64.30999755859375,67.44000244140625,3.006999969482422
2025-04-23,62.27000045776367,66.12000274658203,3.0220000743865967
2025-04-24,62.790000915527344,66.55000305175781,2.930000066757202
2025-04-25,63.02000045776367,66.87000274658203,2.937000036239624
2025-04-28,62.04999923706055,65.86000061035156,3.1700000762939453
2025-04-29,60.41999816894531,64.25,3.385999917984009
2025-04-30,58.209999084472656,63.119998931884766,3.3259999752044678
2025-05-01,59.2400016784668,62.130001068115234,3.4790000915527344
2025-05-02,58.290000915527344,61.290000915527344,3.630000114440918
2025-05-05,57.130001068115234,60.22999954223633,3.549999952316284
2025-05-06,59.09000015258789,62.150001525878906,3.4630000591278076
2025-05-07,58.06999969482422,61.119998931884766,3.621000051498413
2025-05-08,59.90999984741211,62.84000015258789,3.5920000076293945
2025-05-09,61.02000045776367,63.90999984741211,3.7950000762939453
2025-05-12,61.95000076293945,64.95999908447266,3.6459999084472656
2025-05-13,63.66999816894531,66.62999725341797,3.6470000743865967
2025-05-14,63.150001525878906,66.08999633789062,3.492000102996826
2025-05-15,61.619998931884766,64.52999877929688,3.361999988555908
2025-05-16,62.4900016784668,65.41000366210938,3.3340001106262207
2025-05-19,62.689998626708984,65.54000091552734,3.11299991607666
2025-05-20,62.560001373291016,65.37999725341797,3.427000045776367
2025-05-21,61.56999969482422,64.91000366210938,3.368000030517578
2025-05-22,61.20000076293945,64.44000244140625,3.253000020980835
2025-05-23,61.529998779296875,64.77999877929688,3.3340001106262207
2025-05-27,60.88999938964844,64.08999633789062,3.3980000019073486
2025-05-28,61.84000015258789,64.9000015258789,3.2039999961853027
2025-05-29,60.939998626708984,64.1500015258789,3.5220000743865967
2025-05-30,60.790000915527344,63.900001525878906,3.447000026702881
2025-06-02,62.52000045776367,64.62999725341797,3.694000005722046
2025-06-03,63.40999984741211,65.62999725341797,3.7219998836517334
2025-06-04,62.849998474121094,64.86000061035156,3.7160000801086426
2025-06-05,63.369998931884766,65.33999633789062,3.677000045776367
2025-06-06,64.58000183105469,66.47000122070312,3.7839999198913574
2025-06-09,65.29000091552734,67.04000091552734,3.634999990463257
2025-06-10,64.9800033569336,66.87000274658203,3.5329999923706055
2025-06-11,68.1500015258789,69.7699966430664,3.506999969482422
2025-06-12,68.04000091552734,69.36000061035156,3.492000102996826
2025-06-13,72.9800033569336,74.2300033569336,3.5810000896453857
2025-06-16,71.7699966430664,73.2300033569336,3.747999906539917
2025-06-17,74.83999633789062,76.44999694824219,3.8510000705718994
2025-06-18,75.13999938964844,76.69999694824219,3.989000082015991
2025-06-20,74.93000030517578,77.01000213623047,3.8469998836517334
2025-06-23,68.51000213623047,71.4800033569336,3.697999954223633
2025-06-24,64.37000274658203,67.13999938964844,3.5369999408721924
2025-06-25,64.91999816894531,67.68000030517578,3.4059998989105225
2025-06-26,65.23999786376953,67.7300033569336,3.260999917984009
2025-06-27,65.5199966430664,67.7699966430664,3.739000082015991
2025-06-30,65.11000061035156,67.61000061035156,3.4560000896453857
2025-07-01,65.44999694824219,67.11000061035156,3.4149999618530273
2025-07-02,67.44999694824219,69.11000061035156,3.48799991607666
2025-07-03,67.0,68.80000305175781,3.4089999198913574
2025-07-04,66.5,68.29000091552734,3.38700008392334
2025-07-07,67.93000030517578,69.58000183105469,3.4119999408721924
2025-07-08,68.33000183105469,70.1500015258789,3.3399999141693115
2025-07-09,68.37999725341797,70.19000244140625,3.2139999866485596
2025-07-10,66.56999969482422,68.63999938964844,3.3369998931884766
2025-07-11,68.44999694824219,70.36000061035156,3.313999891281128
2025-07-14,66.9800033569336,69.20999908447266,3.4660000801086426
2025-07-15,66.5199966430664,68.70999908447266,3.5230000019073486
2025-07-16,66.37999725341797,68.5199966430664,3.5510001182556152
2025-07-17,67.54000091552734,69.5199966430664,3.5420000553131104
2025-07-18,67.33999633789062,69.27999877929688,3.565000057220459
2025-07-21,67.19999694824219,69.20999908447266,3.325000047683716
2025-07-22,66.20999908447266,68.58999633789062,3.252000093460083
2025-07-23,65.25,68.51000213623047,3.0769999027252197
2025-07-24,66.02999877929688,69.18000030517578,3.0940001010894775
2025-07-25,65.16000366210938,68.44000244140625,3.109999895095825
2025-07-28,66.70999908447266,70.04000091552734,2.98799991607666
2025-07-29,69.20999908447266,72.51000213623047,3.0810000896453857
2025-07-30,70.0,73.23999786376953,3.0450000762939453
2025-07-31,69.26000213623047,72.52999877929688,3.1059999465942383
2025-08-01,67.33000183105469,69.66999816894531,3.0829999446868896
2025-08-04,66.29000091552734,68.76000213623047,2.931999921798706
2025-08-05,65.16000366210938,67.63999938964844,3.009999990463257
2025-08-06,64.3499984741211,66.88999938964844,3.0769999027252197
2025-08-07,63.880001068115234,66.43000030517578,3.066999912261963
2025-08-08,63.880001068115234,66.58999633789062,2.990000009536743
2025-08-11,63.959999084472656,66.62999725341797,2.9539999961853027
2025-08-12,63.16999816894531,66.12000274658203,2.808000087738037
2025-08-13,62.650001525878906,65.62999725341797,2.828000068664551
2025-08-14,63.959999084472656,66.83999633789062,2.8410000801086426
2025-08-15,62.79999923706055,65.8499984741211,2.9159998893737793
2025-08-18,63.41999816894531,66.5999984741211,2.890000104904175
2025-08-19,62.349998474121094,65.79000091552734,2.7660000324249268
2025-08-20,63.209999084472656,66.83999633789062,2.752000093460083
2025-08-21,63.52000045776367,67.66999816894531,2.8259999752044678
2025-08-22,63.65999984741211,67.7300033569336,2.697999954223633
2025-08-25,64.80000305175781,68.80000305175781,2.696000099182129
2025-08-26,63.25,67.22000122070312,2.7170000076293945
2025-08-27,64.1500015258789,68.05000305175781,2.867000102996826
2025-08-28,64.5999984741211,68.62000274658203,2.944000005722046
2025-08-29,64.01000213623047,68.12000274658203,2.996999979019165
2025-09-02,65.58999633789062,69.13999938964844,3.009000062942505
2025-09-03,63.970001220703125,67.5999984741211,3.063999891281128
2025-09-04,63.47999954223633,66.98999786376953,3.0739998817443848
2025-09-05,61.869998931884766,65.5,3.0480000972747803
2025-09-08,62.2599983215332,66.0199966430664,3.0899999141693115
2025-09-09,62.630001068115234,66.38999938964844,3.117000102996826
2025-09-10,63.66999816894531,67.48999786376953,3.0290000438690186
2025-09-11,62.369998931884766,66.37000274658203,2.934000015258789
2025-09-12,62.689998626708984,66.98999786376953,2.940999984741211
2025-09-15,63.29999923706055,67.44000244140625,3.0429999828338623
2025-09-16,64.5199966430664,68.47000122070312,3.1029999256134033
2025-09-17,64.05000305175781,67.94999694824219,3.0999999046325684
2025-09-18,63.56999969482422,67.44000244140625,2.938999891281128
2025-09-19,62.68000030517578,66.68000030517578,2.888000011444092
2025-09-22,62.63999938964844,66.56999969482422,2.805999994277954
2025-09-23,63.40999984741211,67.62999725341797,2.8529999256134033
2025-09-24,64.98999786376953,69.30999755859375,2.8580000400543213
2025-09-25,64.9800033569336,69.41999816894531,2.9040000438690186
2025-09-26,65.72000122070312,70.12999725341797,2.8350000381469727
2025-09-29,63.45000076293945,67.97000122070312,3.2669999599456787
2025-09-30,62.369998931884766,67.0199966430664,3.302999973297119
2025-10-01,61.779998779296875,65.3499984741211,3.4760000705718994
2025-10-02,60.47999954223633,64.11000061035156,3.441999912261963
2025-10-03,60.880001068115234,64.52999877929688,3.3239998817443848
2025-10-06,61.689998626708984,65.47000122070312,3.3570001125335693
2025-10-07,61.72999954223633,65.44999694824219,3.497999906539917
2025-10-08,62.54999923706055,66.25,3.3329999446868896
2025-10-09,61.5099983215332,65.22000122070312,3.2690000534057617
2025-10-10,58.900001525878906,62.72999954223633,3.1059999465942383
2025-10-13,59.4900016784668,63.31999969482422,3.118000030517578
2025-10-14,58.70000076293945,62.38999938964844,3.0280001163482666
2025-10-15,58.27000045776367,61.90999984741211,3.0160000324249268
2025-10-16,57.459999084472656,61.060001373291016,2.937999963760376
2025-10-17,57.540000915527344,61.290000915527344,3.007999897003174
2025-10-20,57.52000045776367,61.0099983215332,3.3970000743865967
2025-10-21,57.81999969482422,61.31999969482422,3.4739999771118164
2025-10-22,58.5,62.59000015258789,3.450000047683716
2025-10-23,61.790000915527344,65.98999786376953,3.3440001010894775
2025-10-24,61.5,65.94000244140625,3.303999900817871
2025-10-27,61.310001373291016,65.62000274658203,3.441999912261963
2025-10-28,60.150001525878906,64.4000015258789,3.3450000286102295
2025-10-29,60.47999954223633,64.91999816894531,3.375999927520752
2025-10-30,60.56999969482422,65.0,3.9560000896453857
2025-10-31,60.97999954223633,65.06999969482422,4.124000072479248
2025-11-03,61.04999923706055,64.88999938964844,4.265999794006348
2025-11-04,60.560001373291016,64.44000244140625,4.3429999351501465
2025-11-05,59.599998474121094,63.52000045776367,4.23199987411499
2025-11-06,59.43000030517578,63.380001068115234,4.35699987411499
2025-11-07,59.75,63.630001068115234,4.315000057220459
2025-11-10,60.130001068115234,64.05999755859375,4.3379998207092285
2025-11-11,61.040000915527344,65.16000366210938,4.565000057220459
2025-11-12,58.4900016784668,62.709999084472656,4.5329999923706055
2025-11-13,58.689998626708984,63.0099983215332,4.645999908447266
2025-11-14,60.09000015258789,64.38999938964844,4.565999984741211
2025-11-17,59.90999984741211,64.19999694824219,4.361000061035156
2025-11-18,60.7400016784668,64.88999938964844,4.370999813079834
2025-11-19,59.439998626708984,63.5099983215332,4.550000190734863
2025-11-20,59.13999938964844,63.380001068115234,4.473999977111816
2025-11-21,58.060001373291016,62.560001373291016,4.579999923706055
2025-11-24,58.84000015258789,63.369998931884766,4.548999786376953
2025-11-25,57.95000076293945,62.47999954223633,4.423999786376953
2025-11-26,58.650001525878906,63.130001068115234,4.558000087738037
2025-11-28,58.54999923706055,63.20000076293945,4.849999904632568
2025-12-01,59.31999969482422,63.16999816894531,4.921000003814697
2025-12-02,58.63999938964844,62.45000076293945,4.840000152587891
2025-12-03,58.95000076293945,62.66999816894531,4.994999885559082
2025-12-04,59.66999816894531,63.2599983215332,5.063000202178955
2025-12-05,60.08000183105469,63.75,5.289000034332275
2025-12-08,58.880001068115234,62.4900016784668,4.9120001792907715
2025-12-09,58.25,61.939998626708984,4.573999881744385
2025-12-10,58.459999084472656,62.209999084472656,4.59499979019165
2025-12-11,57.599998474121094,61.279998779296875,4.230999946594238
2025-12-12,57.439998626708984,61.119998931884766,4.11299991607666
2025-12-15,56.81999969482422,60.560001373291016,4.01200008392334
2025-12-16,55.27000045776367,58.91999816894531,3.885999917984009
2025-12-17,55.939998626708984,59.68000030517578,4.02400016784668
2025-12-18,56.150001525878906,59.81999969482422,3.9079999923706055
2025-12-19,56.65999984741211,60.470001220703125,3.9839999675750732
2025-12-22,58.0099983215332,62.06999969482422,3.9649999141693115
2025-12-23,58.380001068115234,62.380001068115234,4.4079999923706055
2025-12-24,58.349998474121094,62.2400016784668,4.242000102996826
2025-12-26,56.7400016784668,60.63999938964844,4.366000175476074
2025-12-29,58.08000183105469,61.939998626708984,4.686999797821045
2025-12-30,57.95000076293945,61.91999816894531,3.9719998836517334
2025-12-31,57.41999816894531,60.849998474121094,3.686000108718872
2026-01-02,57.31999969482422,60.75,3.618000030517578
2026-01-05,58.31999969482422,61.7599983215332,3.5230000019073486
2026-01-06,57.130001068115234,60.70000076293945,3.3499999046325684
2026-01-07,55.9900016784668,59.959999084472656,3.5250000953674316
2026-01-08,57.7599983215332,61.9900016784668,3.4070000648498535
2026-01-09,59.119998931884766,63.34000015258789,3.1689999103546143
2026-01-12,59.5,63.869998931884766,3.4089999198913574
2026-01-13,61.150001525878906,65.47000122070312,3.4189999103546143
2026-01-14,62.02000045776367,66.5199966430664,3.119999885559082
2026-01-15,59.189998626708984,63.7599983215332,3.128000020980835
2026-01-16,59.439998626708984,64.12999725341797,3.1029999256134033
2026-01-20,60.34000015258789,64.91999816894531,3.9070000648498535
2026-01-21,60.619998931884766,65.23999786376953,4.875
2026-01-22,59.36000061035156,64.05999755859375,5.045000076293945
2026-01-23,61.06999969482422,65.87999725341797,5.275000095367432
2026-01-26,60.630001068115234,65.58999633789062,6.800000190734863
2026-01-27,62.38999938964844,67.56999969482422,6.953999996185303
2026-01-28,63.209999084472656,68.4000015258789,7.460000038146973
2026-01-29,65.41999816894531,70.70999908447266,3.9179999828338623
2026-01-30,65.20999908447266,70.69000244140625,4.354000091552734
2026-02-02,62.13999938964844,66.30000305175781,3.236999988555908
2026-02-03,63.209999084472656,67.33000183105469,3.311000108718872
2026-02-04,65.13999938964844,69.45999908447266,3.4649999141693115
2026-02-05,63.290000915527344,67.55000305175781,3.509000062942505
2026-02-06,63.54999923706055,68.05000305175781,3.421999931335449
2026-02-09,64.36000061035156,69.04000091552734,3.138000011444092
2026-02-10,63.959999084472656,68.80000305175781,3.115000009536743
2026-02-11,64.62999725341797,69.4000015258789,3.1589999198913574
2026-02-12,62.84000015258789,67.5199966430664,3.2170000076293945
2026-02-13,62.88999938964844,67.75,3.243000030517578
2026-02-17,62.33000183105469,67.41999816894531,3.0309998989105225
2026-02-18,65.19000244140625,70.3499984741211,3.010999917984009
2026-02-19,66.43000030517578,71.66000366210938,2.996000051498413
2026-02-20,66.38999938964844,71.76000213623047,3.046999931335449
2026-02-23,66.30999755859375,71.48999786376953,2.984999895095825
2026-02-24,65.62999725341797,70.7699966430664,2.9149999618530273
2026-02-25,65.41999816894531,70.8499984741211,2.9690001010894775
2026-02-26,65.20999908447266,70.75,2.8269999027252197
2026-02-27,67.0199966430664,72.4800033569336,2.8589999675750732
2026-03-02,71.2300033569336,77.73999786376953,2.9600000381469727
2026-03-03,74.55999755859375,81.4000015258789,3.053999900817871
2026-03-04,74.66000366210938,81.4000015258789,2.9170000553131104
2026-03-05,81.01000213623047,85.41000366210938,3.003000020980835
2026-03-06,90.9000015258789,92.69000244140625,3.186000108718872
2026-03-09,94.7699966430664,98.95999908447266,3.119999885559082
2026-03-10,83.44999694824219,87.80000305175781,3.0199999809265137
2026-03-11,87.25,91.9800033569336,3.2090001106262207
2026-03-12,95.7300033569336,100.45999908447266,3.2330000400543213
2026-03-13,98.70999908447266,103.13999938964844,3.13100004196167
2026-03-16,93.5,100.20999908447266,3.0230000019073486
2026-03-17,96.20999908447266,103.41999816894531,3.0329999923706055
2026-03-18,96.31999969482422,107.37999725341797,3.065000057220459
2026-03-19,96.13999938964844,108.6500015258789,3.1659998893737793
2026-03-20,98.31999969482422,112.19000244140625,3.0950000286102295
2026-03-23,88.12999725341797,99.94000244140625,2.8910000324249268
2026-03-24,92.3499984741211,104.48999786376953,2.943000078201294
2026-03-25,90.31999969482422,102.22000122070312,2.9519999027252197
2026-03-26,94.4800033569336,108.01000213623047,2.999000072479248
2026-03-27,99.63999938964844,112.56999969482422,3.0950000286102295
2026-03-30,102.87999725341797,112.77999877929688,2.88700008392334
2026-03-31,101.37999725341797,118.3499984741211,2.884000062942505
2026-04-01,100.12000274658203,101.16000366210938,2.819000005722046
2026-04-02,111.54000091552734,109.02999877929688,2.799999952316284
2026-04-06,112.41000366210938,109.7699966430664,2.811000108718872
2026-04-07,112.94999694824219,109.2699966430664,2.869999885559082
2026-04-08,94.41000366210938,94.75,2.7239999771118164
2026-04-09,97.87000274658203,95.91999816894531,2.6700000762939453
2026-04-10,96.56999969482422,95.19999694824219,2.6480000019073486
2026-04-13,99.08000183105469,99.36000061035156,2.627000093460083
2026-04-14,91.27999877929688,94.79000091552734,2.5989999771118164
2026-04-15,91.29000091552734,94.93000030517578,2.609999895095825
2026-04-16,94.69000244140625,99.38999938964844,2.6470000743865967
2026-04-17,83.8499984741211,90.37999725341797,2.6740000247955322
2026-04-20,89.61000061035156,95.4800033569336,2.688999891281128
2026-04-21,92.12999725341797,98.4800033569336,2.697000026702881
2026-04-22,92.95999908447266,101.91000366210938,2.7219998836517334
2026-04-23,95.8499984741211,105.06999969482422,2.614000082015991
2026-04-24,94.4000015258789,105.33000183105469,2.5230000019073486
2026-04-27,96.37000274658203,108.2300033569336,2.549999952316284
2026-04-28,99.93000030517578,111.26000213623047,2.559000015258789
2026-04-29,106.87999725341797,118.02999877929688,2.6470000743865967
2026-04-30,105.06999969482422,114.01000213623047,2.7669999599456787
2026-05-01,101.94000244140625,108.16999816894531,2.7799999713897705
2026-05-04,106.41999816894531,114.44000244140625,2.867000102996826
2026-05-05,102.2699966430664,109.87000274658203,2.7880001068115234
2026-05-06,95.08000183105469,101.2699966430664,2.7300000190734863
2026-05-07,94.80999755859375,100.05999755859375,2.7690000534057617
2026-05-08,95.41999816894531,101.29000091552734,2.756999969482422
2026-05-11,98.06999969482422,104.20999908447266,2.9100000858306885
2026-05-12,102.18000030517578,107.7699966430664,2.8429999351501465
2026-05-13,101.0199966430664,105.62999725341797,2.864000082015991
2026-05-14,101.16999816894531,105.72000122070312,2.8940000534057617
2026-05-15,105.41999816894531,109.26000213623047,2.9600000381469727
2026-05-18,108.66000366210938,112.0999984741211,3.0239999294281006
2026-05-19,107.7699966430664,111.27999877929688,3.114000082015991
2026-05-20,98.26000213623047,105.0199966430664,3.003999948501587
2026-05-21,96.3499984741211,102.58000183105469,3.0179998874664307
2026-05-22,96.5999984741211,103.54000091552734,2.9070000648498535
2026-05-26,93.88999938964844,99.58000183105469,2.8940000534057617
2026-05-27,88.68000030517578,94.29000091552734,3.0399999618530273
2026-05-28,88.9000015258789,93.70999908447266,3.2850000858306885
2026-05-29,87.36000061035156,92.05000305175781,3.2899999618530273
2026-06-01,92.16000366210938,94.9800033569336,3.178999900817871
2026-06-02,93.76000213623047,96.0,3.1670000553131104
2026-06-03,96.0199966430664,97.80999755859375,3.2139999866485596
2026-06-04,93.04000091552734,95.02999877929688,3.3359999656677246
2026-06-05,90.54000091552734,93.08999633789062,3.2290000915527344
2026-06-08,91.30000305175781,94.25,3.1470000743865967
2026-06-09,88.19999694824219,91.44999694824219,3.140000104904175
2026-06-10,90.02999877929688,93.0999984741211,3.184999942779541
2026-06-11,87.70999908447266,90.37999725341797,3.0869998931884766
2026-06-12,84.87999725341797,87.33000183105469,3.119999885559082
2026-06-15,80.75,83.16999816894531,3.1470000743865967
2026-06-16,76.05000305175781,78.95999908447266,3.239000082015991
2026-06-17,76.79000091552734,79.55000305175781,3.1449999809265137
2026-06-18,76.5999984741211,79.8499984741211,3.2330000400543213
2026-06-22,74.81999969482422,77.9000015258789,3.253000020980835
2026-06-23,73.20999908447266,77.08000183105469,3.1470000743865967
2026-06-24,70.33999633789062,73.73999786376953,3.2209999561309814
2026-06-25,71.91999816894531,75.26000213623047,3.3429999351501465
2026-06-26,69.2300033569336,71.98999786376953,3.2309999465942383
2026-06-29,70.75,73.1500015258789,3.180999994277954
2026-06-30,69.5,72.91999816894531,3.2750000953674316
2026-07-01,68.58000183105469,71.56999969482422,3.2200000286102295
2026-07-02,68.69000244140625,71.80000305175781,3.196000099182129
2026-07-03,68.77999877929688,72.12999725341797,3.244999885559082
