open_time,gross_ret,net_ret,eq_basket,btc_bnh,turnover,fee_lag,total_weight,active_syms
2024-05-30,0.0,0.0,-0.014041615543710076,0.010575194240523,0.0,0.0,0.0,0
2024-05-31,0.026409627813684056,0.026409627813684056,-0.004704843100540186,-0.012055114944629297,0.0,0.0,1.0,1
2024-06-01,0.0017913364455541814,0.0017913364455541814,0.006319833704952086,0.0032747392268774878,0.0,0.0,1.0,1
2024-06-02,-0.01636412896234085,-0.01636412896234085,-0.011866260155439654,9.882122502924418e-05,0.0,0.0,1.0,1
2024-06-03,-0.028535228336913798,-0.028535228336913798,0.007065558022132966,0.015419012209851868,0.0,0.0,1.0,1
2024-06-04,0.005387014459880879,0.005387014459880879,0.028657375437086432,0.02510624330078981,0.0,0.0,1.0,1
2024-06-05,0.001804850535815028,0.001804850535815028,0.013243629324457924,0.007839331255313109,1.0658607449448159,0.0,1.0,1
2024-06-06,-0.01364697407441881,-0.014499662670374664,-0.015975528965704772,-0.004263825803104915,0.3553726312452361,0.0008526885959558527,1.0,4
2024-06-07,-0.037705934508007424,-0.03799023261300361,-0.04572036216155121,-0.020513906536778204,0.763558330983527,0.0002842981049961889,1.0,5
2024-06-08,-0.010996433497334406,-0.011607280162121227,-0.01975773341055221,-0.00043962696570909454,0.8457576485060794,0.0006108466647868216,1.0,4
2024-06-09,0.018894469406916102,0.018217863288111237,0.012024779803697634,0.004623160505577095,0.8879083707890789,0.0006766061188048636,1.0,2
2024-06-10,-0.023051569926695027,-0.02376189662332629,-0.0221185746899725,-0.0015559711829544742,0.29950085783799907,0.0007103266966312631,1.0,4
2024-06-11,-0.049030532562049145,-0.049270133248319546,-0.045690442972398305,-0.032174264326389035,0.5500498286854676,0.00023960068627039926,1.0,5
2024-06-12,0.0337729112219072,0.03333287135895882,0.038068498677919727,0.014105616845933033,0.6899851347621213,0.0004400398629483741,1.0,3
2024-06-13,-0.0389340476072368,-0.0394860357150465,-0.04480932986450858,-0.02172833574775579,0.13434533803482676,0.000551988107809697,1.0000000000000002,5
2024-06-14,-0.019763556995593807,-0.01987103326602167,-0.02297225309717518,-0.011187822761649313,1.183468201559083,0.00010747627042786142,1.0,5
2024-06-15,0.018264197886008634,0.01731742332476137,0.014754129499782442,0.002634778777008462,0.27233604184715987,0.0009467745612472664,0.7276639581528401,1
2024-06-16,0.015440584998893003,0.015222716165415276,0.01230565187855793,0.006643640213430224,0.026710743180808905,0.0002178688334777279,1.0,1
2024-06-17,-0.030464316946170102,-0.03048568554071475,-0.04062875892202294,-0.0027230337146080252,0.32600194038032837,2.1368594544647126e-05,0.9732892568191911,1
2024-06-18,-0.0050203332478902536,-0.005281134800194516,-0.05359495680280828,-0.019889547644801442,0.07406396827780937,0.0002608015523042627,0.6472873164388627,1
2024-06-19,0.015848707131891935,0.015789455957269688,0.009868666798013364,-0.0033215656178050557,0.7213512847166721,5.9251174622247495e-05,0.7213512847166721,1
2024-06-20,0.0,-0.0005770810277733377,-0.000917134282109893,-0.0012258676555743087,0.0,0.0005770810277733377,0.0,0
2024-06-21,0.0,0.0,-0.00987673026403918,-0.011256052055385934,0.0,0.0,0.0,0
2024-06-22,0.0,0.0,-0.00779106370162741,0.001808995072047903,0.0,0.0,0.0,0
2024-06-23,0.0,0.0,-0.023758423192160268,-0.01626867995018677,0.0,0.0,0.0,0
2024-06-24,0.0,0.0,0.002722532653301048,-0.046226831595587714,0.0,0.0,0.0,0
2024-06-25,0.0,0.0,0.03462831828455643,0.024956199729234685,0.0,0.0,0.0,0
2024-06-26,0.0,0.0,-0.014440456246869309,-0.014854850771636507,0.0,0.0,0.0,0
2024-06-27,0.0,0.0,0.034882154935678714,0.013504742844655304,0.0,0.0,0.0,0
2024-06-28,0.0,0.0,-0.02721487815742995,-0.020300898155053315,0.0,0.0,0.0,0
2024-06-29,0.0,0.0,0.00292665523107849,0.00914449493461822,0.0,0.0,0.0,0
2024-06-30,0.0,0.0,0.0333267605646157,0.02924778296688868,0.0,0.0,0.0,0
2024-07-01,0.0,0.0,-0.0030821335687782098,0.0018736258483891266,0.0,0.0,0.0,0
2024-07-02,0.0,0.0,0.011911513246670724,-0.01208582205853359,0.0,0.0,0.0,0
2024-07-03,0.0,0.0,-0.06169601793313791,-0.03083530252593214,0.0,0.0,0.0,0
2024-07-04,0.0,0.0,-0.08264172000941092,-0.05251959872442202,0.0,0.0,0.0,0
2024-07-05,0.0,0.0,-0.008546136371173987,-0.007730616924266243,0.0,0.0,0.0,0
2024-07-06,0.0,0.0,0.06426544644218686,0.028462200268881244,0.0,0.0,0.0,0
2024-07-07,0.0,0.0,-0.07484942999404957,-0.04096983647107322,0.0,0.0,0.0,0
2024-07-08,0.0,0.0,0.03465230573963574,0.01532305587049465,0.0,0.0,0.0,0
2024-07-09,0.0,0.0,0.013245889737785359,0.023582376019644746,0.0,0.0,0.0,0
2024-07-10,0.0,0.0,0.006858291192561753,-0.005449544320202948,0.0,0.0,0.0,0
2024-07-11,0.0,0.0,-0.00144162069405234,-0.00678427227199474,0.7367150303930057,0.0,0.0,0
2024-07-12,0.03815729692535787,0.037567924901043465,0.02964567502442658,0.009674520853870217,0.5864031165627798,0.0005893720243144046,0.7367150303930057,1
2024-07-13,0.08063847532531926,0.08016935283206904,0.026448325137584106,0.022533264212891035,0.2990354746478587,0.00046912249325022385,1.0,2
2024-07-14,-0.015242857594776189,-0.015482085974494476,0.019927260366834582,0.02690370770946693,0.2565185237538782,0.00023922837971828695,1.0,2
2024-07-15,0.03741254483846995,0.03720733001946685,0.07433034204104837,0.06442089326267975,0.4422475067958174,0.00020521481900310256,1.0,3
2024-07-16,0.030043176969511743,0.02968937896407509,0.008649891487773065,0.0050927171362047385,0.21759533653668484,0.00035379800543665395,1.0,5
2024-07-17,0.02395892269541295,0.0237848464261836,-0.012827035119122135,-0.014679280110752257,0.21199511696639706,0.00017407626922934789,0.9999999999999998,5
2024-07-18,-0.04158916190133474,-0.04175875799490786,-0.0005019448756674991,-0.0014955733837893614,0.5694401552073092,0.00016959609357311765,1.0,6
2024-07-19,0.04028802256139202,0.039832470437226174,0.03917565970228557,0.041713636200181536,0.1379996686167969,0.0004555521241658474,0.9999999999999998,10
2024-07-20,0.01784326556967694,0.017732865834783503,0.01538056160962806,0.007019581886867465,0.11510407016527903,0.00011039973489343754,1.0000000000000002,11
2024-07-21,0.03766653968355093,0.037574456427418704,0.03263887301963041,0.015536041111488652,0.16487838187869108,9.208325613222322e-05,1.0,11
2024-07-22,-0.029318185512014393,-0.029450088217517347,-0.03118481719243483,-0.00937509172561568,0.2231273935737897,0.00013190270550295286,0.9999999999999999,12
2024-07-23,-0.04237026170963769,-0.04254876362449672,-0.027071993716923,-0.023449166804939914,0.14516861547774984,0.00017850191485903176,1.0,10
2024-07-24,-0.010613544602813258,-0.010729679495195458,-0.01673227980611221,-0.008580565686232777,0.2593848450500549,0.00011613489238219988,1.0,11
2024-07-25,-0.020752868878949428,-0.020960376754989473,-0.02278154800686707,0.006460517698329671,0.292809013636228,0.00020750787604004392,1.0,10
2024-07-26,0.04858387392742893,0.04834962671651995,0.04879244546012656,0.03207243093670664,0.3964239279405669,0.00023424721090898243,0.9999999999999998,8
2024-07-27,-0.01192254714818938,-0.012239686290541833,-0.007430343786280135,-0.00012816263396309147,0.14555819291146632,0.00031713914235245353,0.9999999999999999,11
2024-07-28,-0.00521646236485257,-0.005332908919181743,-0.006356708804472699,0.005034343148608178,0.13230265644873196,0.00011644655432917306,0.9999999999999999,11
2024-07-29,-0.005523121540506816,-0.005628963665665802,-0.0034986722931587316,-0.02148338720671983,0.2774975579303044,0.00010584212515898557,1.0,11
2024-07-30,-0.004656318254114877,-0.004878316300459121,-0.010213190180424579,-0.00884943820224715,0.2702531466601092,0.00022199804634424352,1.0,9
2024-07-31,-0.02671148640113797,-0.02692768891846606,-0.027572269611108115,-0.023541663832598037,0.40877976511749703,0.00021620251732808735,1.0,7
2024-08-01,-0.024381294505894376,-0.024708318317988375,-0.014189807116512076,0.011255104346937772,0.501258152612075,0.00032702381209399764,1.0,5
2024-08-02,-0.06641281665133958,-0.06681382317342924,-0.07576903484869994,-0.05885909605090556,0.34382104509119704,0.00040100652208966,1.0,4
2024-08-03,-0.028209187225426986,-0.028484244061499943,-0.03003444177555672,-0.012996940652563183,0.8523643929198143,0.00027505683607295764,0.9999999999999999,3
2024-08-04,-0.05608646383381623,-0.056768355348152076,-0.05774704098755453,-0.04185740698628648,0.6651477680382911,0.0006818915143358515,1.0000000000000002,7
2024-08-05,-0.07786218649219184,-0.07839430470662248,-0.0916420389454129,-0.07122599729983059,0.8343657244272125,0.0005321182144306329,1.0,4
2024-08-06,0.01896517981399342,0.01829768723445165,0.05435304482528853,0.03681455323861038,0.5649871214766882,0.00066749257954177,0.5451931397116817,1
2024-08-07,0.07950937379491844,0.07905738409773709,-0.0009911643994001287,-0.015864993070339506,1.0197939817650066,0.00045198969718135055,1.0,3
2024-08-08,0.027162139643392758,0.02634630445798075,0.1205984220411965,0.11899373717172779,1.377593307288026,0.0008158351854120053,1.0,1
2024-08-09,-0.037378785238332046,-0.038480859884162465,-0.0257372958504414,-0.013804780424198637,0.7951509279034045,0.0011020746458304208,1.0,7
2024-08-10,0.007752203386782516,0.007116082644459792,0.005771773372840564,0.0013369819400546046,0.1498788445117927,0.0006361207423227236,0.9999999999999999,3
2024-08-11,-0.07299912780989237,-0.07311903088550181,-0.0553346881576429,-0.036078233007444616,0.7425654060858478,0.00011990307560943417,1.0,3
2024-08-12,0.01724456361053002,0.01665051128566134,0.04778055433401529,0.010742318943794071,1.159831419602385,0.0005940523248686783,0.6146852512785722,1
2024-08-13,-0.007833830672401497,-0.008761695808083406,0.006137083885315959,0.020681482580288568,0.5451461683238126,0.0009278651356819079,0.5451461683238126,1
2024-08-14,0.0,-0.0004361169346590501,-0.024256134752843075,-0.03141840282078601,0.0,0.0004361169346590501,0.0,0
2024-08-15,0.0,0.0,-0.022002293399142787,-0.019388522390324625,0.0,0.0,0.0,0
2024-08-16,0.0,0.0,-0.00024404740898059663,0.02336770356975193,0.0,0.0,0.0,0
2024-08-17,0.0,0.0,0.016028769346802956,0.010425640006184622,0.0,0.0,0.0,0
2024-08-18,0.0,0.0,-0.012077370094846345,-0.018135651647510853,0.0,0.0,0.0,0
2024-08-19,0.0,0.0,0.021130759533559456,0.017271793115259504,0.0,0.0,0.0,0
2024-08-20,0.0,0.0,0.007904804150244431,-0.0069968096837461635,0.0,0.0,0.0,0
2024-08-21,0.0,0.0,0.03414163339251665,0.036232535192403104,0.0,0.0,0.0,0
2024-08-22,0.0,0.0,0.013427097358779077,-0.012599803664921416,0.0,0.0,0.0,0
2024-08-23,0.0,0.0,0.0613476061121156,0.060812031171551206,1.0,0.0,0.0,0
2024-08-24,0.00039604544653860235,-0.0004039545534613977,0.014347607188398892,0.0015089058245951747,1.1474415874247725,0.0008,1.0,2
2024-08-25,-0.018841954494073058,-0.019759907764012877,-0.017752622150132562,0.0011494701051990575,1.0677460432236048,0.0009179532699398181,1.0,5
2024-08-26,-0.01823379929674018,-0.019087996131319063,-0.034945524830252525,-0.021539113447224034,0.5061431718098205,0.0008541968345788839,0.5061431718098205,1
2024-08-27,0.0,-0.00040491453744785643,-0.05808637840576792,-0.05450136607671685,0.0,0.00040491453744785643,0.0,0
2024-08-28,0.0,0.0,-0.0026410434301129865,-0.0063063594035480675,0.0,0.0,0.0,0
2024-08-29,0.0,0.0,-0.007112529543893663,0.005307574987290176,0.0,0.0,0.0,0
2024-08-30,0.0,0.0,0.0023169248878380155,-0.003824810529438616,0.0,0.0,0.0,0
2024-08-31,0.0,0.0,-0.009852975354386935,-0.0026126847196863423,0.0,0.0,0.0,0
2024-09-01,0.0,0.0,-0.04604362357353007,-0.028397455799694327,0.9167076932642331,0.0,0.0,0
2024-09-02,0.025536238858635346,0.02480287270402396,0.041296390857163585,0.032199426906078576,1.2457296443221422,0.0007333661546113865,0.9167076932642331,1
2024-09-03,-0.03467409516585476,-0.03567067888131248,-0.037075876046525666,-0.028085620372140352,0.6424462173579452,0.0009965837154577138,1.0,5
2024-09-04,0.021501420336723927,0.02098746336283757,0.020824900791892333,0.008579350726433788,0.6576977614217288,0.0005139569738863562,1.0000000000000002,7
2024-09-05,-0.01984745834077211,-0.020373616549909494,-0.022284809370222765,-0.031048515138545785,0.2561300155319175,0.0005261582091373831,1.0000000000000002,13
2024-09-06,-0.039311609028144456,-0.03951651304056999,-0.038520585914188575,-0.03950436097510579,0.4044898968950136,0.00020490401242553402,1.0,11
2024-09-07,0.01751107814771781,0.017187486230201797,0.018618903031287787,0.003842181290876656,1.115911332053196,0.0003235919175160109,1.0,8
2024-09-08,0.01001902242289927,0.009126293357256713,0.02320679249788218,0.013017480405431492,0.8055473395651189,0.0008927290656425568,1.0,2
2024-09-09,0.01742941886554217,0.016784980993890076,0.03893680547819826,0.03957723980481265,0.6697926320752119,0.0006444378716520952,1.0,4
2024-09-10,0.006710082960786165,0.006174248855125995,0.005117225899995637,0.010508682687247806,0.4320450098122442,0.0005358341056601695,1.0000000000000002,7
2024-09-11,-0.01053718611531151,-0.010882822123161306,-0.010178347285711018,-0.005261321562044841,0.4605946031164157,0.0003456360078497954,1.0,10
2024-09-12,0.02682992713816547,0.026461451455672337,0.022590745871873024,0.013803092171849274,0.22903421733091966,0.0003684756824931326,1.0,7
2024-09-13,0.031221954717548017,0.031038727343683282,0.02870006114475367,0.04060794877532392,0.3684323306412012,0.00018322737386473575,1.0,8
2024-09-14,-0.009623061443999497,-0.009917807308512458,-0.008218515778167457,-0.008141431317218006,0.16466608412789557,0.00029474586451296096,0.9999999999999999,11
2024-09-15,-0.038961448132288176,-0.03909318099959049,-0.037779360415724585,-0.01440030685077709,0.38041635133559315,0.00013173286730231646,1.0,13
2024-09-16,-0.020959922200605326,-0.0212642552816738,-0.013251445881297444,-0.015456722024348335,0.5901444453376817,0.0003043330810684745,0.9999999999999999,9
2024-09-17,0.017896952449384995,0.01742483689311485,0.017461345275255707,0.03598741987041776,0.5488691089344185,0.0004721155562701454,1.0000000000000002,6
2024-09-18,0.03300102672406172,0.03256193143691419,0.028150722629190845,0.024125346294852523,0.23119905638122462,0.00043909528714753483,1.0000000000000002,9
2024-09-19,0.03758576167474391,0.03740080242963893,0.03336381636677272,0.019301760905025223,0.29450570859877645,0.00018495924510497972,0.9999999999999999,11
2024-09-20,0.01350493665554846,0.013269332088669438,0.011050720803094962,0.003953794005425282,0.3222449220188791,0.00023560456687902117,0.9999999999999999,11
2024-09-21,0.017820601953230857,0.017562806015615755,0.021657889695056,0.002293603394976307,0.4008855832221386,0.0002577959376151033,1.0000000000000002,9
2024-09-22,-0.015558115001060876,-0.015878823467638588,-0.01811687555642582,0.0037554918936333337,1.3008056663239072,0.0003207084665777109,1.0000000000000002,12
2024-09-23,-0.005703118793690946,-0.006743763326750072,0.020051119907424055,-0.0040340851877957995,1.0495178483821357,0.0010406445330591258,1.0,3
2024-09-24,0.007103425506519593,0.006263811227813884,0.03486996253735901,0.014866828852168945,0.951793540931835,0.0008396142787057086,1.0,4
2024-09-25,-0.01878193325120088,-0.01954336808394635,-0.015170262526992233,-0.01750693848833562,0.25298812587611474,0.000761434832745468,1.0000000000000002,10
2024-09-26,0.04802084643875118,0.047818455938050286,0.046398822732483476,0.03201602068493492,0.22108187196670084,0.00020239050070089182,1.0,11
2024-09-27,0.021125280796019136,0.020948415298445777,0.017820007913720213,0.009370701513067514,0.0837377283614931,0.0001768654975733607,0.9999999999999998,13
2024-09-28,0.0008911002205842086,0.0008241100378950141,0.0037198498232207905,0.0011102729142078438,0.1601773768185113,6.699018268919448e-05,1.0,13
2024-09-29,-0.006023134611123238,-0.0061512765125780475,-0.002946690770719399,-0.003866453163503092,0.12448816846360448,0.00012814190145480904,1.0000000000000002,14
2024-09-30,-0.04249884386092734,-0.04259843439569822,-0.0433569907042591,-0.03445272929976628,0.17807288896666723,9.95905347708836e-05,1.0,14
2024-10-01,-0.06092087991356729,-0.061063338224740624,-0.0568796816562762,-0.039998989086876824,0.15733230347521682,0.0001424583111733338,1.0000000000000002,14
2024-10-02,-0.02838124801261254,-0.028507113855392716,-0.026910388139757085,-0.0025371523344435154,0.5988818342803937,0.00012586584278017346,1.0,13
2024-10-03,-0.021026797222690605,-0.02150590269011492,-0.007932938525074675,0.0017254291303903102,0.5575190872169975,0.0004791054674243149,1.0,8
2024-10-04,0.04311914369566087,0.04267312842588727,0.03752273958357372,0.02185511599415091,0.14600897118953526,0.000446015269773598,0.9999999999999999,12
2024-10-05,-0.003688242207399914,-0.0038050493843515424,-0.0021509680325620473,-0.0005043961427393384,0.14150258413195116,0.00011680717695162822,0.9999999999999999,12
2024-10-06,0.0319265230704438,0.03181332100313824,0.026962899865552954,0.012353461855341141,0.16448676633414444,0.00011320206730556094,1.0000000000000002,12
2024-10-07,-0.009801454488642548,-0.009933043901709864,-0.010898952212635855,-0.009533471467272348,0.10163599207373195,0.00013158941306731556,1.0,13
2024-10-08,-0.006390885669415962,-0.006472194463074947,-0.0058371857343903965,-0.0009486949013276513,0.2201411629989749,8.130879365898557e-05,0.9999999999999999,13
2024-10-09,-0.028218019088527314,-0.028394132018926495,-0.025496374005306886,-0.024549465087869704,0.5896336577835206,0.00017611293039917992,1.0,12
2024-10-10,0.0029378166148465445,0.0024661096886197283,0.0030892084658509073,-0.0051677710604821625,0.20225085916066285,0.0004717069262268165,1.0,7
2024-10-11,0.049854332906491654,0.04969253221916312,0.03767172691362267,0.036750412981895186,0.6003265291231323,0.00016180068732853028,0.9999999999999999,6
2024-10-12,0.005338937703485299,0.004858676480186793,0.008043409328325535,0.010670463453262835,0.1327181076088603,0.0004802612232985059,0.9999999999999998,10
2024-10-13,-0.005402573852671663,-0.005508748338758752,-0.009374110337624777,-0.005321641129542809,0.7978005759381344,0.00010617448608708824,0.9999999999999999,10
2024-10-14,0.04937255987849838,0.048734319417747876,0.05585875693378812,0.05132256945439018,0.9339734923911142,0.0006382404607505075,1.0,5
2024-10-15,-0.018467793203085156,-0.019214971996998047,-0.006257511760747696,0.014821788877301234,0.40842174996443315,0.0007471787939128914,1.0,10
2024-10-16,0.00238204177808551,0.0020553043781139637,0.0023496684576669474,0.008172232903417287,0.17577233661696268,0.0003267373999715465,0.9999999999999999,13
2024-10-17,-0.005803610515591938,-0.005944228384885508,-0.009848553598879936,-0.0028183808734761895,0.1891360193811606,0.00014061786929357015,0.9999999999999999,13
2024-10-18,0.023096574523758885,0.02294526570825396,0.023484732084112836,0.014929934793736166,0.1316705665956685,0.0001513088155049285,1.0,13
2024-10-19,0.010165980215044446,0.01006064376176791,0.004475006190936722,-0.0007411435538052791,0.21889984680517866,0.0001053364532765348,1.0000000000000002,12
2024-10-20,0.015515081281263186,0.015339961403819043,0.025343058442211377,0.009699065642047477,0.22330190820511137,0.00017511987744414293,1.0,11
2024-10-21,-0.02445408682767969,-0.024632728354243776,-0.0259605540433793,-0.02392491462631907,0.5828145990703159,0.0001786415265640891,1.0,12
2024-10-22,-0.016035415604099386,-0.01650166728335564,-0.009067195328552729,0.0005581218605643645,0.5879515224308606,0.0004662516792562527,1.0,7
2024-10-23,-0.010910660934387875,-0.011381022152332564,-0.015116427020108267,-0.011263025469391619,0.9991119204160221,0.0004703612179446885,1.0,9
2024-10-24,0.02214836424004795,0.021349074703715134,0.01760126004141307,0.022905688461030804,0.565427789121,0.0007992895363328178,1.0,4
2024-10-25,-0.05729398559505336,-0.05774632782635016,-0.06013969587541427,-0.022163939812655298,0.5786513875785937,0.0004523422312968,1.0,5
2024-10-26,0.033999544480867006,0.03353662337080413,0.0150565842293741,0.006135355850639401,0.39936310340098563,0.000462921110062875,1.0,3
2024-10-27,0.0422940084648852,0.041974517982164415,0.021793859250146264,0.013728571471169682,0.10911441725852156,0.00031949048272078855,1.0,2
2024-10-28,0.06102540531467834,0.06093811378087152,0.021033897066575,0.02864135214714536,0.645147837979678,8.729153380681725e-05,1.0,2
2024-10-29,0.04921797763624115,0.048701859365857414,0.037595178900778604,0.040027166142407866,0.43028490188797186,0.0005161182703837424,1.0,4
2024-10-30,-0.02816050543409905,-0.028504733355609428,-0.013394541767282173,-0.005368472425573478,0.33596197216397894,0.0003442279215103775,0.9999999999999999,6
2024-10-31,-0.03871034884963058,-0.038979118427361764,-0.04457360535524701,-0.02801835547139564,0.07170767664423237,0.0002687695777311832,0.9999999999999998,8
2024-11-01,-0.01142429299710758,-0.011481659138422966,-0.011549299159215107,-0.01175167337628813,0.23151724767649728,5.73661413153859e-05,0.9999999999999999,8
2024-11-02,-0.0037575443787888282,-0.003942758176930026,-0.009389191744650067,-0.0018547963537206558,0.20571716201141427,0.00018521379814119784,1.0000000000000002,9
2024-11-03,-0.029326299695084643,-0.029490873424693774,-0.029459819334802344,-0.00870880221893544,0.43038772929983277,0.0001645737296091314,1.0,8
2024-11-04,-0.0026081630149801774,-0.0029524731984200436,-0.021193865039837143,-0.013498636611525172,0.49759467447180533,0.00034431018343986623,1.0,5
2024-11-05,0.05585008645304759,0.05545201071347015,0.039804894527819004,0.02238985292101492,0.2659377557425794,0.0003980757395774443,0.9999999999999999,3
2024-11-06,0.1263770551048821,0.12616430490028802,0.10578354516573361,0.08978401830631921,0.8073968996821765,0.00021275020459406353,1.0,4
2024-11-07,0.02326547089417668,0.022619553374430938,0.02301930120275352,0.0036980731649551846,0.306743389195031,0.0006459175197457412,1.0000000000000002,10
2024-11-08,0.03387485096952194,0.033629456258165914,0.02640360767321306,0.008209925203732205,0.20802087979693115,0.00024539471135602483,1.0,10
2024-11-09,0.04253934828090075,0.042372931577063205,0.046211848009526525,0.0025221554819292447,0.1249977817068937,0.00016641670383754493,0.9999999999999999,12
2024-11-10,0.08661824365987637,0.08651824543451085,0.07281830808735287,0.04871072877635618,0.10082917918515492,9.999822536551496e-05,1.0,12
2024-11-11,0.08252524159830935,0.08244457825496122,0.09056607397268104,0.10345603780624302,0.12466444099798508,8.066334334812395e-05,1.0,12
2024-11-12,-0.0210236526414683,-0.021123384194266688,-0.020625034516211418,-0.008530478795522045,0.14448959104556366,9.973155279838808e-05,1.0,13
2024-11-13,0.000656570250464999,0.0005409785776285481,0.015591826404684999,0.027750875278497844,0.29484511461213136,0.00011559167283645094,0.9999999999999999,13
2024-11-14,-0.014917381974353296,-0.015153258066043002,-0.019093010933729664,-0.03351940477783699,0.24797501398460736,0.0002358760916897051,1.0,12
2024-11-15,0.09010563664545022,0.08990725663426254,0.06441699727709196,0.042249781707363265,0.3289070509318528,0.0001983800111876859,1.0,9
2024-11-16,0.06538315700345812,0.06512003136271263,0.050647995502416616,-0.004735678224225048,0.2515940040969964,0.00026312564074548224,0.9999999999999999,13
2024-11-17,-0.034380350884389635,-0.03458162608766723,-0.02662802698798446,-0.008201378369940282,0.2432022057293215,0.00020127520327759712,1.0,12
2024-11-18,0.037906139721536496,0.03771157795695304,0.0303971559664274,0.00675751585930584,0.16348819682164775,0.0001945617645834572,1.0,12
2024-11-19,-0.010244539817317143,-0.010375330374774462,-0.01492184944715737,0.02020276795046594,0.21461226614235313,0.00013079055745731822,1.0000000000000002,12
2024-11-20,0.001544464999393248,0.0013727751864793655,-0.0164986626142811,0.02114128957426109,0.11024391402378525,0.00017168981291388252,0.9999999999999998,12
2024-11-21,0.06912087338203474,0.0690326782508157,0.06584368326782417,0.04325895129815027,0.22290467735022948,8.81951312190282e-05,0.9999999999999999,12
2024-11-22,0.09166296597789075,0.09148464223601056,0.07097493365132203,0.005638081141198015,0.2383585533580143,0.0001783237418801836,0.9999999999999999,12
2024-11-23,0.02512861420655732,0.024937927363870908,0.025722067253454946,-0.01208939622771199,0.10536371507204464,0.00019068684268641145,1.0000000000000002,13
2024-11-24,0.00638728017820234,0.006302989206144705,0.0075895282075109805,0.0024036715084598814,0.16029145534692246,8.429097205763571e-05,1.0000000000000002,13
2024-11-25,-0.04334946930431837,-0.04347770246859591,-0.040443348380604295,-0.049983462705338044,0.16376737922354745,0.00012823316427753797,1.0,13
2024-11-26,-0.0009705700051851724,-0.0011015839085640104,-0.007414656183916409,-0.011203043067136709,0.10346736262372089,0.00013101390337883796,1.0,13
2024-11-27,0.055234001819811404,0.05515122792971243,0.05218221593471574,0.042205400048249686,0.074676051588096,8.277389009897672e-05,1.0,12
2024-11-28,-0.0010673837721594847,-0.0011271246134299615,-0.0021522209750325766,-0.002198003862147191,0.11871713029431841,5.97408412704768e-05,0.9999999999999999,12
2024-11-29,0.0517284799553151,0.051633506251079646,0.04385120080362687,0.019038731629019034,0.18651218978170983,9.497370423545473e-05,1.0,12
2024-11-30,0.031222150845437165,0.0310729410936118,0.01663329064384531,-0.010677189351933958,0.1228022786171376,0.00014920975182536786,1.0,13
2024-12-01,0.03743785047909358,0.03733960865619987,0.03673169962972642,0.008188641421465137,0.09972297695246705,9.824182289371009e-05,0.9999999999999999,13
2024-12-02,0.08265336528707118,0.0825735869055092,0.05499888708761567,-0.01413251001643967,0.10798858616101283,7.977838156197365e-05,0.9999999999999997,14
2024-12-03,-0.006461047435568908,-0.006547438304497719,0.005536116401342527,0.00023777120778389893,0.15687987081319776,8.639086892881027e-05,1.0,13
2024-12-04,0.016579790549926553,0.016454286653275994,0.0159123419115767,0.028739497024917293,0.0592688815441131,0.00012550389665055823,1.0000000000000002,14
2024-12-05,-0.01674412031344074,-0.01679153541867603,-0.011448181892607259,-0.01690790900559247,0.08483275456110478,4.741510523529048e-05,1.0000000000000002,14
2024-12-06,0.048328332414634675,0.04826046621098579,0.044584360585010904,0.028875842126152795,0.1395686254248799,6.786620364888383e-05,1.0000000000000002,14
2024-12-07,-0.007440235437739232,-0.007551890338079136,0.006368240397666448,0.0009689136043686819,0.13737782049326258,0.00011165490033990393,1.0000000000000002,12
2024-12-08,0.011206343675900966,0.011096441419506355,0.008620702238031328,0.013021125294296665,0.052894877734003184,0.00010990225639461007,0.9999999999999999,13
2024-12-09,-0.1423109580586304,-0.1423532739608176,-0.13294676997830046,-0.03805237154150187,0.8894256016534765,4.2315902187202546e-05,1.0000000000000002,13
2024-12-10,0.00817662071908128,0.0074650802377584985,-0.013979379389785797,-0.007670332853616624,1.0641431100104173,0.0007115404813227812,1.0,6
2024-12-11,0.030711188301950416,0.029859873813942082,0.06140412295795328,0.04671623065265473,0.4054512900668785,0.0008513144880083339,0.9999999999999999,2
2024-12-12,0.045021654458766186,0.044697293426712685,0.020017615594120648,-0.011204041327079195,0.7151648199609437,0.0003243610320535028,1.0,3
2024-12-13,0.013057689062649381,0.012485557206680627,0.009072499832033596,0.013897445950487253,0.36140284727870486,0.000572131855968755,1.0,5
2024-12-14,-0.022567287992704237,-0.022856410270527202,-0.02683297397700288,8.976846640940117e-05,0.5699987802876489,0.0002891222778229639,1.0,7
2024-12-15,0.019490751383314492,0.019034752359084372,0.021935166211323076,0.030374527771475757,0.31054036341079505,0.00045599902423011917,1.0,6
2024-12-16,-0.01066388096138272,-0.010912313252111356,-0.01618821195199151,0.014960693238777578,0.9915024937449085,0.000248432290728636,0.9999999999999999,6
2024-12-17,-0.027689387406261923,-0.02848258940125785,-0.006834388341237603,0.00048479955330549274,0.6752427440486326,0.0007932019949959268,1.0,2
2024-12-18,-0.08633113415117463,-0.08687132834641353,-0.09433332633130208,-0.05555995497508359,1.0,0.0005401941952389061,1.0,4
2024-12-19,0.0,-0.0008,-0.07534223154240986,-0.027417347184249485,0.0,0.0008,0.0,0
2024-12-20,0.0,0.0,0.022824292190452393,0.003386894156478526,0.0,0.0,0.0,0
2024-12-21,0.0,0.0,-0.03627000397420491,-0.0051409306455109105,0.0,0.0,0.0,0
2024-12-22,0.0,0.0,-0.013691858312970238,-0.021676547215864872,0.0,0.0,0.0,0
2024-12-23,0.0,0.0,0.05523477231370066,-0.0030729295296546555,0.0,0.0,0.0,0
2024-12-24,0.0,0.0,0.02731767071946632,0.039701205235865844,0.0,0.0,0.0,0
2024-12-25,0.0,0.0,-0.011657844045370696,0.0076297410856234205,0.0,0.0,0.0,0
2024-12-26,0.0,0.0,-0.057692358800174204,-0.0365134931983091,0.0,0.0,0.0,0
2024-12-27,0.0,0.0,-0.007478746228114024,-0.01558312706916909,0.0,0.0,0.0,0
2024-12-28,0.0,0.0,0.031196319125928653,0.010611199579031894,0.0,0.0,0.0,0
2024-12-29,0.0,0.0,-0.03491759033783139,-0.016366940271323238,0.0,0.0,0.0,0
2024-12-30,0.0,0.0,-0.0014386790796432982,-0.010039487726787644,0.0,0.0,0.0,0
2024-12-31,0.0,0.0,-0.002273893160425763,0.008512354017332857,0.0,0.0,0.0,0
2025-01-01,0.0,0.0,0.04286969190989589,0.011031663653982005,0.0,0.0,0.0,0
2025-01-02,0.0,0.0,0.03389823919928247,0.025233424507485225,0.0,0.0,0.0,0
2025-01-03,0.0,0.0,0.059244450449353274,0.0121504627839224,0.0,0.0,0.0,0
2025-01-04,0.0,0.0,0.0018913070481892866,0.00028019566827675035,0.0,0.0,0.0,0
2025-01-05,0.0,0.0,0.0016616682292563728,0.001701075242530603,0.0,0.0,0.0,0
2025-01-06,0.0,0.0,0.01371499259303764,0.03905015446379001,0.0,0.0,0.0,0
2025-01-07,0.0,0.0,-0.08901575385699903,-0.05147856144622642,0.0,0.0,0.0,0
2025-01-08,0.0,0.0,-0.024825278271731383,-0.019667706352539116,0.0,0.0,0.0,0
2025-01-09,0.0,0.0,-0.037259458850768847,-0.02639818721642384,0.0,0.0,0.0,0
2025-01-10,0.0,0.0,0.025309864078474735,0.023453639173285135,0.0,0.0,0.0,0
2025-01-11,0.0,0.0,0.01507834631230176,-0.0011935506017924924,0.0,0.0,0.0,0
2025-01-12,0.0,0.0,-0.013042522954247793,-0.0006619960343688946,0.0,0.0,0.0,0
2025-01-13,0.0,0.0,-0.024396862792302083,-0.00015449751798668476,0.0,0.0,0.0,0
2025-01-14,0.0,0.0,0.04088141773618056,0.021480590102375574,0.0,0.0,0.0,0
2025-01-15,0.0,0.0,0.08693056236782366,0.04087555393001496,0.0,0.0,0.0,0
2025-01-16,0.0,0.0,0.0047349126745874215,-0.005202070475811338,0.0,0.0,0.0,0
2025-01-17,0.0,0.0,0.05783833280292948,0.04107671402297841,0.0,0.0,0.0,0
2025-01-18,0.0,0.0,-0.024395209620079888,0.004630799913496908,0.5570197742514557,0.0,0.0,0
2025-01-19,-0.019949772747150214,-0.02039538856655138,-0.06929384902719536,-0.03073735007074918,0.5570197742514557,0.00044561581940116455,0.5570197742514557,1
2025-01-20,0.0,-0.00044561581940116455,0.005104504224444132,0.009239819763797952,0.5008939639264902,0.00044561581940116455,0.0,0
2025-01-21,0.01733218602697399,0.016931470855832798,0.028766942744989168,0.03781898059220934,0.1580346328461929,0.0004007151711411922,0.5008939639264902,1
2025-01-22,0.018536151687363972,0.018409723981087017,-0.01961060040630033,-0.02308449834848214,0.09497640870816859,0.00012642770627695432,0.6589285967726831,1
2025-01-23,-0.00940285614767499,-0.009478837274641525,-0.004011672211009597,0.0019215761554780553,0.5639521880645145,7.598112696653488e-05,0.5639521880645145,1
2025-01-24,0.0,-0.00045116175045161166,-0.011126815650214545,0.009088799691134852,0.0,0.00045116175045161166,0.0,0
2025-01-25,0.0,0.0,0.008232192759369816,-0.0010123263373728042,0.5919988583616398,0.0,0.0,0
2025-01-26,-0.036953736477006255,-0.03742733556369557,-0.03431925390546415,-0.020457106836545558,0.5919988583616398,0.0004735990866893119,0.5919988583616398,1
2025-01-27,0.0,-0.0004735990866893119,-0.014959482623550346,-0.005253505018033344,0.0,0.0004735990866893119,0.0,0
2025-01-28,0.0,0.0,-0.0443013390097906,-0.007270050469852851,0.0,0.0,0.0,0
2025-01-29,0.0,0.0,0.02942535593828772,0.023880426068033422,0.0,0.0,0.0,0
2025-01-30,0.0,0.0,0.03633863758499615,0.009437965172008678,0.0,0.0,0.0,0
2025-01-31,0.0,0.0,-0.007649397659506452,-0.021945625061498775,0.0,0.0,0.0,0
2025-02-01,0.0,0.0,-0.06576762614000854,-0.01734816570081754,0.0,0.0,0.0,0
2025-02-02,0.0,0.0,-0.09478886869684391,-0.02921466031036668,0.0,0.0,0.0,0
2025-02-03,0.0,0.0,0.01079123595231844,0.037159868734289336,0.0,0.0,0.0,0
2025-02-04,0.0,0.0,-0.06495495213804063,-0.035380285249724364,0.0,0.0,0.0,0
2025-02-05,0.0,0.0,-0.018907172652716336,-0.011838104429540919,0.0,0.0,0.0,0
2025-02-06,0.0,0.0,-0.0343358963807073,-0.00039460111109723695,0.0,0.0,0.0,0
2025-02-07,0.0,0.0,0.0020392978099034098,-0.0006278810258706358,0.0,0.0,0.0,0
2025-02-08,0.0,0.0,0.02053716121494444,-0.00044165902057458073,0.0,0.0,0.0,0
2025-02-09,0.0,0.0,-0.010689251712684724,0.00012135431414606046,0.0,0.0,0.0,0
2025-02-10,0.0,0.0,0.027040368963476297,0.009910436864004168,0.0,0.0,0.0,0
2025-02-11,0.0,0.0,-0.002157293587858996,-0.01692147809799216,0.0,0.0,0.0,0
2025-02-12,0.0,0.0,0.03307058530137914,0.021778643162013722,0.0,0.0,0.0,0
2025-02-13,0.0,0.0,-0.01276652257167977,-0.012837328747867138,0.0,0.0,0.0,0
2025-02-14,0.0,0.0,0.039526717243940364,0.009160050786759744,0.0,0.0,0.0,0
2025-02-15,0.0,0.0,-0.013298721923938763,0.0009533573263302841,0.0,0.0,0.0,0
2025-02-16,0.0,0.0,-0.018197842356944112,-0.01508130164653776,0.0,0.0,0.0,0
2025-02-17,0.0,0.0,-0.008736265040553701,-0.0033705642936701086,0.0,0.0,0.0,0
2025-02-18,0.0,0.0,-0.0316417053015011,-0.0012658862457072262,0.0,0.0,0.0,0
2025-02-19,0.0,0.0,0.0170160848281953,0.010206856162807698,0.0,0.0,0.0,0
2025-02-20,0.0,0.0,0.025720414790968087,0.01713182467545904,0.0,0.0,0.0,0
2025-02-21,0.0,0.0,-0.03480850968412781,-0.021627860348142347,0.0,0.0,0.0,0
2025-02-22,0.0,0.0,0.028062327250196147,0.003905213782887218,0.0,0.0,0.0,0
2025-02-23,0.0,0.0,-0.008241267428889325,-0.0029522306491074346,0.0,0.0,0.0,0
2025-02-24,0.0,0.0,-0.1144796458383804,-0.04888773872772767,0.0,0.0,0.0,0
2025-02-25,0.0,0.0,0.002837821810142011,-0.03142015746138582,0.0,0.0,0.0,0
2025-02-26,0.0,0.0,-0.013548818594956926,-0.04998471329244103,0.0,0.0,0.0,0
2025-02-27,0.0,0.0,0.00856280964759549,0.005457881330269476,0.0,0.0,0.0,0
2025-02-28,0.0,0.0,0.004798004271773055,-0.004352288524249404,0.0,0.0,0.0,0
2025-03-01,0.0,0.0,0.0047790598290802155,0.02026225509966828,0.0,0.0,0.0,0
2025-03-02,0.0,0.0,0.1840836669182123,0.09551586660264144,0.0,0.0,0.0,0
2025-03-03,0.0,0.0,-0.14874398792693097,-0.08522459532087778,0.0,0.0,0.0,0
2025-03-04,0.0,0.0,-0.00526901699327359,0.012219132246698461,0.0,0.0,0.0,0
2025-03-05,0.0,0.0,0.052026320513569466,0.03805565648357123,0.9999999999999999,0.0,0.0,0
2025-03-06,-0.003815820130337728,-0.004615820130337728,-0.007583275467033674,-0.007489557350929377,0.39231191144408684,0.0007999999999999999,0.9999999999999999,2
2025-03-07,-0.027818940749461927,-0.028132790278617197,-0.03566540433378457,-0.034865688113403626,0.03088063477191319,0.00031384952915526946,1.0,3
2025-03-08,-0.00485971878470197,-0.0048844232925195005,-0.009909537350967603,-0.006559943195571849,0.46289356823142863,2.4704507817530552e-05,0.9999999999999998,3
2025-03-09,-0.1087051890003253,-0.10907550385491045,-0.09689032992494788,-0.06376885920586828,0.7067560091334861,0.00037031485458514295,0.9999999999999999,5
2025-03-10,-0.05314827637844345,-0.05371368118575024,-0.06634454829655474,-0.02628617602442962,0.07799795222158107,0.000565404807306789,1.0,2
2025-03-11,0.035713699919248,0.03565130155747073,0.05246838709419507,0.055088725915705794,0.19166856036132618,6.239836177726485e-05,1.0,2
2025-03-12,0.058876416304892834,0.05872308145660377,0.03070465010316476,0.008983545647558433,0.010290674085163654,0.00015333484828906096,1.0,2
2025-03-13,-0.044876324469623335,-0.04488455700889147,-0.024546617340069393,-0.030550916001420347,0.19709751609630222,8.232539268130923e-06,1.0,2
2025-03-14,0.06098292640458457,0.060825248391707526,0.03872215191440108,0.03520239155261007,0.11046663210121682,0.0001576780128770418,1.0,2
2025-03-15,-0.0013891475251934793,-0.0014775208308744528,0.01983562619041253,0.00432571914634039,0.14510007883000708,8.837330568097346e-05,1.0,2
2025-03-16,-0.05773915134683565,-0.057855231409899656,-0.043095716712800665,-0.02089251971165862,0.3403862690230629,0.00011608006306400568,1.0,2
2025-03-17,0.04523636193077463,0.04496405291555618,0.03406020892942691,0.017219196138674064,0.33194599816392345,0.00027230901521845034,1.0,2
2025-03-18,-0.0269062293536667,-0.027171786152197838,-0.017010606521871436,-0.015444916742989867,0.3319459981639235,0.0002655567985311388,1.0,3
2025-03-19,0.05578469669489836,0.055519139896367226,0.05865383943258882,0.050125746829716045,0.7932329482474899,0.0002655567985311388,1.0,2
2025-03-20,-0.023776554344551202,-0.024411140703149193,-0.03050655161741875,-0.030252344781349527,0.23375184781522262,0.0006345863585979919,1.0,5
2025-03-21,-0.02527014756614177,-0.025457149044393945,-0.013711555704000502,-0.0015834438061570477,0.13720608599160883,0.0001870014782521781,1.0,6
2025-03-22,0.016711773338648317,0.01660200846985503,0.006578777888496328,-0.002919680239095057,0.9968128666661623,0.00010976486879328707,1.0,6
2025-03-23,0.015424353161285435,0.014626902867952506,0.01688042346367919,0.026720394630862954,1.0020385107605696,0.0007974502933329299,1.0,2
2025-03-24,0.051834504598783505,0.05103287379017505,0.04079783279552821,0.016493848510416687,0.06681153096506252,0.0008016308086084557,1.0,6
2025-03-25,0.014353792673996085,0.014300343449224035,0.013045268287380467,-0.0010701619191569867,0.16424392305398164,5.344922477205002e-05,0.9999999999999999,6
2025-03-26,-0.026292118838040415,-0.0264235139764836,-0.021052226546656956,-0.005677018832594305,0.39242921710969925,0.00013139513844318533,1.0,6
2025-03-27,-0.0037914248699008174,-0.004105368243588577,0.0006389378009656729,0.0036535756465123637,0.10240132744002622,0.0003139433736877594,1.0,9
2025-03-28,-0.07390138944813665,-0.07398331051008868,-0.06233352375942252,-0.03223261063043048,0.2700547751651662,8.192106195202098e-05,1.0,9
2025-03-29,-0.040991915467882986,-0.04120795928801512,-0.038201506404667344,-0.021048627175850543,0.43336146829085576,0.00021604382013213296,1.0,9
2025-03-30,-0.009032594799748953,-0.009379283974381637,-0.005484671445990559,-0.0030494632871979066,0.24940181358287872,0.00034668917463268463,1.0000000000000002,6
2025-03-31,-0.009128978961309007,-0.009328500412175311,-0.006459929905821758,0.001999931999883353,0.3863999733810647,0.00019952145086630298,0.9999999999999999,6
2025-04-01,0.024170431969774017,0.023861311991069164,0.029179830720471193,0.03154967128184927,1.112608016958533,0.00030911997870485176,1.0,5
2025-04-02,-0.01710277278073217,-0.017992859194298993,-0.061624694447374215,-0.030965368082339184,0.49886825060274526,0.0008900864135668265,0.5011317493972547,1
2025-04-03,0.006232266533529488,0.005833171933047292,0.012555493782738554,0.00844273693066988,0.955750780276056,0.0003990946004821962,1.0,2
2025-04-04,0.004349051185991236,0.003584450561770391,0.014929416471105184,0.008172490277285283,0.955750780276056,0.0007646006242208449,1.0,5
2025-04-05,-0.011616931552518073,-0.012381532176738918,-0.010492278854824582,-0.004235565153413945,0.14798091259620588,0.0007646006242208449,1.0,2
2025-04-06,-0.08251937415817773,-0.0826377588882547,-0.11119716252091731,-0.06126618294950914,1.0,0.00011838473007696471,1.0,2
2025-04-07,0.0,-0.0008,0.006382594779861924,0.009567546880979716,0.0,0.0008,0.0,0
2025-04-08,0.0,0.0,-0.04250176354265538,-0.0359123073035128,1.0,0.0,0.0,0
2025-04-09,0.1022038746749588,0.1014038746749588,0.11987061356086422,0.08244132538379167,1.2776579884738886,0.0008,1.0,2
2025-04-10,-0.03231826908396919,-0.0333403954747483,-0.03872217442414333,-0.03666150046011529,0.8523727499849347,0.0010221263907791108,1.0,10
2025-04-11,0.04334185398511476,0.04265995578512681,0.04555904690457884,0.047990075439729996,0.23144840117162047,0.0006818981999879479,1.0,4
2025-04-12,0.07591806409068928,0.07573290536975198,0.0628670995876328,0.022301965859222284,0.837935161004362,0.00018515872093729637,1.0,5
2025-04-13,-0.03287700406632711,-0.0335473521951306,-0.028995800583568748,-0.01788056472597843,0.633967572699047,0.0006703481288034897,0.9999999999999999,11
2025-04-14,-0.010006139422857802,-0.010513313481017039,-0.0025572148967441216,0.01003658899319948,0.5358197413131991,0.0005071740581592376,1.0,6
2025-04-15,-0.054635241071967766,-0.05506389686501833,-0.033068279818987446,-0.011178668281415671,0.21839453964329358,0.0004286557930505593,1.0,5
2025-04-16,-0.008856305431589148,-0.009031021063303783,-0.001981264718179974,0.0045605301840598855,0.9315222040086861,0.00017471563171463488,1.0,6
2025-04-17,0.012485556234373942,0.011740338471166994,0.012708112764393518,0.011013215859030812,0.8600273227656737,0.000745217763206949,1.0,3
2025-04-18,0.011456994147940599,0.01076897228972806,0.009957582081287957,-0.005817582288170531,0.8765523544608557,0.000688021858212539,1.0000000000000002,6
2025-04-19,0.03187385780699947,0.031172615923430787,0.023536237290195716,0.007414032053635777,0.8024894929942633,0.0007012418835686846,1.0,3
2025-04-20,-0.004786654750704226,-0.005428646345099637,0.0023292873974795703,0.001080580244547491,0.3635088641318499,0.0006419915943954107,1.0000000000000002,6
2025-04-21,0.006963004689885511,0.0066721975985800305,0.003836124285730713,0.027334188407635462,0.39906593835168525,0.00029080709130547996,1.0,8
2025-04-22,0.10392642727951676,0.10360717452883542,0.08536103671900673,0.06789952667322163,0.7005446457418314,0.0003192527506813482,1.0,6
2025-04-23,0.01989928839426452,0.019338852677671055,0.017069936801533465,0.0024324205689423284,0.14361226509768577,0.0005604357165934651,1.0,12
2025-04-24,0.010705775534562739,0.01059088572248459,0.00979939021754807,0.0031986893383786352,0.11167894863803271,0.00011488981207814861,1.0,11
2025-04-25,0.027845493198289484,0.02775615003937906,0.01465591186311932,0.007028518624190294,0.12094440535388737,8.934315891042617e-05,1.0,11
2025-04-26,0.0012402990545352993,0.0011435435302521893,0.0006761084209366196,-0.00017020502834286244,0.0810824783244093,9.67555242831099e-05,0.9999999999999998,11
2025-04-27,-0.029489548636975248,-0.029554414619634775,-0.02072002487197142,-0.00928991273656965,0.1279073879703848,6.486598265952745e-05,0.9999999999999998,11
2025-04-28,0.014521651273294238,0.01441932536291793,0.014693267890388884,0.013574593023690129,0.20004178903916892,0.00010232591037630785,1.0,12
2025-04-29,-0.014599563070490004,-0.01475959650172134,-0.013875316618097013,-0.008096326169592105,0.0571188949955366,0.00016003343123133514,1.0,14
2025-04-30,-0.0028200242339915136,-0.002865719349987943,-0.0061878985303624135,-0.0007961774987500503,0.0726438781238654,4.569511599642928e-05,1.0,14
2025-05-01,0.019320268925860088,0.019262153823360995,0.02225578815032036,0.02441644152303679,0.0998851992862725,5.8115102499092325e-05,0.9999999999999999,14
2025-05-02,0.00447250522347489,0.004392597064045873,0.002328672456253622,0.004230305330765516,0.1251936653645036,7.990815942901801e-05,1.0,13
2025-05-03,-0.032569245350971256,-0.03266940028326286,-0.029141724921989336,-0.010615380166723032,0.07883357630237674,0.00010015493229160289,1.0,14
2025-05-04,-0.023571138159893867,-0.02363420502093577,-0.023302395141769343,-0.016420102439060114,0.13934569391225848,6.306686104190139e-05,1.0000000000000002,14
2025-05-05,-0.0030685714957486565,-0.0031800480508784633,-0.0033004353412250465,0.004950642150817863,0.1292101081361485,0.00011147655512980679,0.9999999999999998,13
2025-05-06,0.017195154177748063,0.017091786091239146,0.020827444782789212,0.022199295223592763,0.23502056892641932,0.0001033680865089188,1.0,14
2025-05-07,-0.0028350533899476056,-0.003023069845088741,-0.002974032826874299,0.001957666874313757,0.05340636765365644,0.00018801645514113547,0.9999999999999998,14
2025-05-08,0.12912511993202846,0.12908239483790554,0.12954514631314248,0.06433449773374966,0.09262425010811082,4.2725094122925154e-05,0.9999999999999998,14
2025-05-09,0.03562070753553647,0.035546608135449985,0.035514254662534675,-0.002772500898495789,0.0755718708031419,7.409940008648866e-05,0.9999999999999998,14
2025-05-10,0.09286713889832135,0.09280668140167883,0.09093135836112674,0.017941188184791734,0.06736624807591862,6.045749664251352e-05,1.0,14
2025-05-11,-0.03738619366519117,-0.03744008666365191,-0.037570953560546065,-0.006833745591131923,0.09556585122996429,5.38929984607349e-05,1.0,14
2025-05-12,0.028894965718330272,0.0288185130373463,0.027361418940531314,-0.012812197627235511,0.09262073040867695,7.645268098397144e-05,1.0000000000000002,14
2025-05-13,0.026028879831770182,0.02595478324744324,0.02502792614994857,0.013069000859456947,0.07327670127278742,7.409658432694156e-05,1.0,14
2025-05-14,-0.02968719225363676,-0.02974581361465499,-0.02915411013744242,-0.005994312176937355,0.07655538793454617,5.862136101822994e-05,1.0,14
2025-05-15,-0.0450067341396673,-0.04506797845001494,-0.042989910552149645,0.0024782979776354352,0.07173333780903814,6.124431034763694e-05,1.0,14
2025-05-16,-0.006374360712588052,-0.006431747382835282,-0.006666681850654317,-0.0029147322698369615,0.04844265527222466,5.7386670247230515e-05,1.0,14
2025-05-17,-0.02749639288514108,-0.02753514700935886,-0.025703622741153096,-0.0032162549486423053,0.0542921067439013,3.875412421777973e-05,0.9999999999999999,14
2025-05-18,0.05007017923933442,0.0500267455539393,0.04771491394962384,0.03228572869898594,0.05655096873336026,4.3433685395121045e-05,0.9999999999999999,14
2025-05-19,-0.023935305101962144,-0.023980545876948832,-0.024215532606243515,-0.008232494671433277,0.10689936623706253,4.5240774986688214e-05,0.9999999999999998,14
2025-05-20,-0.0012941479457300017,-0.0013796674387196518,-9.570746515668345e-05,0.012020096350287446,0.0804826002726738,8.551949298965003e-05,0.9999999999999998,14
2025-05-21,0.03547385719196469,0.035409471111746554,0.034752631188534,0.026305218815338094,0.07735278800388577,6.438608021813905e-05,0.9999999999999998,14
2025-05-22,0.04681912859932748,0.04675724636892437,0.04914881543346873,0.018731952978528366,0.06401046749172973,6.188223040310862e-05,1.0,14
2025-05-23,-0.06231298028419714,-0.062364188658190524,-0.06239854467956211,-0.039325576042850474,0.5040407114478211,5.120837399338378e-05,1.0,14
2025-05-24,0.002363474929180101,0.001960242360021844,0.000731121537081563,0.003984282871032807,0.2016636510144832,0.00040323256915825693,0.9999999999999998,10
2025-05-25,0.0021201770684304197,0.001958846147618833,0.004984286674017576,0.011671428398990047,0.22307186491581849,0.00016133092081158657,1.0,10
2025-05-26,0.00221539910726427,0.002036941615331615,-0.0025798942137312503,0.003954811074939668,0.20444372152752804,0.0001784574919326548,1.0000000000000002,9
2025-05-27,0.00961660164619102,0.009453046668968998,0.010503114013090358,-0.0045480807556305125,0.38955222063393635,0.00016355497722202243,0.9999999999999998,9
2025-05-28,-0.001633276345956975,-0.001944918122464124,-0.003114362109796955,-0.01070995956443832,0.20053639026465175,0.0003116417765071491,1.0,11
2025-05-29,-0.030078469260101527,-0.03023889837231325,-0.032635490860870545,-0.020266776578097057,0.3569747639055506,0.0001604291122117214,0.9999999999999999,11
2025-05-30,-0.06642490482163564,-0.06671048463276008,-0.06883249424523406,-0.015064444821342393,0.9599848312404207,0.0002855798111244405,1.0,8
2025-05-31,0.0021952981911757784,0.0014273103261834418,0.005550342165531479,0.005721019721019793,0.44419225206552715,0.0007679878649923366,1.0,3
2025-06-01,-0.0019543114882477927,-0.0023096652899002143,0.004715149129747568,0.00993450648382943,0.3829348339914268,0.00035535380165242173,1.0,3
2025-06-02,0.017904883724809854,0.017598535857616712,0.015117630779309174,0.0021878459945843254,0.619685160281349,0.00030634786719314146,1.0,2
2025-06-03,-0.0007761540796809713,-0.0012719022079060506,-0.000633366180355001,-0.004575941059006161,0.08748722961573782,0.0004957481282250793,1.0,4
2025-06-04,-0.014974543664159188,-0.015044533447851777,-0.022806132734868922,-0.0065346942611845815,0.671707915430032,6.998978369259026e-05,1.0,4
2025-06-05,-0.06022897905471007,-0.060766345387054096,-0.06057369665783447,-0.030419966017404154,0.7822513940137614,0.0005373663323440256,1.0000000000000002,2
2025-06-06,0.02100579651156655,0.02037999539635554,0.03045019305029015,0.02741413739200027,0.09049094478759678,0.0006258011152110092,0.8112177721312253,1
2025-06-07,0.017492285057826157,0.01741989230199608,0.02793602143368152,0.012159439754412915,0.901708716918822,7.239275583007743e-05,0.901708716918822,1
2025-06-08,0.0,-0.0007213669735350577,0.005205388586145625,0.001601781863848517,0.0,0.0007213669735350577,0.0,0
2025-06-09,0.0,0.0,0.05288108348467811,0.04306917810487665,0.0,0.0,0.0,0
2025-06-10,0.0,0.0,0.02699244207264864,6.804084991185455e-05,0.0,0.0,0.0,0
2025-06-11,0.0,0.0,-0.026841222453479436,-0.0148355247044053,0.0,0.0,0.0,0
2025-06-12,0.0,0.0,-0.05084459200500822,-0.027536832412523027,0.0,0.0,0.0,0
2025-06-13,0.0,0.0,-0.015937789748907274,0.003956083496276408,0.0,0.0,0.0,0
2025-06-14,0.0,0.0,-0.018162974662771027,-0.006294605257325281,0.0,0.0,0.0,0
2025-06-15,0.0,0.0,0.014605147277628683,0.0016581260992085678,0.7013094350200207,0.0,0.0,0
2025-06-16,0.005044514483595791,0.004483466935579774,0.0043587409609206805,0.011517549694602502,0.1379156099322577,0.0005610475480160166,0.7013094350200207,1
2025-06-17,-0.0017925968639483523,-0.0019029293518941586,-0.029390722892731005,-0.021003259013340547,0.3389805536109025,0.00011033248794580617,0.8392250449522785,1
2025-06-18,-0.0033097972788700574,-0.0035809817217587795,0.002785601439215262,0.0031078960462356253,0.27106432482765097,0.000271184442888722,0.5002444913413759,1
2025-06-19,0.06305717766647506,0.06284032620661294,0.003657825064199649,-0.0021529521294861853,0.2286911838309731,0.0002168514598621208,0.7713088161690269,1
2025-06-20,-0.047163926839574266,-0.04734687978663905,-0.035938226774476986,-0.013010589147390617,0.45859207757782194,0.00018295294706477847,1.0,1
2025-06-21,-0.007488590205607149,-0.007855463867669407,-0.035717175347601944,-0.011296310465964354,0.5414079224221781,0.0003668736620622576,0.5414079224221781,1
2025-06-22,0.0,-0.00043312633793774245,-0.02459572194071353,-0.011511582115168784,0.0,0.00043312633793774245,0.0,0
2025-06-23,0.0,0.0,0.08394808340598327,0.04346873832437925,0.0,0.0,0.0,0
2025-06-24,0.0,0.0,0.01486054672526499,0.00706613771940412,0.0,0.0,0.0,0
2025-06-25,0.0,0.0,-0.01286892894757556,0.011742360298354626,0.5860918972551634,0.0,0.0,0
2025-06-26,0.007371995972354527,0.006903122454550396,-0.019373115892896198,-0.003414429530201324,0.11440149644741127,0.00046887351780413076,0.5860918972551634,1
2025-06-27,0.02257806395337264,0.02248654275621471,0.013631463562751895,0.0009072738105593281,0.04170086826955899,9.152119715792901e-05,0.7004933937025747,1
2025-06-28,-0.020085153996668496,-0.02011851469128414,0.02037404204178959,0.002152121236474569,0.07828895506445976,3.336069461564719e-05,0.7421942619721337,1
2025-06-29,0.022537165085386144,0.022474533921334576,0.0275758163186787,0.009966337501515321,0.17951678296340656,6.263116405156781e-05,0.8204832170365934,1
2025-06-30,0.0024393629891119595,0.0022957495627412344,-0.014236092587981317,-0.011286144005436372,0.033028182722233956,0.00014361342637072525,1.0,1
2025-07-01,-0.010693966799712523,-0.01072038934589031,-0.03986824927518896,-0.013535672730872195,0.033028182722233956,2.6422546177787166e-05,0.966971817277766,1
2025-07-02,0.021145497829435644,0.021119075283257856,0.061932139557131984,0.029933385650415367,0.0,2.6422546177787166e-05,1.0,1
2025-07-03,-0.02819136431314162,-0.02819136431314162,0.00914223927042973,0.00684926470588243,0.0,0.0,1.0,1
2025-07-04,-0.02501763935087198,-0.02501763935087198,-0.038533020027786344,-0.014695303856307795,0.21458294439864523,0.0,1.0,1
2025-07-05,0.00859080354009421,0.008419137184575294,0.0040042152855208945,0.002019726614252537,0.4809585979919273,0.00017166635551891618,0.7854170556013548,1
2025-07-06,0.011470192631648193,0.01108542575325465,0.019401230854476186,0.009175855775223063,0.011251474142893347,0.00038476687839354186,1.0,2
2025-07-07,0.0065255588449476916,0.006516557665633377,-0.011149184271249033,-0.008629741135252167,0.014947585690070542,9.001179314314679e-06,1.0,2
2025-07-08,0.012175304299758011,0.012163346231205956,0.018210803375907653,0.006184619962866567,0.6749710990047598,1.1958068552056435e-05,1.0,2
2025-07-09,0.025737775480762386,0.025197798601558578,0.04673484241297291,0.02137167032076781,0.08753648447493068,0.0005399768792038079,0.9532304967812234,1
2025-07-10,0.006683140940896454,0.0066131117533165095,0.059039662976002556,0.042979355197261926,1.191574870504124,7.002918757994454e-05,0.8656940123062927,1
2025-07-11,0.057297844913971864,0.05634458501756857,0.006140602453039522,0.013112696069640162,0.07969894506296171,0.0009532598964032993,1.0,2
2025-07-12,-0.01674080986542749,-0.01680456902147786,-0.010283607944241244,-0.0009421276595744654,1.076586476111706,6.375915605036937e-05,1.0,2
2025-07-13,0.024740355517877184,0.02387908633698782,0.019233088481308242,0.014047276881283155,0.49532946344105705,0.0008612691808893649,1.0,8
2025-07-14,0.0159512059960667,0.015554942425313856,0.00815907689151454,0.006537391747025945,0.14181186706649068,0.00039626357075284564,1.0000000000000002,10
2025-07-15,0.01180059596401908,0.011687146470365888,0.018009641498414934,-0.017343187290565165,0.1527848783633409,0.00011344949365319255,0.9999999999999997,11
2025-07-16,0.02960308342059101,0.029480855517900337,0.02763731853495572,0.007238074206822764,0.2245139082243018,0.00012222790269067273,1.0,11
2025-07-17,0.06264454609178359,0.062464934965204146,0.03787829630668265,0.004940522317517404,0.1580577331682176,0.00017961112657944147,1.0,11
2025-07-18,0.002589675200359458,0.002463229013824884,0.003505223053380952,-0.010742041642403,0.09904036867871989,0.00012644618653457408,1.0,12
2025-07-19,0.025143849366682167,0.025064617071739192,0.026001047117136362,-0.0006955259024024052,0.07504312355695296,7.923229494297592e-05,1.0000000000000002,12
2025-07-20,0.03729151509247696,0.0372314805936314,0.04452312363513005,-0.00507917538093805,0.13580619921942003,6.003449884556237e-05,1.0,12
2025-07-21,0.013399174418019242,0.013290529458643707,0.011974880399794607,0.0009742697242696163,0.10059413497712828,0.00010864495937553603,1.0000000000000002,14
2025-07-22,0.014435647461911174,0.014355172153929471,0.015645818534501865,0.02270089030786626,0.09601352403534172,8.047530798170263e-05,0.9999999999999999,13
2025-07-23,-0.07347625268580553,-0.07355306350503381,-0.06925980611804279,-0.01066889345023947,0.22046896225953774,7.681081922827337e-05,0.9999999999999998,14
2025-07-24,-0.010433710944247616,-0.010610086114055247,-0.01838899371851177,-0.00353119063964924,0.08788889976863085,0.00017637516980763021,1.0000000000000002,12
2025-07-25,0.01585882990494406,0.015788518785129154,0.023157470937116446,-0.00600874260213724,0.13507013738235019,7.031111981490469e-05,1.0,12
2025-07-26,0.007853500392099581,0.007745444282193701,0.004872253301282714,0.002599854571432081,0.06472360720192152,0.00010805610990588016,0.9999999999999999,11
2025-07-27,0.03383962811523934,0.03378784922947781,0.0333592731214701,0.013013914760639622,0.08301782551533687,5.177888576153722e-05,1.0,11
2025-07-28,-0.04142700281400645,-0.04149341707441872,-0.043616433922627644,-0.011572271430892123,0.16560684054145233,6.64142604122695e-05,1.0,12
2025-07-29,-0.013271432975872327,-0.013403918448305489,-0.013655577709238087,-0.001223299621996965,0.22085456518909538,0.00013248547243316188,0.9999999999999998,11
2025-07-30,-0.013157684551982778,-0.013334368204134054,-0.010193273329425625,-0.001068729484210773,0.12089136833630365,0.0001766836521512763,0.9999999999999998,9
2025-07-31,-0.03359301683026966,-0.033689729924938704,-0.035737565504254,-0.017607900077268535,0.04575250918239626,9.671309466904293e-05,0.9999999999999999,9
2025-08-01,-0.037333254913460685,-0.037369856920806604,-0.037617294400268265,-0.021197556036312015,0.531253007912317,3.660200734591701e-05,1.0,9
2025-08-02,-0.029918661688065142,-0.030343664094394995,-0.027246445208463914,-0.006499194665008923,1.0,0.0004250024063298536,1.0,6
2025-08-03,0.0,-0.0008,0.036485285355220345,0.014594413948064489,1.0000000000000002,0.0008,0.0,0
2025-08-04,0.06411271496770776,0.06331271496770777,0.04850260191898697,0.007457678789811295,0.4586482537816633,0.0008000000000000003,1.0,6
2025-08-05,-0.03311472977676513,-0.03348164837979046,-0.034656783929688496,-0.008108547583044134,0.8626244683900797,0.00036691860302533066,1.0,9
2025-08-06,0.008535485262990672,0.007845385688278608,0.018047402490795356,0.007639195719104874,0.5914097827595661,0.0006900995747120638,0.9999999999999999,4
2025-08-07,0.05901484256190115,0.058541714735693494,0.05589263730821491,0.02156671683733391,0.3161732892438132,0.0004731278262076529,0.9999999999999999,7
2025-08-08,0.019483747241192777,0.019230808609797725,0.017431032735635517,-0.00674246869568107,0.09922823873538385,0.0002529386313950506,1.0,9
2025-08-09,0.02770530827384055,0.027625925682852243,0.020910104083476672,-0.0017671540845181077,0.47576201770058335,7.938259098830709e-05,0.9999999999999999,9
2025-08-10,0.004671444899855481,0.004290835285695014,0.00020768786327873823,0.024335585769368562,0.4996770505175727,0.0003806096141604667,0.9999999999999999,6
2025-08-11,-0.02453898840866807,-0.024938730049082126,-0.03409571649402217,-0.005143586909764242,0.08390837505668808,0.0003997416404140582,1.0,4
2025-08-12,0.08689311824786947,0.08682599154782411,0.07231853230888766,0.012129778771243549,0.4885226941556147,6.712670004535047e-05,0.9999999999999999,4
2025-08-13,0.018427541554431867,0.018036723399107377,0.03240169265765821,0.027005937658747037,0.45211872891492405,0.0003908181553244918,1.0,6
2025-08-14,-0.04504638890878377,-0.04540808389191571,-0.056121555171284594,-0.041206124684671774,0.7031987173458306,0.00036169498313193927,0.9999999999999999,9
2025-08-15,-0.013753800237018578,-0.014316359210895243,-0.011936054785146486,-0.008144300427427753,1.2823648210610057,0.0005625589738766645,1.0,5
2025-08-16,-0.017160206269150196,-0.018186098125999,0.010564283072665983,0.0004305963887885067,0.6698862339862057,0.0010258918568488045,0.6698862339862057,1
2025-08-17,0.0,-0.0005359089871889646,0.01947085447251681,0.00020540408779701202,0.7976377542841495,0.0005359089871889646,0.0,0
2025-08-18,0.003919901596778438,0.0032817913933511187,-0.03032659038104454,-0.009971556097885137,0.11086074110734057,0.0006381102034273197,0.7976377542841495,1
2025-08-19,-0.05896179907421316,-0.059050487667099034,-0.05211615826384829,-0.028914580026785264,0.686777013176809,8.868859288587245e-05,0.686777013176809,1
2025-08-20,0.0,-0.0005494216105414472,0.049548093030532855,0.012375890987926352,0.0,0.0005494216105414472,0.0,0
2025-08-21,0.0,0.0,-0.029319467946380913,-0.015393909149408413,0.0,0.0,0.0,0
2025-08-22,0.0,0.0,0.09167598784486929,0.03943814010396385,0.7348468014109213,0.0,0.0,0
2025-08-23,-0.014367900146989718,-0.014955777588118455,-0.00908952098158188,-0.013006266173356984,0.032657031571362904,0.000587877441128737,0.7348468014109213,1
2025-08-24,-0.012266140369780694,-0.012292265995037785,-0.015783816219810873,-0.016734689986141138,0.15520341218513145,2.6125625257090323e-05,0.7021897698395584,1
2025-08-25,-0.05178117744538171,-0.051905340175129815,-0.07965452496048213,-0.02981410588093225,0.5469863576544269,0.00012416272974810516,0.5469863576544269,1
2025-08-26,0.0,-0.00043758908612354157,0.04062175059978322,0.01495402674807389,0.0,0.00043758908612354157,0.0,0
2025-08-27,0.0,0.0,-0.004110287204249584,-0.004610155411472028,0.0,0.0,0.0,0
2025-08-28,0.0,0.0,0.022328195782315405,0.011802699584243515,0.5684792860362687,0.0,0.0,0
2025-08-29,-0.0246980360866007,-0.025152819515429713,-0.0448021628249466,-0.03710781433738086,0.5684792860362687,0.000454783428829015,0.5684792860362687,1
2025-08-30,0.0,-0.000454783428829015,0.006330944736163595,0.003927726146563781,0.53265197088775,0.000454783428829015,0.0,0
2025-08-31,-0.005311007360645967,-0.005737128937356167,-0.013089660008762216,-0.005052506530560108,0.46734802911225015,0.0004261215767102,0.53265197088775,1
2025-09-01,-0.02185827597843961,-0.02223215440172941,-0.009951236401492805,0.009051977480491358,0.049439705518621535,0.00037387842328980014,1.0,2
2025-09-02,0.055539749556597094,0.055500197792182196,0.035657915906930175,0.01831796380368167,0.7410122321361857,3.955176441489723e-05,0.9999999999999999,2
2025-09-03,0.00529731793452326,0.004704508148814311,0.012872185963698728,0.004243263661546148,0.19770247800735208,0.0005928097857089486,1.0,1
2025-09-04,-0.03206904882591076,-0.03222721080831664,-0.031005500196672524,-0.008780241411860068,0.06385345441077461,0.00015816198240588167,0.8022975219926479,1
2025-09-05,0.0039071114686872015,0.0038560287051585818,0.01575050073355938,-0.0005827642723036375,0.1182899862266783,5.108276352861969e-05,0.7384440675818733,1
2025-09-06,-0.009883419693019365,-0.009978051682000708,-0.005676035909257645,-0.004335763084358346,0.620154081355195,9.463198898134264e-05,0.620154081355195,1
2025-09-07,0.0,-0.000496123265084156,0.02244095934849461,0.008541312367605913,0.0,0.000496123265084156,0.0,0
2025-09-08,0.0,0.0,0.02033305434394117,0.008432064532392314,0.0,0.0,0.0,0
2025-09-09,0.0,0.0,0.0026813442857557663,-0.004577163640519077,0.0,0.0,0.0,0
2025-09-10,0.0,0.0,0.030034152279402187,0.02149688026626051,1.0,0.0,0.0,0
2025-09-11,0.005761235579120558,0.0049612355791205575,0.01575098369061484,0.013434969200188274,0.47981724956815125,0.0008,1.0,2
2025-09-12,0.030603000583100174,0.030219146783445654,0.027462107378516627,0.004777045232051469,0.020343367921113686,0.000383853799654521,0.5201827504318487,1
2025-09-13,0.00040192796010877975,0.0003856532657718888,0.01174548900038266,-0.0009975995530201454,1.0622023381242214,1.6274694336890948e-05,0.5405261183529624,1
2025-09-14,-0.030567511301919745,-0.03141727317241912,-0.025991409403522698,-0.0056333919371808205,0.3733222769583382,0.0008497618704993771,1.0,5
2025-09-15,-0.02336937374954188,-0.02366803157110855,-0.01977740298963319,0.000786390070306453,0.8093870485007277,0.00029865782156667057,1.0,4
2025-09-16,0.010288372840203605,0.009640863201403022,0.02224856685815252,0.012547202703194982,0.5681862613354707,0.0006475096388005822,1.0,2
2025-09-17,0.0235485560408315,0.023094007031763123,0.0257906215532033,-0.0029533873588512005,1.033183903986936,0.0004545490090683766,0.7069342184830626,1
2025-09-18,0.027307858229329223,0.026481311106139674,0.019649961200317947,0.005279955327420094,0.5654657476588723,0.0008265471231895488,1.0,4
2025-09-19,-0.04044826646690858,-0.040900639065035674,-0.03392714260810364,-0.0123708415265803,0.7382998903776428,0.0004523725981270978,1.0,6
2025-09-20,-0.0022370787575871657,-0.0028277186698892802,0.0036885888882561358,0.00047936523044578294,0.562357871104767,0.0005906399123021143,1.0,3
2025-09-21,-0.008905767465581041,-0.009355653762464855,-0.009561280947475905,-0.0038140573526982413,1.040481970692314,0.00044988629688381363,1.0,5
2025-09-22,-0.010416803499772632,-0.011249189076326483,-0.05197163314867685,-0.022392018328950436,0.6005318739578906,0.0008323855765538513,1.0,2
2025-09-23,-0.005578441783059747,-0.00605886728222606,-0.010204136948041898,-0.005840786397015352,0.03905797059781835,0.00048042549916631254,0.6868786080588601,1
2025-09-24,-0.02783916850204848,-0.027870414878526734,0.004322926658730654,0.011675167713292911,0.9924814875101903,3.124637647825468e-05,0.7259365786566785,1
2025-09-25,-0.09694797002149066,-0.09774195521149882,-0.06639918659758917,-0.038139933247390845,1.0,0.0007939851900081522,1.0,3
2025-09-26,0.0,-0.0008,0.029405826879325803,0.006003607672500522,0.0,0.0008,0.0,0
2025-09-27,0.0,0.0,-0.006305671069478079,-0.00010220050461495767,0.0,0.0,0.0,0
2025-09-28,0.0,0.0,0.026979613372270967,0.023200973194265728,0.0,0.0,0.0,0
2025-09-29,0.0,0.0,0.004555408255753386,0.01906446330525613,0.9999999999999999,0.0,0.0,0
2025-09-30,-0.0073586437796599544,-0.008158643779659955,-0.012205442225900087,-0.002348212933813376,0.034934031625927786,0.0007999999999999999,0.9999999999999999,2
2025-10-01,0.03226054345714867,0.032232596231847925,0.051839798983824674,0.040035512260853556,0.6006166188526008,2.794722530074223e-05,1.0,2
2025-10-02,0.023269686048451893,0.02278919275336981,0.03194493083568178,0.016270442437268384,0.8614010434986217,0.00048049329508208065,1.0,3
2025-10-03,0.031122735728968915,0.030433614894170017,0.009909741110423396,0.014121693574023375,0.34560006293813433,0.0006891208347988974,1.0,4
2025-10-04,-0.018939656249103105,-0.019216136299453613,-0.023666926373175586,0.0013136065907857208,0.1807141621876358,0.00027648005035050746,1.0,3
2025-10-05,0.007794119803242795,0.007649548473492686,0.003300713549354866,0.008856233938625113,0.07926172085837443,0.00014457132975010864,1.0,3
2025-10-06,0.027389712279263928,0.02732630290257723,0.0296964611764983,0.009736953187600372,0.2348182682917485,6.340937668669955e-05,0.9999999999999999,3
2025-10-07,-0.006418832203559273,-0.006606686818192672,-0.044122435205856,-0.02681569624925273,0.4778380117308313,0.00018785461463339883,1.0,4
2025-10-08,0.006374570487803911,0.005992300078419247,0.021287985834307528,0.01608587930231309,0.3457483405009695,0.00038227040938466504,0.9999999999999999,3
2025-10-09,-0.029118839266618596,-0.029395437939019373,-0.021669474668304396,-0.013455320012171645,0.11825345922635744,0.0002765986724007756,1.0,2
2025-10-10,-0.10039558137801896,-0.10049018414540005,-0.19230514735979987,-0.07291043787881657,1.0,9.460276738108595e-05,1.0,2
2025-10-11,0.0,-0.0008,-0.014094716663404108,-0.01894869267505883,0.0,0.0008,0.0,0
2025-10-12,0.0,0.0,0.09052729744861321,0.03902455346444289,0.0,0.0,0.0,0
2025-10-13,0.0,0.0,0.03606500354129851,0.001893042654820487,0.0,0.0,0.0,0
2025-10-14,0.0,0.0,-0.03677489132721284,-0.018487228514167398,0.0,0.0,0.0,0
2025-10-15,0.0,0.0,-0.04016695065067566,-0.020222368162515325,0.0,0.0,0.0,0
2025-10-16,0.0,0.0,-0.037376823986926246,-0.023212495144490974,0.0,0.0,0.0,0
2025-10-17,0.0,0.0,-0.03112061243643734,-0.01619171104251005,0.0,0.0,0.0,0
2025-10-18,0.0,0.0,0.016345633970454854,0.006945945895133088,0.0,0.0,0.0,0
2025-10-19,0.0,0.0,0.021472761096576237,0.01371111162975236,0.0,0.0,0.0,0
2025-10-20,0.0,0.0,0.01703940844099908,0.017347508246904342,0.0,0.0,0.0,0
2025-10-21,0.0,0.0,-0.025759402513589897,-0.02006157333355052,0.0,0.0,0.0,0
2025-10-22,0.0,0.0,-0.02185473030245083,-0.006666746725516037,0.0,0.0,0.0,0
2025-10-23,0.0,0.0,0.02777039272514043,0.023192166052895757,0.0,0.0,0.0,0
2025-10-24,0.0,0.0,0.02189087130375302,0.008538898568428044,0.0,0.0,0.0,0
2025-10-25,0.0,0.0,0.005465019064546439,0.005623374493310518,0.0,0.0,0.0,0
2025-10-26,0.0,0.0,0.042268136739226754,0.026063407456263787,0.0,0.0,0.0,0
2025-10-27,0.0,0.0,-0.012577236296838332,-0.0037878457053323045,0.0,0.0,0.0,0
2025-10-28,0.0,0.0,-0.028097591421563966,-0.010788670580840098,0.0,0.0,0.0,0
2025-10-29,0.0,0.0,0.0008487628522256581,-0.02523984454971262,0.0,0.0,0.0,0
2025-10-30,0.0,0.0,-0.05268351502840552,-0.015657504255102483,0.0,0.0,0.0,0
2025-10-31,0.0,0.0,0.016431770274166868,0.011950472689318259,0.0,0.0,0.0,0
2025-11-01,0.0,0.0,0.02291972523101555,0.004471632652502278,0.0,0.0,0.0,0
2025-11-02,0.0,0.0,0.0008607870248092477,0.004068254349042899,0.0,0.0,0.0,0
2025-11-03,0.0,0.0,-0.10532823465289114,-0.035756401426672135,0.0,0.0,0.0,0
2025-11-04,0.0,0.0,-0.051766035716421736,-0.0478084171797567,0.0,0.0,0.0,0
2025-11-05,0.0,0.0,0.041729838363077656,0.023525805246509934,0.0,0.0,0.0,0
2025-11-06,0.0,0.0,0.004821789792904953,-0.024378593372304636,0.0,0.0,0.0,0
2025-11-07,0.0,0.0,0.1456443957696074,0.019738296797018107,1.0,0.0,0.0,0
2025-11-08,-0.12388855957320688,-0.12468855957320688,-0.012538166042370815,-0.010027568796149633,0.0,0.0008,1.0,1
2025-11-09,-0.0592016238159675,-0.0592016238159675,0.020337869437407365,0.02348016462418334,1.327493742265913,0.0,1.0,1
2025-11-10,-0.037605918978513175,-0.038667913972325905,0.0007491886320761809,0.012378834171199893,0.17416502568901346,0.0010619949938127304,1.0,5
2025-11-11,-0.0838354792446527,-0.08397481126520391,-0.05973655289532826,-0.027938127499025578,1.381739011875539,0.00013933202055121078,1.0,5
2025-11-12,-0.013920071845532012,-0.015025463055032443,-0.010286142280133146,-0.013591467664927581,0.0,0.0011053912095004314,1.0,1
2025-11-13,-0.058743169398907114,-0.058743169398907114,-0.032033889387837175,-0.019206580726690792,0.0,0.0,1.0,1
2025-11-14,-0.03434929850024193,-0.03434929850024193,-0.041740297126043394,-0.05127124469290345,0.7157526428130558,0.0,1.0,1
2025-11-15,0.02671227521636948,0.026139673102119034,0.023321205837841173,0.010739870685779973,0.4321406733590998,0.0005726021142504447,1.0,2
2025-11-16,-0.047666618537023316,-0.048012331075710596,-0.028806563612745997,-0.014007909142185637,0.4546406840225275,0.0003457125386872798,0.9999999999999999,3
2025-11-17,0.00037806620999431516,1.4353662776293147e-05,-0.02463165137783317,-0.021778422592672375,0.6932526321496282,0.000363712547218022,1.0,3
2025-11-18,0.014152063299012089,0.013597461193292385,0.03311232150121734,0.008106785635626501,0.5159245788494607,0.0005546021057197026,1.0,2
2025-11-19,-0.054845165018784094,-0.05525790468186366,-0.030193763410154846,-0.015153325175506271,1.263644494668105,0.0004127396630795686,1.0,3
2025-11-20,-0.031914893617021156,-0.03292580921275564,-0.049280169403836886,-0.053629756231361014,0.029879170760099716,0.001010915595734484,1.0,1
2025-11-21,-0.08635141447080444,-0.08637531780741252,-0.04431371543268601,-0.017410824086936394,1.2825624671795364,2.3903336608079773e-05,0.9701208292399003,1
2025-11-22,0.01871075434571154,0.01768470437196791,-0.0009336986690083712,-0.004748893863808723,0.1311188615907775,0.0010260499737436291,1.0,2
2025-11-23,-0.022646410537174744,-0.022751305626447366,0.01246380587931284,0.02501257536362278,0.23708120609900796,0.00010489508927262201,1.0,2
2025-11-24,0.018785100440254672,0.018595435475375465,0.04689957699681181,0.01658147837115842,0.0031822059385114843,0.00018966496487920638,1.0,2
2025-11-25,-0.017450777047072152,-0.017453322811822963,-0.0029390986282356196,-0.010459267216713086,0.8012282447540195,2.5457647508091876e-06,1.0,2
2025-11-26,0.0014169263362493842,0.0007759437404461685,0.026811585436542353,0.03566025873727874,0.013260525611095586,0.0006409825958032157,0.5915667453841023,1
2025-11-27,-0.021317090196365983,-0.021327698616854858,-0.008746572832127526,0.009444028567605844,0.023900856888974475,1.060842048887647e-05,0.6048272709951978,1
2025-11-28,0.00038930534234311734,0.00037018465683193776,-0.009660090228735358,-0.004867885755847623,0.0384104948006766,1.912068551117958e-05,0.6287281278841723,1
2025-11-29,-0.004748842345349941,-0.004779570741190483,-0.013481255228043665,-0.0009114144756394715,0.14801550021275722,3.072839584054128e-05,0.5903176330834957,1
2025-11-30,-0.015660216177213113,-0.015778628577383318,-0.011295074465061386,-0.004896160414256556,0.12377042305698249,0.00011841240017020579,0.7383331332962529,1
2025-12-01,-0.034860472410003195,-0.03495948874844878,-0.06121790351931675,-0.04516134746669087,0.6145627102392704,9.9016338445586e-05,0.6145627102392704,1
2025-12-02,0.0,-0.0004916501681914164,0.08257604940661241,0.05806362590675507,0.505220336667614,0.0004916501681914164,0.0,0
2025-12-03,0.041733296204836755,0.041329119935502666,0.04444136989842414,0.02331639435347843,0.7242248524864785,0.00040417626933409123,0.505220336667614,1
2025-12-04,-0.029835484047276185,-0.03041486392926537,-0.028479697449124684,-0.014371893630852228,0.08128687901308072,0.0005793798819891828,1.0,5
2025-12-05,-0.03373569145458842,-0.03380072095779889,-0.041980992333586716,-0.029838745603560368,0.9396892126921528,6.502950321046458e-05,0.9999999999999998,5
2025-12-06,0.03156698680653307,0.030815235436379346,0.010127705063991434,-0.00102364806218036,0.7689482083883721,0.0007517513701537223,0.9999999999999999,2
2025-12-07,0.006371057919952257,0.005755899353241559,-0.0013349192290431078,0.012873736926424684,0.7689482083883723,0.0006151585667106977,1.0,3
2025-12-08,-0.0322057421868468,-0.032820900753557494,0.017746685740315977,0.002937614975416558,0.0,0.0006151585667106979,1.0,1
2025-12-09,0.009502911346476184,0.009502911346476184,0.04282148085012733,0.02237702348947357,0.8825262403381806,0.0,1.0,1
2025-12-10,-0.0427829526238903,-0.043488973616160845,-0.02837472422665335,-0.007134190573239496,0.8825262403381806,0.0007060209922705445,1.0,3
2025-12-11,0.002760548615357683,0.0020545276230871387,-0.018456103828495503,0.0054361120926313955,1.1276984333850006,0.0007060209922705445,1.0,1
2025-12-12,-0.014456196233876409,-0.01535835498058441,-0.022340288040992893,-0.02430753426509147,0.36003168279406894,0.0009021587467080006,1.0,4
2025-12-13,0.0030292027337912152,0.00274117738755596,0.008140173383911637,-0.00042447267858891635,0.48988550314777735,0.00028802534623525517,1.0,3
2025-12-14,-0.03358394688820564,-0.03397585529072386,-0.031027321493039755,-0.022978934775305326,0.06464128414372222,0.0003919084025182219,1.0,4
2025-12-15,-0.03090420189643018,-0.030955914923745158,-0.02821251783728678,-0.019620103769002806,0.37914818179799514,5.171302731497778e-05,1.0,4
2025-12-16,0.014503580625120582,0.014200262079682186,0.012443762199006534,0.016626943658923254,0.33179870216112456,0.0003033185454383961,1.0,3
2025-12-17,-0.03794096763491832,-0.038206406596647216,-0.04070262866312173,-0.01849901453209346,0.33179870216112456,0.00026543896172889964,1.0,4
2025-12-18,-0.018651423794750113,-0.018916862756479014,-0.024912098181058075,-0.008490561660108531,1.1279263406094584,0.00026543896172889964,1.0,3
2025-12-19,0.0910894607759279,0.09018711970344033,0.06525586660676105,0.030774648793666204,0.9727501738612869,0.0009023410724875668,0.873562608228382,1
2025-12-20,-0.0288736479228852,-0.02965184806197423,-0.0032738418803338687,0.0025062429057889357,0.5434814748538347,0.0007782001390890296,1.0,4
2025-12-21,-0.003948328462310805,-0.004383113642193873,-0.009698157061151205,0.003402369543754169,0.3182832860032444,0.0004347851798830678,1.0,7
2025-12-22,-7.911673460748656e-05,-0.0003337433634100821,0.0038233982700869784,-0.0004491019653288797,0.15425148893294505,0.00025462662880259553,0.9999999999999998,8
2025-12-23,-0.02151713909691117,-0.021640540288057526,-0.016612916895034618,-0.012626790018231748,0.26611529940069045,0.00012340119114635605,0.9999999999999999,9
2025-12-24,-0.005171122712641833,-0.005384014952162385,-0.008971158235036405,0.00187850862650496,0.9445773844083583,0.00021289223952055238,1.0,7
2025-12-25,-0.013806120296564221,-0.014561782204090908,-0.017558841542536088,-0.005072620062469113,0.706954393071528,0.0007556619075266866,1.0,3
2025-12-26,0.007669090280214995,0.007103526765757773,0.014124757991588719,0.0015530586308307726,0.786348400893902,0.0005655635144572224,0.9999999999999999,4
2025-12-27,0.030736782061594692,0.03010770334087957,0.03051993875775267,0.0058544495878292135,0.7643793475533401,0.0006290787207151216,1.0,2
2025-12-28,-0.001566588926369605,-0.002178092404412277,-0.002341361285488397,0.0010372381002261566,0.20024751126754198,0.0006115034780426722,0.9999999999999999,4
2025-12-29,-0.026093090751503678,-0.02625328876051771,-0.02144699382516688,-0.008157369441711526,0.13176480121011935,0.0001601980090140336,1.0,4
2025-12-30,0.002263688302944133,0.0021582764619760375,0.0033374639103244596,0.014357254828659016,0.5350084669054629,0.00010541184096809549,1.0,4
2025-12-31,-0.012466049125722505,-0.012894055899246876,-0.016263603312294095,-0.009576588401147279,0.45716962461174543,0.00042800677352437035,1.0,6
2026-01-01,0.029926272486533588,0.029560536786844192,0.051135715367828335,0.013603749420716404,0.9191235612789618,0.0003657356996893964,1.0,9
2026-01-02,0.027752762372600704,0.027017463523577534,0.04741771192380849,0.012966216216216075,0.9460362966036002,0.0007352988490231695,0.9999999999999999,5
2026-01-03,0.0012216151112289205,0.0004647860739460403,0.010011150774932103,0.007163868488984093,0.9955144399126532,0.0007568290372828802,0.9999999999999999,5
2026-01-04,0.028286946041748428,0.027490534489818304,0.026420568889259897,0.009948584812982553,0.2727855251529331,0.0007964115519301226,1.0,12
2026-01-05,0.033337650584807296,0.03311942216468495,0.03171910374780434,0.025413920222608022,0.15146103030955282,0.00021822842012234647,1.0,13
2026-01-06,0.006496371374130066,0.006375202549882424,0.007218135819058716,-0.0012193250225958074,0.10362978442145128,0.00012116882424764227,1.0,14
2026-01-07,-0.04102915039626906,-0.04111205422380622,-0.037808067041009155,-0.025398044990822544,0.15267930694961634,8.290382753716103e-05,1.0,14
2026-01-08,-0.01433775885608727,-0.014459902301646963,-0.012717961444442507,-0.0029366678346181008,0.5469282487737831,0.00012214344555969308,1.0000000000000002,14
2026-01-09,-0.007631587642485898,-0.008069130241504924,-0.002613706694614613,-0.0050098945967375075,0.33454066413228517,0.0004375425990190265,1.0,9
2026-01-10,-0.004565166890498053,-0.0048327994218038805,-0.00271586538131444,-0.00147896993055463,0.25551792440049204,0.0002676325313058281,1.0,11
2026-01-11,-0.0014851995632705365,-0.00168961390279093,-0.0003535337566929951,0.005469240496254857,0.33388146628134724,0.00020441433952039364,1.0,12
2026-01-12,-0.010405935766011579,-0.010673040939036656,-0.01248424061603613,0.0031682724230579495,0.1395528244884222,0.0002671051730250778,0.9999999999999999,13
2026-01-13,0.07682164894288701,0.07671000668329628,0.06844986660136257,0.04517789082174084,0.2668940831121204,0.00011164225959073778,1.0,12
2026-01-14,-0.006218923379416999,-0.006432438645906696,-0.007454677974780666,0.016070215318028103,0.09583316654535146,0.0002135152664896963,1.0,14
2026-01-15,-0.03548581521073793,-0.035562481743974216,-0.03609356507403293,-0.013833753491717338,0.09919937313079294,7.666653323628117e-05,0.9999999999999996,14
2026-01-16,-4.0537593825115486e-05,-0.00011989709232974984,0.004505806553971203,-0.0006654996008049752,0.11117078153826912,7.935949850463435e-05,0.9999999999999999,13
2026-01-17,0.0010765076954353176,0.0009875710702047023,0.0006426761473069849,-0.0041443420516692475,0.09569849544957686,8.89366252306153e-05,0.9999999999999999,14
2026-01-18,-0.041237111988128204,-0.04131367078448787,-0.03928112415192612,-0.01570742283238291,0.16401035139095352,7.655879635966149e-05,1.0000000000000002,13
2026-01-19,-0.01919646444264006,-0.019327672723752822,-0.018583215248941163,-0.010942807699703017,0.11816561139144904,0.00013120828111276282,0.9999999999999999,12
2026-01-20,-0.054643644564268685,-0.054738177053381847,-0.051838582666844914,-0.04535066573351654,0.3066887142283785,9.453248911315924e-05,0.9999999999999998,12
2026-01-21,0.02439797041280491,0.024152619441422208,0.02245367315493876,0.011548739345586423,0.10335499265331616,0.0002453509713827028,0.9999999999999998,11
2026-01-22,-0.011725465901730448,-0.0118081498958531,-0.008145484444476683,0.001197833833269657,0.18164150179415578,8.268399412265293e-05,0.9999999999999999,11
2026-01-23,-0.00033748719460442744,-0.00048280039603975207,-0.0014178495646166103,0.0004490691868161978,0.10951613156975061,0.00014531320143532463,1.0,11
2026-01-24,-0.0032483652056155975,-0.003335978110871398,-0.00256964657689755,-0.004220695476821357,0.07988752173551147,8.76129052558005e-05,1.0000000000000002,12
2026-01-25,-0.04529831850259752,-0.045362228519985934,-0.04216850356264851,-0.028613814423972928,0.7050072278575445,6.391001738840918e-05,0.9999999999999998,12
2026-01-26,0.027359551689025343,0.026795545906739306,0.027672143665483144,0.019297255303946104,0.3683081993284566,0.0005640057822860357,1.0,7
2026-01-27,0.015146748686292724,0.014852102126829959,0.017471035840939515,0.010160746359594297,0.1807935254492299,0.0002946465594627653,0.9999999999999999,8
2026-01-28,-0.005451640390594102,-0.005596275210953486,-0.005848110248219534,0.000716385381702267,0.10424507260105807,0.00014463482035938395,1.0000000000000002,9
2026-01-29,-0.06192942891316673,-0.06201282497124758,-0.06227212143398963,-0.05217243229739066,0.8576481037071663,8.339605808084646e-05,0.9999999999999999,9
2026-01-30,-0.02495082120217667,-0.025636939685142402,-0.02073691721152255,-0.004648677910328858,0.3034693887132203,0.000686118482965733,1.0,4
2026-01-31,-0.1028085807618081,-0.10305135627277867,-0.08678312126448115,-0.0653664468231141,1.0,0.00024277551097057627,1.0,3
2026-02-01,0.0,-0.0008,-0.027797274729558157,-0.022555865566888822,0.0,0.0008,0.0,0
2026-02-02,0.0,0.0,0.032808274298178466,0.022890493490962838,0.0,0.0,0.0,0
2026-02-03,0.0,0.0,-0.027162710922343902,-0.03761603710645878,0.0,0.0,0.0,0
2026-02-04,0.0,0.0,-0.026602762003827447,-0.034265387073432296,0.0,0.0,0.0,0
2026-02-05,0.0,0.0,-0.15099395703192522,-0.14041106191907282,0.0,0.0,0.0,0
2026-02-06,0.0,0.0,0.12312824224747719,0.1221032606361574,0.0,0.0,0.0,0
2026-02-07,0.0,0.0,-0.005876278632085318,-0.018290582540098854,0.0,0.0,0.0,0
2026-02-08,0.0,0.0,-0.011323894638438232,0.014929058454216548,0.0,0.0,0.0,0
2026-02-09,0.0,0.0,-0.00033286890746554124,-0.0025267435028121232,0.0,0.0,0.0,0
2026-02-10,0.0,0.0,-0.031116307849939216,-0.018616327083675,0.0,0.0,0.0,0
2026-02-11,0.0,0.0,-0.026010452312274827,-0.025447167587380748,0.0,0.0,0.0,0
2026-02-12,0.0,0.0,0.01092943394960401,-0.012099131451478007,0.0,0.0,0.0,0
2026-02-13,0.0,0.0,0.04560826350901045,0.038923299181348625,0.0,0.0,0.0,0
2026-02-14,0.0,0.0,0.05546522051365714,0.014151101036739888,0.0,0.0,0.0,0
2026-02-15,0.0,0.0,-0.038419234436582926,-0.014306100402032174,0.0,0.0,0.0,0
2026-02-16,0.0,0.0,0.009388048707287695,0.0009535313364410491,0.0,0.0,0.0,0
2026-02-17,0.0,0.0,-0.013991958778019144,-0.02013577781811593,0.0,0.0,0.0,0
2026-02-18,0.0,0.0,-0.025226353577438743,-0.015607053777718982,0.0,0.0,0.0,0
2026-02-19,0.0,0.0,-0.0031455407687302006,0.008298355383994593,0.0,0.0,0.0,0
2026-02-20,0.0,0.0,0.029621447322704903,0.01501030250544999,0.0,0.0,0.0,0
2026-02-21,0.0,0.0,-0.0030574504429415816,-0.0006796186486179856,0.0,0.0,0.0,0
2026-02-22,0.0,0.0,-0.023211956518043426,-0.004704628524239363,0.0,0.0,0.0,0
2026-02-23,0.0,0.0,-0.04938357998243969,-0.04418792105126934,0.0,0.0,0.0,0
2026-02-24,0.0,0.0,-0.010970825996789437,-0.009199112428782352,0.0,0.0,0.0,0
2026-02-25,0.0,0.0,0.11585730003175772,0.06123880039917973,0.0,0.0,0.0,0
2026-02-26,0.0,0.0,-0.02442157358452974,-0.007421360509179298,0.0,0.0,0.0,0
2026-02-27,0.0,0.0,-0.03285633008976774,-0.023902787620722177,0.0,0.0,0.0,0
2026-02-28,0.0,0.0,0.012189400453742418,0.016724892156267268,0.0,0.0,0.0,0
2026-03-01,0.0,0.0,-0.019734946297164744,-0.017734559758340374,0.0,0.0,0.0,0
2026-03-02,0.0,0.0,0.04021026592618615,0.046415209125475254,1.0,0.0,0.0,0
2026-03-03,-0.00998204963929212,-0.010782049639292121,-0.009828259913393787,-0.0073617260013546515,0.22890483884931542,0.0008,1.0,4
2026-03-04,0.01599431627089465,0.015811192399815197,0.046593139235231076,0.06363688277231372,0.40467219721556896,0.00018312387107945235,1.0,5
2026-03-05,-0.02492129823665812,-0.02524503599443058,-0.020617591613150243,-0.024594790298644975,0.2115711473701194,0.0003237377577724552,1.0,7
2026-03-06,-0.03649414084769996,-0.03666339776559606,-0.04184690516933775,-0.039119438626599834,0.23234544567573823,0.00016925691789609554,1.0,6
2026-03-07,-0.012379658342601747,-0.012565534699142338,-0.014612039883166767,-0.012497980406268705,0.9706894272852301,0.00018587635654059058,0.9999999999999999,5
2026-03-08,-0.01513638398082525,-0.015912935522653434,-0.01431895418566899,-0.01930327923715014,1.1640634998124326,0.0007765515418281841,1.0000000000000002,12
2026-03-09,0.020566886085419324,0.01963563528556938,0.021837454245444705,0.03730683422740522,0.53973981298721,0.0009312507998499462,1.0,4
2026-03-10,0.01123413804935727,0.010802346198967501,0.009134808454425738,0.02204576125718427,0.4525656917538623,0.000431791850389768,1.0,6
2026-03-11,0.006243644199069662,0.0058815916456665725,0.006965289204732693,0.0035492597483044452,0.14325073084425785,0.00036205255340308987,1.0,9
2026-03-12,0.01410225728658612,0.013987656701910713,0.009607807808774025,0.00470563079116193,0.21314204461914277,0.00011460058467540628,0.9999999999999999,10
2026-03-13,0.0024737109864736485,0.002303197350778334,0.0037497116362972976,0.005893862239128467,0.10116016343733408,0.00017051363569531422,1.0,12
2026-03-14,-0.00011148996802753171,-0.000192418098777399,0.0017307637485061383,0.003933959137039755,0.09568807829551573,8.092813074986727e-05,1.0000000000000002,12
2026-03-15,0.026983062109545042,0.02690651164690863,0.0246449951119693,0.02254321778617041,0.0987435050156322,7.65504626364126e-05,1.0,12
2026-03-16,0.05621447978945886,0.05613548498544635,0.060621880158956386,0.028407958900175778,0.20645275294360996,7.899480401250577e-05,1.0,11
2026-03-17,-0.016681257783371255,-0.01684641998572614,-0.016476313683570085,-0.013013317941811486,0.146208271469555,0.00016516220235488797,0.9999999999999999,11
2026-03-18,-0.044297178550369104,-0.04441414516754475,-0.04284383503935956,-0.036136635604095746,0.33904428984100266,0.00011696661717564401,1.0,12
2026-03-19,-0.022431000827181344,-0.022702236259054147,-0.021679931278312938,-0.018475371087413595,0.07023313432094914,0.00027123543187280216,0.9999999999999999,9
2026-03-20,0.0036764900301770403,0.0036203035227202808,0.009081609894381884,0.008374900196602031,0.250660317784892,5.618650745675932e-05,1.0,9
2026-03-21,-0.02720122374989243,-0.027401752004120344,-0.027173436488964642,-0.022578956106407144,0.23481336124113292,0.00020052825422791363,1.0,11
2026-03-22,-0.014988008824593418,-0.015175859513586324,-0.015118969623765728,-0.015256636397290912,0.8947304508255423,0.00018785068899290633,1.0,9
2026-03-23,0.042272905743068925,0.04155712138240849,0.04819327509021135,0.04474824046964043,0.9295031253709509,0.0007157843606604338,1.0,4
2026-03-24,-0.00020324640671665973,-0.0009468489070134205,0.00386720055679365,-0.004826016462078364,0.45559996617433246,0.0007436025002967607,1.0,9
2026-03-25,0.005924005532903659,0.005559525559964193,0.004936591418397125,0.010969330964396562,0.07437174171432304,0.000364479972939466,1.0,13
2026-03-26,-0.04547721732463394,-0.0455367147180054,-0.04327236319016568,-0.0351975875731968,0.10563823144901104,5.949739337145843e-05,1.0000000000000002,13
2026-03-27,-0.03430849722533319,-0.0343930078104924,-0.03123273618641977,-0.03523579694132706,1.0000000000000002,8.451058515920884e-05,1.0000000000000002,13
2026-03-28,0.0,-0.0008000000000000003,-0.0016825847789137538,-0.00044300993607993,0.6101329541068247,0.0008000000000000003,0.0,0
2026-03-29,-0.03594243304136386,-0.03643053940464932,-0.012829802196460603,-0.005380283049018164,1.6101329541068248,0.00048810636328545974,0.6101329541068247,1
2026-03-30,0.006490688259553651,0.005202581896268191,0.013271175736912102,0.011920658281030505,0.6905411397329826,0.0012881063632854599,1.0,3
2026-03-31,0.0210188680525,0.020466435140713616,0.015349664416932942,0.022124066119069585,0.8939142150659717,0.0005524329117863861,1.0,3
2026-04-01,-0.0005960292562732013,-0.0013111606283259787,0.003350393823966196,-0.002271345149212678,0.4261862659160251,0.0007151313720527774,0.9999999999999999,7
2026-04-02,-0.029261510467215524,-0.029602459479948343,-0.028212239729849948,-0.017889008834350406,0.7173922148832945,0.0003409490127328201,1.0,5
2026-04-03,0.0036000378933044924,0.003026124121397857,0.012761602727812762,0.0009197155611386787,1.0,0.0005739137719066356,1.0,3
2026-04-04,0.0,-0.0008,0.0066371739797899355,0.005094875242791064,0.5034803493221991,0.0008,0.0,0
2026-04-05,0.0018055696074366497,0.0014027853279788905,0.007735358067434028,0.02567079425012264,1.1911548709230648,0.0004027842794577593,0.5034803493221991,1
2026-04-06,-0.012514855834436667,-0.01346777973117512,-0.006743933328560547,-0.0026087750496753825,0.2222626561918005,0.0009529238967384519,0.9999999999999998,8
2026-04-07,0.06517812417665225,0.06500031405169882,0.0557591304028827,0.04464390805299212,0.6671402506967767,0.0001778101249534404,1.0,7
2026-04-08,-0.02754424473926167,-0.028077956939819092,-0.026385116271821687,-0.01185279773877368,0.5323836142796815,0.0005337122005574215,1.0,14
2026-04-09,0.012602578484345962,0.012176671592922217,0.012510059900274888,0.01002701367294434,0.3814395121054333,0.00042590689142374524,1.0,9
2026-04-10,0.006261366884324028,0.005956215274639682,0.008281205027560674,0.016264717687985097,0.33591236327412644,0.00030515160968434666,1.0,9
2026-04-11,-0.0008392305871309963,-0.0011079604777502975,-9.193326199715055e-05,0.001316558187757666,0.34506338875424186,0.0002687298906193012,1.0000000000000002,8
2026-04-12,-0.04424815528033292,-0.044524205991336316,-0.037442025193503495,-0.03153256799436799,0.7156055009349223,0.0002760507110033935,1.0,6
2026-04-13,0.07659677932663153,0.0760242949258836,0.0549817464605467,0.05195648207989967,0.8015406267074344,0.0005724844007479378,0.9999999999999999,3
2026-04-14,-0.02938545098796088,-0.030026683489326828,-0.023300408251780425,-0.0037386569872959186,0.5822544867756441,0.0006412325013659476,1.0,7
2026-04-15,0.028002597920763105,0.02753679433134259,0.021770634938072075,0.009031547669650308,1.075834493157823,0.00046580358942051526,0.9999999999999999,4
2026-04-16,0.09209209209209201,0.09123142449756576,0.03768126632901026,0.004421192839432875,1.2307042682017693,0.0008606675945262584,1.0,1
2026-04-17,-0.007213841359271037,-0.008198404773832452,0.001833182397331942,0.0256141920571773,0.7720785612397197,0.0009845634145614155,1.0000000000000002,5
2026-04-18,-0.03471802960841817,-0.035335692457409945,-0.0327614739312726,-0.01787341653836272,0.14361888401010803,0.0006176628489917758,1.0000000000000002,10
2026-04-19,-0.030418262159315076,-0.030533157266523163,-0.02750309163561678,-0.025053599422633188,0.5165472012749046,0.00011489510720808643,1.0000000000000002,10
2026-04-20,0.023343444812348353,0.02293020705132843,0.023007661786909748,0.02754533720905017,0.7179430653769374,0.00041323776101992373,1.0,6
2026-04-21,0.00460708062973161,0.004032726177430061,0.0066606638831273835,0.00657209846668616,0.15425778526898692,0.00057435445230155,1.0,12
2026-04-22,0.000932458118690754,0.0008090518904755645,0.0030819854171448835,0.02427111925566483,0.3508685983407786,0.00012340622821518953,1.0,13
2026-04-23,-0.0026433672559440452,-0.0029240621346166683,-0.0014705555787921892,0.000985413323300044,0.2476045073509735,0.0002806948786726229,0.9999999999999999,10
2026-04-24,-0.0003533876211622082,-0.000551471227042987,0.0003412122349951458,-0.010501580223174711,0.10287669058668049,0.0001980836058807788,1.0,10
2026-04-25,-0.003714245068319114,-0.0037965464207884584,-0.0038578842601268426,0.002449757995953261,0.3159688846075682,8.23013524693444e-05,1.0000000000000002,10
2026-04-26,0.00886800286641958,0.008615227758733525,0.008038675925658116,0.013256428433331191,0.1780026292879971,0.0002527751076860546,1.0,13
2026-04-27,-0.016932587112521408,-0.017074989215951804,-0.016435122384859686,-0.016311447779325472,0.07255009447459591,0.00014240210343039768,1.0,13
2026-04-28,-0.005800936090644532,-0.005858976166224209,-0.004313306426785306,-0.013359420259869137,0.1747031500520557,5.804007557967673e-05,1.0,13
2026-04-29,-0.0037192305776355037,-0.0038589930976771483,-0.005742741756671277,-0.007184975772660307,0.14191925999804633,0.00013976252004164458,0.9999999999999997,14
2026-04-30,0.004290255906222656,0.004176720498224219,0.0020799561620426826,0.00733334301431432,0.1561549786549598,0.00011353540799843707,0.9999999999999999,14
