token,ticker,ticker_perp,unlock_date,unlock_ts_utc,unlock_pct_supply,unlock_amount_token,unlock_amount_usd_est,allocation_category,cliff_or_linear,source_url_1,source_url_2,cross_validated,notes
Fusionist,ACE,ACEUSDT,2024-01-18,2024-01-18T00:00:00+00:00,1.2987,1909089.0,,Incentive Pool,linear,https://cryptorank.io/price/fusionist/vesting,https://tokenomist.ai/fusionist,False,partial_coverage_single_allocation
Manta Network,MANTA,MANTAUSDT,2024-01-18,2024-01-18T00:00:00+00:00,5.0,49999924.0,,Ecosystem / Community,cliff,https://cryptorank.io/price/manta-network/vesting,https://tokenomist.ai/manta-network,False,tge
Ondo Finance,ONDO,ONDOUSDT,2024-01-18,2024-01-18T00:00:00+00:00,12.504,1250608690.8,,Ecosystem Growth,cliff,https://cryptorank.io/price/ondo-finance/vesting,https://tokenomist.ai/ondo-finance,False,tge
Immutable,IMX,IMXUSDT,2024-01-26,2024-01-26T00:00:00+00:00,0.7955,15910010.18,,Ecosystem Development,linear,https://cryptorank.io/price/immutable-x/vesting,https://tokenomist.ai/immutable-x,False,partial_coverage_single_allocation
Dymension,DYM,DYMUSDT,2024-02-06,2024-02-06T00:00:00+00:00,6.6,66000000.0,,Ecosystem & R&D,cliff,https://cryptorank.io/price/dymension/vesting,https://tokenomist.ai/dymension,False,tge
Pixels,PIXEL,PIXELUSDT,2024-02-19,2024-02-19T00:00:00+00:00,0.5573,27863000.0,,Ecosystem Rewards,cliff,https://cryptorank.io/price/pixels/vesting,https://tokenomist.ai/pixels,False,tge
Immutable,IMX,IMXUSDT,2024-02-23,2024-02-23T00:00:00+00:00,0.7955,15910010.18,,Ecosystem Development,linear,https://cryptorank.io/price/immutable-x/vesting,https://tokenomist.ai/immutable-x,False,partial_coverage_single_allocation
Portal,PORTAL,PORTALUSDT,2024-02-29,2024-02-29T00:00:00+00:00,0.8004,8004000.0,,Team & Advisors,cliff,https://cryptorank.io/price/portal-coin/vesting,https://tokenomist.ai/portal-coin,False,tge
Arbitrum,ARB,ARBUSDT,2024-03-16,2024-03-16T00:00:00+00:00,6.735,673500000.0,,Team & Advisors,linear,https://cryptorank.io/price/arbitrum/vesting,https://tokenomist.ai/arbitrum,False,partial_coverage_single_allocation
Pixels,PIXEL,PIXELUSDT,2024-03-19,2024-03-19T00:00:00+00:00,0.5573,27863000.0,,Ecosystem Rewards,linear,https://cryptorank.io/price/pixels/vesting,https://tokenomist.ai/pixels,False,partial_coverage_single_allocation
Immutable,IMX,IMXUSDT,2024-03-22,2024-03-22T00:00:00+00:00,0.7955,15910010.18,,Ecosystem Development,linear,https://cryptorank.io/price/immutable-x/vesting,https://tokenomist.ai/immutable-x,False,partial_coverage_single_allocation
Ethena,ENA,ENAUSDT,2024-04-02,2024-04-02T00:00:00+00:00,7.5,1125000000.0,,Ecosystem Incentives,cliff,https://cryptorank.io/price/ethena/vesting,https://tokenomist.ai/ethena,False,tge
Wormhole,W,WUSDT,2024-04-03,2024-04-03T00:00:00+00:00,5.0003,500030000.0,,Ecosystem & Incubation,cliff,https://cryptorank.io/price/wormhole/vesting,https://tokenomist.ai/wormhole,False,tge
Optimism,OP,OPUSDT,2024-04-10,2024-04-10T00:00:00+00:00,0.6984,29996051.6,,Retroactive Public Goods Funding,unknown,https://cryptorank.io/price/optimism/vesting,https://tokenomist.ai/optimism,False,partial_coverage_single_allocation
Arbitrum,ARB,ARBUSDT,2024-04-16,2024-04-16T00:00:00+00:00,0.5612,56116020.0,,Team & Advisors,linear,https://cryptorank.io/price/arbitrum/vesting,https://tokenomist.ai/arbitrum,False,partial_coverage_single_allocation
Immutable,IMX,IMXUSDT,2024-04-19,2024-04-19T00:00:00+00:00,0.7955,15910010.18,,Ecosystem Development,linear,https://cryptorank.io/price/immutable-x/vesting,https://tokenomist.ai/immutable-x,False,partial_coverage_single_allocation
Pixels,PIXEL,PIXELUSDT,2024-04-19,2024-04-19T00:00:00+00:00,0.5573,27863000.0,,Ecosystem Rewards,linear,https://cryptorank.io/price/pixels/vesting,https://tokenomist.ai/pixels,False,partial_coverage_single_allocation
Sui,SUI,SUIUSDT,2024-05-01,2024-05-01T00:00:00+00:00,1.4753,147527473.19,,Community Reserves,linear,https://cryptorank.io/price/sui/vesting,https://tokenomist.ai/sui,False,partial_coverage_single_allocation
Aevo,AEVO,AEVOUSDT,2024-05-15,2024-05-15T00:00:00+00:00,10.3,103000000.0,,Remaining $RBN in Circulation,unknown,https://cryptorank.io/price/aevo/vesting,https://tokenomist.ai/aevo,False,partial_coverage_single_allocation
Arbitrum,ARB,ARBUSDT,2024-05-16,2024-05-16T00:00:00+00:00,0.5612,56116020.0,,Team & Advisors,linear,https://cryptorank.io/price/arbitrum/vesting,https://tokenomist.ai/arbitrum,False,partial_coverage_single_allocation
Immutable,IMX,IMXUSDT,2024-05-17,2024-05-17T00:00:00+00:00,0.7955,15910010.18,,Ecosystem Development,linear,https://cryptorank.io/price/immutable-x/vesting,https://tokenomist.ai/immutable-x,False,partial_coverage_single_allocation
Merlin Chain,MERL,MERLUSDT,2024-05-19,2024-05-19T00:00:00+00:00,0.8332,17497200.0,,Ecosystem,linear,https://cryptorank.io/price/merlin-chain/vesting,https://tokenomist.ai/merlin-chain,False,partial_coverage_single_allocation
Pixels,PIXEL,PIXELUSDT,2024-05-19,2024-05-19T00:00:00+00:00,0.5573,27863000.0,,Ecosystem Rewards,linear,https://cryptorank.io/price/pixels/vesting,https://tokenomist.ai/pixels,False,partial_coverage_single_allocation
Pyth Network,PYTH,PYTHUSDT,2024-05-20,2024-05-20T00:00:00+00:00,11.2502,1125020000.0,,Ecosystem Growth,linear,https://cryptorank.io/price/pyth-network/vesting,https://tokenomist.ai/pyth-network,False,partial_coverage_single_allocation
Immutable,IMX,IMXUSDT,2024-06-14,2024-06-14T00:00:00+00:00,0.7955,15910010.18,,Ecosystem Development,linear,https://cryptorank.io/price/immutable-x/vesting,https://tokenomist.ai/immutable-x,False,partial_coverage_single_allocation
Arbitrum,ARB,ARBUSDT,2024-06-16,2024-06-16T00:00:00+00:00,0.5612,56116020.0,,Team & Advisors,linear,https://cryptorank.io/price/arbitrum/vesting,https://tokenomist.ai/arbitrum,False,partial_coverage_single_allocation
Merlin Chain,MERL,MERLUSDT,2024-06-19,2024-06-19T00:00:00+00:00,0.8332,17497200.0,,Ecosystem,linear,https://cryptorank.io/price/merlin-chain/vesting,https://tokenomist.ai/merlin-chain,False,partial_coverage_single_allocation
Pixels,PIXEL,PIXELUSDT,2024-06-19,2024-06-19T00:00:00+00:00,0.5573,27863000.0,,Ecosystem Rewards,linear,https://cryptorank.io/price/pixels/vesting,https://tokenomist.ai/pixels,False,partial_coverage_single_allocation
XAI,XAI,XAIUSDT,2024-07-09,2024-07-09T00:00:00+00:00,4.16,104000000.0,,Investors,linear,https://cryptorank.io/price/xai-games/vesting,https://tokenomist.ai/xai-games,False,partial_coverage_single_allocation
Immutable,IMX,IMXUSDT,2024-07-12,2024-07-12T00:00:00+00:00,0.7955,15910010.18,,Ecosystem Development,linear,https://cryptorank.io/price/immutable-x/vesting,https://tokenomist.ai/immutable-x,False,partial_coverage_single_allocation
Arbitrum,ARB,ARBUSDT,2024-07-16,2024-07-16T00:00:00+00:00,0.5612,56116020.0,,Team & Advisors,linear,https://cryptorank.io/price/arbitrum/vesting,https://tokenomist.ai/arbitrum,False,partial_coverage_single_allocation
Merlin Chain,MERL,MERLUSDT,2024-07-19,2024-07-19T00:00:00+00:00,0.8332,17497200.0,,Ecosystem,linear,https://cryptorank.io/price/merlin-chain/vesting,https://tokenomist.ai/merlin-chain,False,partial_coverage_single_allocation
Pixels,PIXEL,PIXELUSDT,2024-07-19,2024-07-19T00:00:00+00:00,0.5573,27863000.0,,Ecosystem Rewards,linear,https://cryptorank.io/price/pixels/vesting,https://tokenomist.ai/pixels,False,partial_coverage_single_allocation
Immutable,IMX,IMXUSDT,2024-08-09,2024-08-09T00:00:00+00:00,0.7955,15910010.18,,Ecosystem Development,linear,https://cryptorank.io/price/immutable-x/vesting,https://tokenomist.ai/immutable-x,False,partial_coverage_single_allocation
Arbitrum,ARB,ARBUSDT,2024-08-16,2024-08-16T00:00:00+00:00,0.5612,56116020.0,,Team & Advisors,linear,https://cryptorank.io/price/arbitrum/vesting,https://tokenomist.ai/arbitrum,False,partial_coverage_single_allocation
Merlin Chain,MERL,MERLUSDT,2024-08-19,2024-08-19T00:00:00+00:00,0.8332,17497200.0,,Ecosystem,linear,https://cryptorank.io/price/merlin-chain/vesting,https://tokenomist.ai/merlin-chain,False,partial_coverage_single_allocation
Pixels,PIXEL,PIXELUSDT,2024-08-19,2024-08-19T00:00:00+00:00,0.5573,27863000.0,,Ecosystem Rewards,linear,https://cryptorank.io/price/pixels/vesting,https://tokenomist.ai/pixels,False,partial_coverage_single_allocation
Ethena,ENA,ENAUSDT,2024-09-02,2024-09-02T00:00:00+00:00,5.721,858150000.0,,Ecosystem Incentives,linear,https://cryptorank.io/price/ethena/vesting,https://tokenomist.ai/ethena,False,partial_coverage_single_allocation
Immutable,IMX,IMXUSDT,2024-09-06,2024-09-06T00:00:00+00:00,0.7955,15910010.18,,Ecosystem Development,linear,https://cryptorank.io/price/immutable-x/vesting,https://tokenomist.ai/immutable-x,False,partial_coverage_single_allocation
Arbitrum,ARB,ARBUSDT,2024-09-16,2024-09-16T00:00:00+00:00,0.5612,56116020.0,,Team & Advisors,linear,https://cryptorank.io/price/arbitrum/vesting,https://tokenomist.ai/arbitrum,False,partial_coverage_single_allocation
Merlin Chain,MERL,MERLUSDT,2024-09-19,2024-09-19T00:00:00+00:00,0.8332,17497200.0,,Ecosystem,linear,https://cryptorank.io/price/merlin-chain/vesting,https://tokenomist.ai/merlin-chain,False,partial_coverage_single_allocation
Pixels,PIXEL,PIXELUSDT,2024-09-19,2024-09-19T00:00:00+00:00,0.5573,27863000.0,,Ecosystem Rewards,linear,https://cryptorank.io/price/pixels/vesting,https://tokenomist.ai/pixels,False,partial_coverage_single_allocation
Immutable,IMX,IMXUSDT,2024-10-04,2024-10-04T00:00:00+00:00,0.7955,15910010.18,,Ecosystem Development,linear,https://cryptorank.io/price/immutable-x/vesting,https://tokenomist.ai/immutable-x,False,partial_coverage_single_allocation
Arbitrum,ARB,ARBUSDT,2024-10-16,2024-10-16T00:00:00+00:00,0.5612,56116020.0,,Team & Advisors,linear,https://cryptorank.io/price/arbitrum/vesting,https://tokenomist.ai/arbitrum,False,partial_coverage_single_allocation
Merlin Chain,MERL,MERLUSDT,2024-10-19,2024-10-19T00:00:00+00:00,0.8332,17497200.0,,Ecosystem,linear,https://cryptorank.io/price/merlin-chain/vesting,https://tokenomist.ai/merlin-chain,False,partial_coverage_single_allocation
Pixels,PIXEL,PIXELUSDT,2024-10-19,2024-10-19T00:00:00+00:00,0.5573,27863000.0,,Ecosystem Rewards,linear,https://cryptorank.io/price/pixels/vesting,https://tokenomist.ai/pixels,False,partial_coverage_single_allocation
Scroll,SCR,SCRUSDT,2024-10-22,2024-10-22T00:00:00+00:00,8.0,80000000.0,,Ecosystem & Growth,cliff,https://cryptorank.io/price/scroll/vesting,https://tokenomist.ai/scroll,False,tge
Immutable,IMX,IMXUSDT,2024-11-01,2024-11-01T00:00:00+00:00,0.7955,15910010.18,,Ecosystem Development,linear,https://cryptorank.io/price/immutable-x/vesting,https://tokenomist.ai/immutable-x,False,partial_coverage_single_allocation
Arbitrum,ARB,ARBUSDT,2024-11-16,2024-11-16T00:00:00+00:00,0.5612,56116020.0,,Team & Advisors,linear,https://cryptorank.io/price/arbitrum/vesting,https://tokenomist.ai/arbitrum,False,partial_coverage_single_allocation
Merlin Chain,MERL,MERLUSDT,2024-11-19,2024-11-19T00:00:00+00:00,0.8332,17497200.0,,Ecosystem,linear,https://cryptorank.io/price/merlin-chain/vesting,https://tokenomist.ai/merlin-chain,False,partial_coverage_single_allocation
Pixels,PIXEL,PIXELUSDT,2024-11-19,2024-11-19T00:00:00+00:00,0.5573,27863000.0,,Ecosystem Rewards,linear,https://cryptorank.io/price/pixels/vesting,https://tokenomist.ai/pixels,False,partial_coverage_single_allocation
Hyperliquid,HYPE,HYPEUSDT,2024-11-29,2024-11-29T00:00:00+00:00,31.0,310000000.0,,Genesis Distribution,cliff,https://cryptorank.io/price/hyperliquid/vesting,https://tokenomist.ai/hyperliquid,False,tge
Arbitrum,ARB,ARBUSDT,2024-12-16,2024-12-16T00:00:00+00:00,0.5612,56116020.0,,Team & Advisors,linear,https://cryptorank.io/price/arbitrum/vesting,https://tokenomist.ai/arbitrum,False,partial_coverage_single_allocation
Merlin Chain,MERL,MERLUSDT,2024-12-19,2024-12-19T00:00:00+00:00,0.8332,17497200.0,,Ecosystem,linear,https://cryptorank.io/price/merlin-chain/vesting,https://tokenomist.ai/merlin-chain,False,partial_coverage_single_allocation
Pixels,PIXEL,PIXELUSDT,2024-12-19,2024-12-19T00:00:00+00:00,0.5573,27863000.0,,Ecosystem Rewards,linear,https://cryptorank.io/price/pixels/vesting,https://tokenomist.ai/pixels,False,partial_coverage_single_allocation
Arbitrum,ARB,ARBUSDT,2025-01-16,2025-01-16T00:00:00+00:00,0.5612,56116020.0,,Team & Advisors,linear,https://cryptorank.io/price/arbitrum/vesting,https://tokenomist.ai/arbitrum,False,partial_coverage_single_allocation
Ondo Finance,ONDO,ONDOUSDT,2025-01-18,2025-01-18T00:00:00+00:00,7.9192,792052170.84,,Ecosystem Growth,linear,https://cryptorank.io/price/ondo-finance/vesting,https://tokenomist.ai/ondo-finance,False,partial_coverage_single_allocation
Merlin Chain,MERL,MERLUSDT,2025-01-19,2025-01-19T00:00:00+00:00,0.8332,17497200.0,,Ecosystem,linear,https://cryptorank.io/price/merlin-chain/vesting,https://tokenomist.ai/merlin-chain,False,partial_coverage_single_allocation
Pixels,PIXEL,PIXELUSDT,2025-01-19,2025-01-19T00:00:00+00:00,0.5573,27863000.0,,Ecosystem Rewards,linear,https://cryptorank.io/price/pixels/vesting,https://tokenomist.ai/pixels,False,partial_coverage_single_allocation
AltLayer,ALT,ALTUSDT,2025-01-25,2025-01-25T00:00:00+00:00,0.5227,52266500.0,,Foundation/Treasury,linear,https://cryptorank.io/price/altlayer/vesting,https://tokenomist.ai/altlayer,False,partial_coverage_single_allocation
Arbitrum,ARB,ARBUSDT,2025-02-16,2025-02-16T00:00:00+00:00,0.5612,56116020.0,,Team & Advisors,linear,https://cryptorank.io/price/arbitrum/vesting,https://tokenomist.ai/arbitrum,False,partial_coverage_single_allocation
Merlin Chain,MERL,MERLUSDT,2025-02-19,2025-02-19T00:00:00+00:00,0.8332,17497200.0,,Ecosystem,linear,https://cryptorank.io/price/merlin-chain/vesting,https://tokenomist.ai/merlin-chain,False,partial_coverage_single_allocation
Pixels,PIXEL,PIXELUSDT,2025-02-19,2025-02-19T00:00:00+00:00,0.5573,27863000.0,,Ecosystem Rewards,linear,https://cryptorank.io/price/pixels/vesting,https://tokenomist.ai/pixels,False,partial_coverage_single_allocation
AltLayer,ALT,ALTUSDT,2025-02-25,2025-02-25T00:00:00+00:00,0.5227,52266500.0,,Foundation/Treasury,linear,https://cryptorank.io/price/altlayer/vesting,https://tokenomist.ai/altlayer,False,partial_coverage_single_allocation
Arbitrum,ARB,ARBUSDT,2025-03-16,2025-03-16T00:00:00+00:00,0.5612,56116020.0,,Team & Advisors,linear,https://cryptorank.io/price/arbitrum/vesting,https://tokenomist.ai/arbitrum,False,partial_coverage_single_allocation
Merlin Chain,MERL,MERLUSDT,2025-03-19,2025-03-19T00:00:00+00:00,0.8332,17497200.0,,Ecosystem,linear,https://cryptorank.io/price/merlin-chain/vesting,https://tokenomist.ai/merlin-chain,False,partial_coverage_single_allocation
Pixels,PIXEL,PIXELUSDT,2025-03-19,2025-03-19T00:00:00+00:00,0.5573,27863000.0,,Ecosystem Rewards,linear,https://cryptorank.io/price/pixels/vesting,https://tokenomist.ai/pixels,False,partial_coverage_single_allocation
AltLayer,ALT,ALTUSDT,2025-03-25,2025-03-25T00:00:00+00:00,0.5227,52266500.0,,Foundation/Treasury,linear,https://cryptorank.io/price/altlayer/vesting,https://tokenomist.ai/altlayer,False,partial_coverage_single_allocation
Portal,PORTAL,PORTALUSDT,2025-03-29,2025-03-29T00:00:00+00:00,1.173,11730000.0,,Team & Advisors,linear,https://cryptorank.io/price/portal-coin/vesting,https://tokenomist.ai/portal-coin,False,partial_coverage_single_allocation
Wormhole,W,WUSDT,2025-04-03,2025-04-03T00:00:00+00:00,6.5001,650008000.0,,Ecosystem & Incubation,linear,https://cryptorank.io/price/wormhole/vesting,https://tokenomist.ai/wormhole,False,partial_coverage_single_allocation
StarkNet,STRK,STRKUSDT,2025-04-15,2025-04-15T00:00:00+00:00,0.6692,66921576.0,,Early Contributors,linear,https://cryptorank.io/price/starknet/vesting,https://tokenomist.ai/starknet,False,partial_coverage_single_allocation
Arbitrum,ARB,ARBUSDT,2025-04-16,2025-04-16T00:00:00+00:00,0.5612,56116020.0,,Team & Advisors,linear,https://cryptorank.io/price/arbitrum/vesting,https://tokenomist.ai/arbitrum,False,partial_coverage_single_allocation
Merlin Chain,MERL,MERLUSDT,2025-04-19,2025-04-19T00:00:00+00:00,0.8332,17497200.0,,Ecosystem,linear,https://cryptorank.io/price/merlin-chain/vesting,https://tokenomist.ai/merlin-chain,False,partial_coverage_single_allocation
Pixels,PIXEL,PIXELUSDT,2025-04-19,2025-04-19T00:00:00+00:00,0.5573,27863000.0,,Ecosystem Rewards,linear,https://cryptorank.io/price/pixels/vesting,https://tokenomist.ai/pixels,False,partial_coverage_single_allocation
AltLayer,ALT,ALTUSDT,2025-04-25,2025-04-25T00:00:00+00:00,0.5227,52266500.0,,Foundation/Treasury,linear,https://cryptorank.io/price/altlayer/vesting,https://tokenomist.ai/altlayer,False,partial_coverage_single_allocation
Portal,PORTAL,PORTALUSDT,2025-04-29,2025-04-29T00:00:00+00:00,1.173,11730000.0,,Team & Advisors,linear,https://cryptorank.io/price/portal-coin/vesting,https://tokenomist.ai/portal-coin,False,partial_coverage_single_allocation
Renzo,REZ,REZUSDT,2025-04-30,2025-04-30T00:00:00+00:00,3.156,315600000.0,,Investors,linear,https://cryptorank.io/price/renzo-protocol/vesting,https://tokenomist.ai/renzo-protocol,False,partial_coverage_single_allocation
BounceBit,BB,BBUSDT,2025-05-13,2025-05-13T00:00:00+00:00,1.05,22050000.0,,Investors,linear,https://cryptorank.io/price/bouncebit/vesting,https://tokenomist.ai/bouncebit,False,partial_coverage_single_allocation
StarkNet,STRK,STRKUSDT,2025-05-15,2025-05-15T00:00:00+00:00,0.6692,66921576.0,,Early Contributors,linear,https://cryptorank.io/price/starknet/vesting,https://tokenomist.ai/starknet,False,partial_coverage_single_allocation
Arbitrum,ARB,ARBUSDT,2025-05-16,2025-05-16T00:00:00+00:00,0.5612,56116020.0,,Team & Advisors,linear,https://cryptorank.io/price/arbitrum/vesting,https://tokenomist.ai/arbitrum,False,partial_coverage_single_allocation
Merlin Chain,MERL,MERLUSDT,2025-05-19,2025-05-19T00:00:00+00:00,0.8332,17497200.0,,Ecosystem,linear,https://cryptorank.io/price/merlin-chain/vesting,https://tokenomist.ai/merlin-chain,False,partial_coverage_single_allocation
Pixels,PIXEL,PIXELUSDT,2025-05-19,2025-05-19T00:00:00+00:00,0.5573,27863000.0,,Ecosystem Rewards,linear,https://cryptorank.io/price/pixels/vesting,https://tokenomist.ai/pixels,False,partial_coverage_single_allocation
Pyth Network,PYTH,PYTHUSDT,2025-05-20,2025-05-20T00:00:00+00:00,11.2502,1125020000.0,,Ecosystem Growth,linear,https://cryptorank.io/price/pyth-network/vesting,https://tokenomist.ai/pyth-network,False,partial_coverage_single_allocation
AltLayer,ALT,ALTUSDT,2025-05-25,2025-05-25T00:00:00+00:00,0.5227,52266500.0,,Foundation/Treasury,linear,https://cryptorank.io/price/altlayer/vesting,https://tokenomist.ai/altlayer,False,partial_coverage_single_allocation
Portal,PORTAL,PORTALUSDT,2025-05-29,2025-05-29T00:00:00+00:00,1.173,11730000.0,,Team & Advisors,linear,https://cryptorank.io/price/portal-coin/vesting,https://tokenomist.ai/portal-coin,False,partial_coverage_single_allocation
Renzo,REZ,REZUSDT,2025-05-30,2025-05-30T00:00:00+00:00,2.367,236700000.0,,Investors,linear,https://cryptorank.io/price/renzo-protocol/vesting,https://tokenomist.ai/renzo-protocol,False,partial_coverage_single_allocation
BounceBit,BB,BBUSDT,2025-06-13,2025-06-13T00:00:00+00:00,1.05,22050000.0,,Investors,linear,https://cryptorank.io/price/bouncebit/vesting,https://tokenomist.ai/bouncebit,False,partial_coverage_single_allocation
StarkNet,STRK,STRKUSDT,2025-06-15,2025-06-15T00:00:00+00:00,0.6692,66921576.0,,Early Contributors,linear,https://cryptorank.io/price/starknet/vesting,https://tokenomist.ai/starknet,False,partial_coverage_single_allocation
Arbitrum,ARB,ARBUSDT,2025-06-16,2025-06-16T00:00:00+00:00,0.5612,56116020.0,,Team & Advisors,linear,https://cryptorank.io/price/arbitrum/vesting,https://tokenomist.ai/arbitrum,False,partial_coverage_single_allocation
Merlin Chain,MERL,MERLUSDT,2025-06-19,2025-06-19T00:00:00+00:00,0.8332,17497200.0,,Ecosystem,linear,https://cryptorank.io/price/merlin-chain/vesting,https://tokenomist.ai/merlin-chain,False,partial_coverage_single_allocation
Pixels,PIXEL,PIXELUSDT,2025-06-19,2025-06-19T00:00:00+00:00,0.5573,27863000.0,,Ecosystem Rewards,linear,https://cryptorank.io/price/pixels/vesting,https://tokenomist.ai/pixels,False,partial_coverage_single_allocation
zkSync,ZK,ZKUSDT,2025-06-19,2025-06-19T00:00:00+00:00,1.9784,415464200.6,,Investors,linear,https://cryptorank.io/price/zksync/vesting,https://tokenomist.ai/zksync,False,partial_coverage_single_allocation
LayerZero,ZRO,ZROUSDT,2025-06-20,2025-06-20T00:00:00+00:00,1.3418,13417740.0,,Strategic Partners,linear,https://cryptorank.io/price/layerzero/vesting,https://tokenomist.ai/layerzero,False,partial_coverage_single_allocation
AltLayer,ALT,ALTUSDT,2025-06-25,2025-06-25T00:00:00+00:00,0.5227,52266500.0,,Foundation/Treasury,linear,https://cryptorank.io/price/altlayer/vesting,https://tokenomist.ai/altlayer,False,partial_coverage_single_allocation
Portal,PORTAL,PORTALUSDT,2025-06-29,2025-06-29T00:00:00+00:00,1.173,11730000.0,,Team & Advisors,linear,https://cryptorank.io/price/portal-coin/vesting,https://tokenomist.ai/portal-coin,False,partial_coverage_single_allocation
Renzo,REZ,REZUSDT,2025-06-30,2025-06-30T00:00:00+00:00,2.367,236700000.0,,Investors,linear,https://cryptorank.io/price/renzo-protocol/vesting,https://tokenomist.ai/renzo-protocol,False,partial_coverage_single_allocation
BounceBit,BB,BBUSDT,2025-07-13,2025-07-13T00:00:00+00:00,1.05,22050000.0,,Investors,linear,https://cryptorank.io/price/bouncebit/vesting,https://tokenomist.ai/bouncebit,False,partial_coverage_single_allocation
StarkNet,STRK,STRKUSDT,2025-07-15,2025-07-15T00:00:00+00:00,0.6692,66921576.0,,Early Contributors,linear,https://cryptorank.io/price/starknet/vesting,https://tokenomist.ai/starknet,False,partial_coverage_single_allocation
Arbitrum,ARB,ARBUSDT,2025-07-16,2025-07-16T00:00:00+00:00,0.5612,56116020.0,,Team & Advisors,linear,https://cryptorank.io/price/arbitrum/vesting,https://tokenomist.ai/arbitrum,False,partial_coverage_single_allocation
Merlin Chain,MERL,MERLUSDT,2025-07-19,2025-07-19T00:00:00+00:00,0.8332,17497200.0,,Ecosystem,linear,https://cryptorank.io/price/merlin-chain/vesting,https://tokenomist.ai/merlin-chain,False,partial_coverage_single_allocation
Pixels,PIXEL,PIXELUSDT,2025-07-19,2025-07-19T00:00:00+00:00,0.5573,27863000.0,,Ecosystem Rewards,linear,https://cryptorank.io/price/pixels/vesting,https://tokenomist.ai/pixels,False,partial_coverage_single_allocation
LayerZero,ZRO,ZROUSDT,2025-07-20,2025-07-20T00:00:00+00:00,1.3418,13417740.0,,Strategic Partners,linear,https://cryptorank.io/price/layerzero/vesting,https://tokenomist.ai/layerzero,False,partial_coverage_single_allocation
AltLayer,ALT,ALTUSDT,2025-07-25,2025-07-25T00:00:00+00:00,0.5227,52266500.0,,Foundation/Treasury,linear,https://cryptorank.io/price/altlayer/vesting,https://tokenomist.ai/altlayer,False,partial_coverage_single_allocation
Portal,PORTAL,PORTALUSDT,2025-07-29,2025-07-29T00:00:00+00:00,1.173,11730000.0,,Team & Advisors,linear,https://cryptorank.io/price/portal-coin/vesting,https://tokenomist.ai/portal-coin,False,partial_coverage_single_allocation
Renzo,REZ,REZUSDT,2025-07-31,2025-07-31T00:00:00+00:00,2.367,236700000.0,,Investors,linear,https://cryptorank.io/price/renzo-protocol/vesting,https://tokenomist.ai/renzo-protocol,False,partial_coverage_single_allocation
BounceBit,BB,BBUSDT,2025-08-13,2025-08-13T00:00:00+00:00,1.05,22050000.0,,Investors,linear,https://cryptorank.io/price/bouncebit/vesting,https://tokenomist.ai/bouncebit,False,partial_coverage_single_allocation
StarkNet,STRK,STRKUSDT,2025-08-15,2025-08-15T00:00:00+00:00,0.6692,66921576.0,,Early Contributors,linear,https://cryptorank.io/price/starknet/vesting,https://tokenomist.ai/starknet,False,partial_coverage_single_allocation
Arbitrum,ARB,ARBUSDT,2025-08-16,2025-08-16T00:00:00+00:00,0.5612,56116020.0,,Team & Advisors,linear,https://cryptorank.io/price/arbitrum/vesting,https://tokenomist.ai/arbitrum,False,partial_coverage_single_allocation
Merlin Chain,MERL,MERLUSDT,2025-08-19,2025-08-19T00:00:00+00:00,0.8332,17497200.0,,Ecosystem,linear,https://cryptorank.io/price/merlin-chain/vesting,https://tokenomist.ai/merlin-chain,False,partial_coverage_single_allocation
Pixels,PIXEL,PIXELUSDT,2025-08-19,2025-08-19T00:00:00+00:00,0.5573,27863000.0,,Ecosystem Rewards,linear,https://cryptorank.io/price/pixels/vesting,https://tokenomist.ai/pixels,False,partial_coverage_single_allocation
LayerZero,ZRO,ZROUSDT,2025-08-20,2025-08-20T00:00:00+00:00,1.3418,13417740.0,,Strategic Partners,linear,https://cryptorank.io/price/layerzero/vesting,https://tokenomist.ai/layerzero,False,partial_coverage_single_allocation
AltLayer,ALT,ALTUSDT,2025-08-25,2025-08-25T00:00:00+00:00,0.5227,52266500.0,,Foundation/Treasury,linear,https://cryptorank.io/price/altlayer/vesting,https://tokenomist.ai/altlayer,False,partial_coverage_single_allocation
Portal,PORTAL,PORTALUSDT,2025-08-29,2025-08-29T00:00:00+00:00,1.173,11730000.0,,Team & Advisors,linear,https://cryptorank.io/price/portal-coin/vesting,https://tokenomist.ai/portal-coin,False,partial_coverage_single_allocation
Renzo,REZ,REZUSDT,2025-08-31,2025-08-31T00:00:00+00:00,2.367,236700000.0,,Investors,linear,https://cryptorank.io/price/renzo-protocol/vesting,https://tokenomist.ai/renzo-protocol,False,partial_coverage_single_allocation
BounceBit,BB,BBUSDT,2025-09-13,2025-09-13T00:00:00+00:00,1.05,22050000.0,,Investors,linear,https://cryptorank.io/price/bouncebit/vesting,https://tokenomist.ai/bouncebit,False,partial_coverage_single_allocation
StarkNet,STRK,STRKUSDT,2025-09-15,2025-09-15T00:00:00+00:00,0.6692,66921576.0,,Early Contributors,linear,https://cryptorank.io/price/starknet/vesting,https://tokenomist.ai/starknet,False,partial_coverage_single_allocation
Arbitrum,ARB,ARBUSDT,2025-09-16,2025-09-16T00:00:00+00:00,0.5612,56116020.0,,Team & Advisors,linear,https://cryptorank.io/price/arbitrum/vesting,https://tokenomist.ai/arbitrum,False,partial_coverage_single_allocation
Merlin Chain,MERL,MERLUSDT,2025-09-19,2025-09-19T00:00:00+00:00,0.8332,17497200.0,,Ecosystem,linear,https://cryptorank.io/price/merlin-chain/vesting,https://tokenomist.ai/merlin-chain,False,partial_coverage_single_allocation
Pixels,PIXEL,PIXELUSDT,2025-09-19,2025-09-19T00:00:00+00:00,0.5573,27863000.0,,Ecosystem Rewards,linear,https://cryptorank.io/price/pixels/vesting,https://tokenomist.ai/pixels,False,partial_coverage_single_allocation
LayerZero,ZRO,ZROUSDT,2025-09-20,2025-09-20T00:00:00+00:00,1.3418,13417740.0,,Strategic Partners,linear,https://cryptorank.io/price/layerzero/vesting,https://tokenomist.ai/layerzero,False,partial_coverage_single_allocation
AltLayer,ALT,ALTUSDT,2025-09-25,2025-09-25T00:00:00+00:00,0.5227,52266500.0,,Foundation/Treasury,linear,https://cryptorank.io/price/altlayer/vesting,https://tokenomist.ai/altlayer,False,partial_coverage_single_allocation
Portal,PORTAL,PORTALUSDT,2025-09-29,2025-09-29T00:00:00+00:00,1.173,11730000.0,,Team & Advisors,linear,https://cryptorank.io/price/portal-coin/vesting,https://tokenomist.ai/portal-coin,False,partial_coverage_single_allocation
Renzo,REZ,REZUSDT,2025-09-30,2025-09-30T00:00:00+00:00,2.367,236700000.0,,Investors,linear,https://cryptorank.io/price/renzo-protocol/vesting,https://tokenomist.ai/renzo-protocol,False,partial_coverage_single_allocation
EigenCloud,EIGEN,EIGENUSDT,2025-10-01,2025-10-01T00:00:00+00:00,1.0982,19749030.68,,Investors,linear,https://cryptorank.io/price/eigenlayer/vesting,https://tokenomist.ai/eigenlayer,False,partial_coverage_single_allocation
BounceBit,BB,BBUSDT,2025-10-13,2025-10-13T00:00:00+00:00,1.05,22050000.0,,Investors,linear,https://cryptorank.io/price/bouncebit/vesting,https://tokenomist.ai/bouncebit,False,partial_coverage_single_allocation
StarkNet,STRK,STRKUSDT,2025-10-15,2025-10-15T00:00:00+00:00,0.6692,66921576.0,,Early Contributors,linear,https://cryptorank.io/price/starknet/vesting,https://tokenomist.ai/starknet,False,partial_coverage_single_allocation
Arbitrum,ARB,ARBUSDT,2025-10-16,2025-10-16T00:00:00+00:00,0.5612,56116020.0,,Team & Advisors,linear,https://cryptorank.io/price/arbitrum/vesting,https://tokenomist.ai/arbitrum,False,partial_coverage_single_allocation
Merlin Chain,MERL,MERLUSDT,2025-10-19,2025-10-19T00:00:00+00:00,0.8332,17497200.0,,Ecosystem,linear,https://cryptorank.io/price/merlin-chain/vesting,https://tokenomist.ai/merlin-chain,False,partial_coverage_single_allocation
Pixels,PIXEL,PIXELUSDT,2025-10-19,2025-10-19T00:00:00+00:00,0.5573,27863000.0,,Ecosystem Rewards,linear,https://cryptorank.io/price/pixels/vesting,https://tokenomist.ai/pixels,False,partial_coverage_single_allocation
LayerZero,ZRO,ZROUSDT,2025-10-20,2025-10-20T00:00:00+00:00,1.3418,13417740.0,,Strategic Partners,linear,https://cryptorank.io/price/layerzero/vesting,https://tokenomist.ai/layerzero,False,partial_coverage_single_allocation
Scroll,SCR,SCRUSDT,2025-10-22,2025-10-22T00:00:00+00:00,4.25,42500000.0,,Ecosystem & Growth,linear,https://cryptorank.io/price/scroll/vesting,https://tokenomist.ai/scroll,False,partial_coverage_single_allocation
AltLayer,ALT,ALTUSDT,2025-10-25,2025-10-25T00:00:00+00:00,0.5227,52266500.0,,Foundation/Treasury,linear,https://cryptorank.io/price/altlayer/vesting,https://tokenomist.ai/altlayer,False,partial_coverage_single_allocation
Grass,GRASS,GRASSUSDT,2025-10-28,2025-10-28T00:00:00+00:00,12.6,126000000.0,,Early Investors,linear,https://cryptorank.io/price/grass/vesting,https://tokenomist.ai/grass,False,partial_coverage_single_allocation
Portal,PORTAL,PORTALUSDT,2025-10-29,2025-10-29T00:00:00+00:00,1.173,11730000.0,,Team & Advisors,linear,https://cryptorank.io/price/portal-coin/vesting,https://tokenomist.ai/portal-coin,False,partial_coverage_single_allocation
Renzo,REZ,REZUSDT,2025-10-31,2025-10-31T00:00:00+00:00,2.367,236700000.0,,Investors,linear,https://cryptorank.io/price/renzo-protocol/vesting,https://tokenomist.ai/renzo-protocol,False,partial_coverage_single_allocation
EigenCloud,EIGEN,EIGENUSDT,2025-11-01,2025-11-01T00:00:00+00:00,1.0982,19749030.68,,Investors,linear,https://cryptorank.io/price/eigenlayer/vesting,https://tokenomist.ai/eigenlayer,False,partial_coverage_single_allocation
BounceBit,BB,BBUSDT,2025-11-13,2025-11-13T00:00:00+00:00,1.05,22050000.0,,Investors,linear,https://cryptorank.io/price/bouncebit/vesting,https://tokenomist.ai/bouncebit,False,partial_coverage_single_allocation
StarkNet,STRK,STRKUSDT,2025-11-15,2025-11-15T00:00:00+00:00,0.6692,66921576.0,,Early Contributors,linear,https://cryptorank.io/price/starknet/vesting,https://tokenomist.ai/starknet,False,partial_coverage_single_allocation
Arbitrum,ARB,ARBUSDT,2025-11-16,2025-11-16T00:00:00+00:00,0.5612,56116020.0,,Team & Advisors,linear,https://cryptorank.io/price/arbitrum/vesting,https://tokenomist.ai/arbitrum,False,partial_coverage_single_allocation
Merlin Chain,MERL,MERLUSDT,2025-11-19,2025-11-19T00:00:00+00:00,0.8332,17497200.0,,Ecosystem,linear,https://cryptorank.io/price/merlin-chain/vesting,https://tokenomist.ai/merlin-chain,False,partial_coverage_single_allocation
Pixels,PIXEL,PIXELUSDT,2025-11-19,2025-11-19T00:00:00+00:00,0.5573,27863000.0,,Ecosystem Rewards,linear,https://cryptorank.io/price/pixels/vesting,https://tokenomist.ai/pixels,False,partial_coverage_single_allocation
LayerZero,ZRO,ZROUSDT,2025-11-20,2025-11-20T00:00:00+00:00,1.3418,13417740.0,,Strategic Partners,linear,https://cryptorank.io/price/layerzero/vesting,https://tokenomist.ai/layerzero,False,partial_coverage_single_allocation
AltLayer,ALT,ALTUSDT,2025-11-25,2025-11-25T00:00:00+00:00,0.5227,52266500.0,,Foundation/Treasury,linear,https://cryptorank.io/price/altlayer/vesting,https://tokenomist.ai/altlayer,False,partial_coverage_single_allocation
Grass,GRASS,GRASSUSDT,2025-11-28,2025-11-28T00:00:00+00:00,1.0501,10500840.0,,Early Investors,linear,https://cryptorank.io/price/grass/vesting,https://tokenomist.ai/grass,False,partial_coverage_single_allocation
Portal,PORTAL,PORTALUSDT,2025-11-29,2025-11-29T00:00:00+00:00,1.173,11730000.0,,Team & Advisors,linear,https://cryptorank.io/price/portal-coin/vesting,https://tokenomist.ai/portal-coin,False,partial_coverage_single_allocation
Renzo,REZ,REZUSDT,2025-11-30,2025-11-30T00:00:00+00:00,2.367,236700000.0,,Investors,linear,https://cryptorank.io/price/renzo-protocol/vesting,https://tokenomist.ai/renzo-protocol,False,partial_coverage_single_allocation
EigenCloud,EIGEN,EIGENUSDT,2025-12-01,2025-12-01T00:00:00+00:00,1.0982,19749030.68,,Investors,linear,https://cryptorank.io/price/eigenlayer/vesting,https://tokenomist.ai/eigenlayer,False,partial_coverage_single_allocation
BounceBit,BB,BBUSDT,2025-12-13,2025-12-13T00:00:00+00:00,1.05,22050000.0,,Investors,linear,https://cryptorank.io/price/bouncebit/vesting,https://tokenomist.ai/bouncebit,False,partial_coverage_single_allocation
StarkNet,STRK,STRKUSDT,2025-12-15,2025-12-15T00:00:00+00:00,0.6692,66921576.0,,Early Contributors,linear,https://cryptorank.io/price/starknet/vesting,https://tokenomist.ai/starknet,False,partial_coverage_single_allocation
Arbitrum,ARB,ARBUSDT,2025-12-16,2025-12-16T00:00:00+00:00,0.5612,56116020.0,,Team & Advisors,linear,https://cryptorank.io/price/arbitrum/vesting,https://tokenomist.ai/arbitrum,False,partial_coverage_single_allocation
Merlin Chain,MERL,MERLUSDT,2025-12-19,2025-12-19T00:00:00+00:00,0.8332,17497200.0,,Ecosystem,linear,https://cryptorank.io/price/merlin-chain/vesting,https://tokenomist.ai/merlin-chain,False,partial_coverage_single_allocation
Pixels,PIXEL,PIXELUSDT,2025-12-19,2025-12-19T00:00:00+00:00,0.5573,27863000.0,,Ecosystem Rewards,linear,https://cryptorank.io/price/pixels/vesting,https://tokenomist.ai/pixels,False,partial_coverage_single_allocation
LayerZero,ZRO,ZROUSDT,2025-12-20,2025-12-20T00:00:00+00:00,1.3418,13417740.0,,Strategic Partners,linear,https://cryptorank.io/price/layerzero/vesting,https://tokenomist.ai/layerzero,False,partial_coverage_single_allocation
AltLayer,ALT,ALTUSDT,2025-12-25,2025-12-25T00:00:00+00:00,0.5227,52266500.0,,Foundation/Treasury,linear,https://cryptorank.io/price/altlayer/vesting,https://tokenomist.ai/altlayer,False,partial_coverage_single_allocation
Grass,GRASS,GRASSUSDT,2025-12-28,2025-12-28T00:00:00+00:00,1.0501,10500840.0,,Early Investors,linear,https://cryptorank.io/price/grass/vesting,https://tokenomist.ai/grass,False,partial_coverage_single_allocation
Portal,PORTAL,PORTALUSDT,2025-12-29,2025-12-29T00:00:00+00:00,1.173,11730000.0,,Team & Advisors,linear,https://cryptorank.io/price/portal-coin/vesting,https://tokenomist.ai/portal-coin,False,partial_coverage_single_allocation
Renzo,REZ,REZUSDT,2025-12-31,2025-12-31T00:00:00+00:00,2.367,236700000.0,,Investors,linear,https://cryptorank.io/price/renzo-protocol/vesting,https://tokenomist.ai/renzo-protocol,False,partial_coverage_single_allocation
EigenCloud,EIGEN,EIGENUSDT,2026-01-01,2026-01-01T00:00:00+00:00,1.0982,19749030.68,,Investors,linear,https://cryptorank.io/price/eigenlayer/vesting,https://tokenomist.ai/eigenlayer,False,partial_coverage_single_allocation
BounceBit,BB,BBUSDT,2026-01-13,2026-01-13T00:00:00+00:00,1.05,22050000.0,,Investors,linear,https://cryptorank.io/price/bouncebit/vesting,https://tokenomist.ai/bouncebit,False,partial_coverage_single_allocation
StarkNet,STRK,STRKUSDT,2026-01-15,2026-01-15T00:00:00+00:00,0.6692,66921576.0,,Early Contributors,linear,https://cryptorank.io/price/starknet/vesting,https://tokenomist.ai/starknet,False,partial_coverage_single_allocation
Arbitrum,ARB,ARBUSDT,2026-01-16,2026-01-16T00:00:00+00:00,0.5612,56116020.0,,Team & Advisors,linear,https://cryptorank.io/price/arbitrum/vesting,https://tokenomist.ai/arbitrum,False,partial_coverage_single_allocation
Ondo Finance,ONDO,ONDOUSDT,2026-01-18,2026-01-18T00:00:00+00:00,7.9192,792052170.84,,Ecosystem Growth,linear,https://cryptorank.io/price/ondo-finance/vesting,https://tokenomist.ai/ondo-finance,False,partial_coverage_single_allocation
Merlin Chain,MERL,MERLUSDT,2026-01-19,2026-01-19T00:00:00+00:00,0.8332,17497200.0,,Ecosystem,linear,https://cryptorank.io/price/merlin-chain/vesting,https://tokenomist.ai/merlin-chain,False,partial_coverage_single_allocation
Pixels,PIXEL,PIXELUSDT,2026-01-19,2026-01-19T00:00:00+00:00,0.5573,27863000.0,,Ecosystem Rewards,linear,https://cryptorank.io/price/pixels/vesting,https://tokenomist.ai/pixels,False,partial_coverage_single_allocation
LayerZero,ZRO,ZROUSDT,2026-01-20,2026-01-20T00:00:00+00:00,1.3418,13417740.0,,Strategic Partners,linear,https://cryptorank.io/price/layerzero/vesting,https://tokenomist.ai/layerzero,False,partial_coverage_single_allocation
AltLayer,ALT,ALTUSDT,2026-01-25,2026-01-25T00:00:00+00:00,0.5227,52266500.0,,Foundation/Treasury,linear,https://cryptorank.io/price/altlayer/vesting,https://tokenomist.ai/altlayer,False,partial_coverage_single_allocation
Grass,GRASS,GRASSUSDT,2026-01-28,2026-01-28T00:00:00+00:00,1.0501,10500840.0,,Early Investors,linear,https://cryptorank.io/price/grass/vesting,https://tokenomist.ai/grass,False,partial_coverage_single_allocation
Portal,PORTAL,PORTALUSDT,2026-01-29,2026-01-29T00:00:00+00:00,1.173,11730000.0,,Team & Advisors,linear,https://cryptorank.io/price/portal-coin/vesting,https://tokenomist.ai/portal-coin,False,partial_coverage_single_allocation
Renzo,REZ,REZUSDT,2026-01-31,2026-01-31T00:00:00+00:00,2.367,236700000.0,,Investors,linear,https://cryptorank.io/price/renzo-protocol/vesting,https://tokenomist.ai/renzo-protocol,False,partial_coverage_single_allocation
EigenCloud,EIGEN,EIGENUSDT,2026-02-01,2026-02-01T00:00:00+00:00,1.0982,19749030.68,,Investors,linear,https://cryptorank.io/price/eigenlayer/vesting,https://tokenomist.ai/eigenlayer,False,partial_coverage_single_allocation
BounceBit,BB,BBUSDT,2026-02-13,2026-02-13T00:00:00+00:00,1.05,22050000.0,,Investors,linear,https://cryptorank.io/price/bouncebit/vesting,https://tokenomist.ai/bouncebit,False,partial_coverage_single_allocation
StarkNet,STRK,STRKUSDT,2026-02-15,2026-02-15T00:00:00+00:00,0.6692,66921576.0,,Early Contributors,linear,https://cryptorank.io/price/starknet/vesting,https://tokenomist.ai/starknet,False,partial_coverage_single_allocation
Arbitrum,ARB,ARBUSDT,2026-02-16,2026-02-16T00:00:00+00:00,0.5612,56116020.0,,Team & Advisors,linear,https://cryptorank.io/price/arbitrum/vesting,https://tokenomist.ai/arbitrum,False,partial_coverage_single_allocation
Merlin Chain,MERL,MERLUSDT,2026-02-19,2026-02-19T00:00:00+00:00,0.8332,17497200.0,,Ecosystem,linear,https://cryptorank.io/price/merlin-chain/vesting,https://tokenomist.ai/merlin-chain,False,partial_coverage_single_allocation
Pixels,PIXEL,PIXELUSDT,2026-02-19,2026-02-19T00:00:00+00:00,0.5573,27863000.0,,Ecosystem Rewards,linear,https://cryptorank.io/price/pixels/vesting,https://tokenomist.ai/pixels,False,partial_coverage_single_allocation
LayerZero,ZRO,ZROUSDT,2026-02-20,2026-02-20T00:00:00+00:00,1.3418,13417740.0,,Strategic Partners,linear,https://cryptorank.io/price/layerzero/vesting,https://tokenomist.ai/layerzero,False,partial_coverage_single_allocation
AltLayer,ALT,ALTUSDT,2026-02-25,2026-02-25T00:00:00+00:00,0.5227,52266500.0,,Foundation/Treasury,linear,https://cryptorank.io/price/altlayer/vesting,https://tokenomist.ai/altlayer,False,partial_coverage_single_allocation
Grass,GRASS,GRASSUSDT,2026-02-28,2026-02-28T00:00:00+00:00,1.0501,10500840.0,,Early Investors,linear,https://cryptorank.io/price/grass/vesting,https://tokenomist.ai/grass,False,partial_coverage_single_allocation
Portal,PORTAL,PORTALUSDT,2026-02-28,2026-02-28T00:00:00+00:00,1.173,11730000.0,,Team & Advisors,linear,https://cryptorank.io/price/portal-coin/vesting,https://tokenomist.ai/portal-coin,False,partial_coverage_single_allocation
Renzo,REZ,REZUSDT,2026-02-28,2026-02-28T00:00:00+00:00,2.367,236700000.0,,Investors,linear,https://cryptorank.io/price/renzo-protocol/vesting,https://tokenomist.ai/renzo-protocol,False,partial_coverage_single_allocation
EigenCloud,EIGEN,EIGENUSDT,2026-03-01,2026-03-01T00:00:00+00:00,1.0982,19749030.68,,Investors,linear,https://cryptorank.io/price/eigenlayer/vesting,https://tokenomist.ai/eigenlayer,False,partial_coverage_single_allocation
BounceBit,BB,BBUSDT,2026-03-13,2026-03-13T00:00:00+00:00,1.05,22050000.0,,Investors,linear,https://cryptorank.io/price/bouncebit/vesting,https://tokenomist.ai/bouncebit,False,partial_coverage_single_allocation
StarkNet,STRK,STRKUSDT,2026-03-15,2026-03-15T00:00:00+00:00,0.6692,66921576.0,,Early Contributors,linear,https://cryptorank.io/price/starknet/vesting,https://tokenomist.ai/starknet,False,partial_coverage_single_allocation
Arbitrum,ARB,ARBUSDT,2026-03-16,2026-03-16T00:00:00+00:00,0.5612,56116020.0,,Team & Advisors,linear,https://cryptorank.io/price/arbitrum/vesting,https://tokenomist.ai/arbitrum,False,partial_coverage_single_allocation
Merlin Chain,MERL,MERLUSDT,2026-03-19,2026-03-19T00:00:00+00:00,0.8332,17497200.0,,Ecosystem,linear,https://cryptorank.io/price/merlin-chain/vesting,https://tokenomist.ai/merlin-chain,False,partial_coverage_single_allocation
Pixels,PIXEL,PIXELUSDT,2026-03-19,2026-03-19T00:00:00+00:00,0.5573,27863000.0,,Ecosystem Rewards,linear,https://cryptorank.io/price/pixels/vesting,https://tokenomist.ai/pixels,False,partial_coverage_single_allocation
LayerZero,ZRO,ZROUSDT,2026-03-20,2026-03-20T00:00:00+00:00,1.3418,13417740.0,,Strategic Partners,linear,https://cryptorank.io/price/layerzero/vesting,https://tokenomist.ai/layerzero,False,partial_coverage_single_allocation
AltLayer,ALT,ALTUSDT,2026-03-25,2026-03-25T00:00:00+00:00,0.5227,52266500.0,,Foundation/Treasury,linear,https://cryptorank.io/price/altlayer/vesting,https://tokenomist.ai/altlayer,False,partial_coverage_single_allocation
Portal,PORTAL,PORTALUSDT,2026-03-29,2026-03-29T00:00:00+00:00,1.173,11730000.0,,Team & Advisors,linear,https://cryptorank.io/price/portal-coin/vesting,https://tokenomist.ai/portal-coin,False,partial_coverage_single_allocation
Grass,GRASS,GRASSUSDT,2026-03-31,2026-03-31T00:00:00+00:00,1.0501,10500840.0,,Early Investors,linear,https://cryptorank.io/price/grass/vesting,https://tokenomist.ai/grass,False,partial_coverage_single_allocation
Renzo,REZ,REZUSDT,2026-03-31,2026-03-31T00:00:00+00:00,2.367,236700000.0,,Investors,linear,https://cryptorank.io/price/renzo-protocol/vesting,https://tokenomist.ai/renzo-protocol,False,partial_coverage_single_allocation
EigenCloud,EIGEN,EIGENUSDT,2026-04-01,2026-04-01T00:00:00+00:00,1.0982,19749030.68,,Investors,linear,https://cryptorank.io/price/eigenlayer/vesting,https://tokenomist.ai/eigenlayer,False,partial_coverage_single_allocation
BounceBit,BB,BBUSDT,2026-04-13,2026-04-13T00:00:00+00:00,1.05,22050000.0,,Investors,linear,https://cryptorank.io/price/bouncebit/vesting,https://tokenomist.ai/bouncebit,False,partial_coverage_single_allocation
StarkNet,STRK,STRKUSDT,2026-04-15,2026-04-15T00:00:00+00:00,0.6692,66921576.0,,Early Contributors,linear,https://cryptorank.io/price/starknet/vesting,https://tokenomist.ai/starknet,False,partial_coverage_single_allocation
Arbitrum,ARB,ARBUSDT,2026-04-16,2026-04-16T00:00:00+00:00,0.5612,56116020.0,,Team & Advisors,linear,https://cryptorank.io/price/arbitrum/vesting,https://tokenomist.ai/arbitrum,False,partial_coverage_single_allocation
Merlin Chain,MERL,MERLUSDT,2026-04-19,2026-04-19T00:00:00+00:00,0.8332,17497200.0,,Ecosystem,linear,https://cryptorank.io/price/merlin-chain/vesting,https://tokenomist.ai/merlin-chain,False,partial_coverage_single_allocation
Pixels,PIXEL,PIXELUSDT,2026-04-19,2026-04-19T00:00:00+00:00,0.5573,27863000.0,,Ecosystem Rewards,linear,https://cryptorank.io/price/pixels/vesting,https://tokenomist.ai/pixels,False,partial_coverage_single_allocation
LayerZero,ZRO,ZROUSDT,2026-04-20,2026-04-20T00:00:00+00:00,1.3418,13417740.0,,Strategic Partners,linear,https://cryptorank.io/price/layerzero/vesting,https://tokenomist.ai/layerzero,False,partial_coverage_single_allocation
AltLayer,ALT,ALTUSDT,2026-04-25,2026-04-25T00:00:00+00:00,0.5227,52266500.0,,Foundation/Treasury,linear,https://cryptorank.io/price/altlayer/vesting,https://tokenomist.ai/altlayer,False,partial_coverage_single_allocation
Portal,PORTAL,PORTALUSDT,2026-04-29,2026-04-29T00:00:00+00:00,1.173,11730000.0,,Team & Advisors,linear,https://cryptorank.io/price/portal-coin/vesting,https://tokenomist.ai/portal-coin,False,partial_coverage_single_allocation
Grass,GRASS,GRASSUSDT,2026-04-30,2026-04-30T00:00:00+00:00,1.0501,10500840.0,,Early Investors,linear,https://cryptorank.io/price/grass/vesting,https://tokenomist.ai/grass,False,partial_coverage_single_allocation
Renzo,REZ,REZUSDT,2026-04-30,2026-04-30T00:00:00+00:00,2.367,236700000.0,,Investors,linear,https://cryptorank.io/price/renzo-protocol/vesting,https://tokenomist.ai/renzo-protocol,False,partial_coverage_single_allocation
EigenCloud,EIGEN,EIGENUSDT,2026-05-01,2026-05-01T00:00:00+00:00,1.0982,19749030.68,,Investors,linear,https://cryptorank.io/price/eigenlayer/vesting,https://tokenomist.ai/eigenlayer,False,partial_coverage_single_allocation
BounceBit,BB,BBUSDT,2026-05-13,2026-05-13T00:00:00+00:00,1.05,22050000.0,,Investors,linear,https://cryptorank.io/price/bouncebit/vesting,https://tokenomist.ai/bouncebit,False,partial_coverage_single_allocation
StarkNet,STRK,STRKUSDT,2026-05-15,2026-05-15T00:00:00+00:00,0.6692,66921576.0,,Early Contributors,linear,https://cryptorank.io/price/starknet/vesting,https://tokenomist.ai/starknet,False,partial_coverage_single_allocation
Arbitrum,ARB,ARBUSDT,2026-05-16,2026-05-16T00:00:00+00:00,0.5612,56116020.0,,Team & Advisors,linear,https://cryptorank.io/price/arbitrum/vesting,https://tokenomist.ai/arbitrum,False,partial_coverage_single_allocation
